match_id;date;stage;player_id;player_name;team;opponent;position;age;started;minutes_played;goals;assists;pass_accuracy_pct;tackles;interceptions;saves;match_rating
M001;11/06/2026;Group Stage;P00093;Miguel Schmidt;Belgium;Mexico;GK;25;TRUE;87;0;0;78.2;0;0;0;6.6
M001;11/06/2026;Group Stage;P00100;Marco Kim;Belgium;Mexico;DEF;24;TRUE;85;0;0;85.3;3;3;0;6.5
M001;11/06/2026;Group Stage;P00102;Yuki Larsen;Belgium;Mexico;DEF;27;TRUE;82;1;0;87.9;1;2;0;7.3
M001;11/06/2026;Group Stage;P00105;Diego Alves;Belgium;Mexico;MID;27;TRUE;84;0;0;95.9;0;0;0;6.0
M001;11/06/2026;Group Stage;P00114;Omar Kim;Belgium;Mexico;FWD;28;TRUE;88;0;0;95.5;2;1;0;6.8
M001;11/06/2026;Group Stage;P00096;Gabriel Eriksen;Belgium;Mexico;DEF;25;TRUE;74;0;0;89.3;1;1;0;6.6
M001;11/06/2026;Group Stage;P00097;Chidi Tanaka;Belgium;Mexico;DEF;35;TRUE;90;0;0;95.1;2;0;0;6.1
M001;11/06/2026;Group Stage;P00107;Marco Silva;Belgium;Mexico;MID;31;TRUE;89;0;0;93.2;3;0;0;6.6
M001;11/06/2026;Group Stage;P00109;Luca Rossi;Belgium;Mexico;MID;32;TRUE;89;0;0;91.0;1;1;0;6.6
M001;11/06/2026;Group Stage;P00104;Nikolai Fernandez;Belgium;Mexico;MID;20;TRUE;78;0;1;86.5;0;0;0;7.5
M001;11/06/2026;Group Stage;P00112;Ismael Benali;Belgium;Mexico;FWD;27;TRUE;76;1;0;86.6;4;0;0;7.9
M001;11/06/2026;Group Stage;P00098;Pedro Yilmaz;Belgium;Mexico;DEF;29;FALSE;25;0;0;82.5;1;0;0;6.5
M001;11/06/2026;Group Stage;P00113;Rafael Nakamura;Belgium;Mexico;FWD;30;FALSE;16;1;0;74.7;0;0;0;6.6
M001;11/06/2026;Group Stage;P00108;Miguel Johnson;Belgium;Mexico;MID;26;FALSE;20;0;2;78.8;2;0;0;8.4
M001;11/06/2026;Group Stage;P00101;Ismael Popov;Belgium;Mexico;DEF;22;FALSE;29;0;0;88.1;3;2;0;6.7
M001;11/06/2026;Group Stage;P00110;Tomas Cruz;Belgium;Mexico;MID;24;FALSE;15;0;0;99.0;1;0;0;6.6
M001;11/06/2026;Group Stage;P00103;Mateus Novak;Belgium;Mexico;DEF;27;FALSE;27;0;0;76.5;1;1;0;6.4
M001;11/06/2026;Group Stage;P00115;Diego Dubois;Belgium;Mexico;FWD;21;FALSE;8;1;1;75.4;0;0;0;8.9
M001;11/06/2026;Group Stage;P00624;Leon Mbeki;Mexico;Belgium;GK;20;TRUE;83;0;0;67.4;0;0;5;6.4
M001;11/06/2026;Group Stage;P00644;Marcus Souza;Mexico;Belgium;FWD;22;TRUE;84;0;0;88.5;1;0;0;6.6
M001;11/06/2026;Group Stage;P00625;Miguel Diallo;Mexico;Belgium;DEF;28;TRUE;90;0;0;84.3;2;1;0;7.0
M001;11/06/2026;Group Stage;P00636;Marcus Nkomo;Mexico;Belgium;MID;21;TRUE;90;0;0;83.6;1;0;0;5.9
M001;11/06/2026;Group Stage;P00641;Samuel Schmidt;Mexico;Belgium;FWD;26;TRUE;83;0;0;91.8;3;0;0;5.7
M001;11/06/2026;Group Stage;P00639;Lucas Rossi;Mexico;Belgium;MID;25;TRUE;86;0;1;87.0;2;1;0;7.4
M001;11/06/2026;Group Stage;P00633;Miguel Nkomo;Mexico;Belgium;MID;30;TRUE;88;1;0;93.1;1;2;0;7.2
M001;11/06/2026;Group Stage;P00626;Victor Martins;Mexico;Belgium;DEF;28;TRUE;83;0;0;99.0;3;0;0;7.1
M001;11/06/2026;Group Stage;P00638;Rafael Andersson;Mexico;Belgium;MID;20;TRUE;90;0;0;94.8;2;1;0;6.3
M001;11/06/2026;Group Stage;P00630;Yusuf Fernandez;Mexico;Belgium;DEF;31;TRUE;77;0;0;97.2;1;1;0;6.2
M001;11/06/2026;Group Stage;P00628;Omar Balde;Mexico;Belgium;DEF;27;TRUE;90;0;0;93.3;1;1;0;6.7
M001;11/06/2026;Group Stage;P00635;Gabriel Popov;Mexico;Belgium;MID;28;FALSE;12;0;0;74.3;2;0;0;6.5
M001;11/06/2026;Group Stage;P00637;Lucas Johnson;Mexico;Belgium;MID;23;FALSE;8;0;0;90.5;2;0;0;6.5
M001;11/06/2026;Group Stage;P00627;Luca Yilmaz;Mexico;Belgium;DEF;22;FALSE;22;0;0;81.5;0;1;0;6.4
M001;11/06/2026;Group Stage;P00631;Yusuf Dubois;Mexico;Belgium;DEF;25;FALSE;12;0;0;72.7;0;1;0;5.4
M001;11/06/2026;Group Stage;P00640;Elias Torres;Mexico;Belgium;MID;30;FALSE;27;0;0;85.4;1;1;0;6.3
M001;11/06/2026;Group Stage;P00632;Ivan Popov;Mexico;Belgium;DEF;25;FALSE;8;0;0;92.8;1;1;0;6.8
M001;11/06/2026;Group Stage;P00634;Carlos Tanaka;Mexico;Belgium;MID;25;FALSE;26;0;0;81.5;2;1;0;6.2
M002;11/06/2026;Group Stage;P00737;Lucas Silva;Paraguay;Curacao;GK;23;TRUE;74;0;0;69.9;0;0;3;6.9
M002;11/06/2026;Group Stage;P00747;Jonas Petit;Paraguay;Curacao;DEF;27;TRUE;68;0;0;86.1;0;0;0;7.1
M002;11/06/2026;Group Stage;P00742;Marcus Reyes;Paraguay;Curacao;DEF;19;TRUE;83;0;0;97.8;4;0;0;5.5
M002;11/06/2026;Group Stage;P00759;Ivan Bakker;Paraguay;Curacao;FWD;23;TRUE;90;0;0;85.6;0;2;0;6.5
M002;11/06/2026;Group Stage;P00745;Kofi Balde;Paraguay;Curacao;DEF;18;TRUE;77;0;0;85.9;2;1;0;6.8
M002;11/06/2026;Group Stage;P00756;Ismael Reyes;Paraguay;Curacao;FWD;31;TRUE;80;0;0;85.9;2;1;0;6.9
M002;11/06/2026;Group Stage;P00741;Yuki Yilmaz;Paraguay;Curacao;DEF;27;TRUE;81;0;0;87.4;0;3;0;5.7
M002;11/06/2026;Group Stage;P00744;Erik Kovacevic;Paraguay;Curacao;DEF;22;TRUE;84;0;0;82.6;3;2;0;5.6
M002;11/06/2026;Group Stage;P00753;Pedro Garcia;Paraguay;Curacao;MID;24;TRUE;81;0;0;77.5;3;0;0;5.6
M002;11/06/2026;Group Stage;P00748;Ismael Tanaka;Paraguay;Curacao;MID;34;TRUE;77;0;0;95.9;4;2;0;6.0
M002;11/06/2026;Group Stage;P00740;Ruben Fernandez;Paraguay;Curacao;DEF;26;TRUE;81;0;0;97.8;1;1;0;5.9
M002;11/06/2026;Group Stage;P00743;Ali Larsen;Paraguay;Curacao;DEF;29;FALSE;21;0;0;76.9;1;1;0;6.6
M002;11/06/2026;Group Stage;P00746;Gabriel Martins;Paraguay;Curacao;DEF;23;FALSE;20;0;0;92.7;0;0;0;5.7
M002;11/06/2026;Group Stage;P00750;Tarek Almeida;Paraguay;Curacao;MID;20;FALSE;11;0;0;92.6;2;0;0;5.7
M002;11/06/2026;Group Stage;P00749;Alex Kim;Paraguay;Curacao;MID;24;FALSE;11;0;0;90.1;0;0;0;6.1
M002;11/06/2026;Group Stage;P00758;Gabriel Novak;Paraguay;Curacao;FWD;23;FALSE;28;0;0;88.2;0;0;0;5.6
M002;11/06/2026;Group Stage;P00751;Carlos Sato;Paraguay;Curacao;MID;34;FALSE;7;0;0;85.2;0;1;0;5.7
M002;11/06/2026;Group Stage;P00755;Karim Farah;Paraguay;Curacao;MID;21;FALSE;12;0;0;90.2;1;1;0;6.1
M002;11/06/2026;Group Stage;P00279;Kwame Silva;Curacao;Paraguay;GK;18;TRUE;75;0;0;66.2;0;0;2;6.5
M002;11/06/2026;Group Stage;P00287;Elias Almeida;Curacao;Paraguay;DEF;27;TRUE;81;0;0;82.1;1;0;0;5.7
M002;11/06/2026;Group Stage;P00294;Adama Diallo;Curacao;Paraguay;MID;22;TRUE;80;0;0;87.0;2;3;0;6.3
M002;11/06/2026;Group Stage;P00283;Samuel Costa;Curacao;Paraguay;DEF;18;TRUE;88;1;0;94.0;2;2;0;7.7
M002;11/06/2026;Group Stage;P00291;Bruno Larsen;Curacao;Paraguay;MID;27;TRUE;74;0;0;95.6;1;2;0;5.8
M002;11/06/2026;Group Stage;P00297;Ismael Mbeki;Curacao;Paraguay;FWD;33;TRUE;77;0;0;86.4;2;1;0;6.8
M002;11/06/2026;Group Stage;P00296;Carlos Rossi;Curacao;Paraguay;FWD;30;TRUE;75;0;0;89.0;3;2;0;5.9
M002;11/06/2026;Group Stage;P00282;Erik Bakker;Curacao;Paraguay;DEF;18;TRUE;90;0;0;76.4;0;2;0;6.5
M002;11/06/2026;Group Stage;P00280;Luca Wagner;Curacao;Paraguay;DEF;29;TRUE;90;0;0;78.3;3;1;0;6.6
M002;11/06/2026;Group Stage;P00284;Nikolai Muller;Curacao;Paraguay;DEF;25;TRUE;90;0;0;78.0;1;1;0;6.6
M002;11/06/2026;Group Stage;P00281;Jonas Reyes;Curacao;Paraguay;DEF;23;TRUE;89;0;0;89.5;3;3;0;6.4
M002;11/06/2026;Group Stage;P00295;Yuki Hassan;Curacao;Paraguay;MID;24;FALSE;13;0;0;71.3;0;1;0;6.1
M002;11/06/2026;Group Stage;P00299;Lucas Tanaka;Curacao;Paraguay;FWD;32;FALSE;17;0;0;68.4;1;0;0;5.8
M002;11/06/2026;Group Stage;P00290;Tomas Horvat;Curacao;Paraguay;MID;29;FALSE;28;0;0;84.0;2;1;0;6.4
M002;11/06/2026;Group Stage;P00285;Ali Balde;Curacao;Paraguay;DEF;29;FALSE;14;0;0;83.7;0;1;0;6.1
M002;11/06/2026;Group Stage;P00293;Ismael Hassan;Curacao;Paraguay;MID;31;FALSE;27;0;0;88.0;1;0;0;6.3
M002;11/06/2026;Group Stage;P00292;Tarek Wagner;Curacao;Paraguay;MID;25;FALSE;28;0;0;85.6;2;1;0;6.3
M002;11/06/2026;Group Stage;P00289;Leon Souza;Curacao;Paraguay;MID;20;FALSE;12;0;0;88.7;1;0;0;6.0
M003;12/06/2026;Group Stage;P00095;Jonas Cruz;Belgium;Paraguay;GK;23;TRUE;90;0;0;80.5;0;0;1;6.6
M003;12/06/2026;Group Stage;P00114;Omar Kim;Belgium;Paraguay;FWD;28;TRUE;81;1;0;99.0;0;0;0;7.1
M003;12/06/2026;Group Stage;P00103;Mateus Novak;Belgium;Paraguay;DEF;27;TRUE;84;0;0;90.5;4;1;0;5.5
M003;12/06/2026;Group Stage;P00115;Diego Dubois;Belgium;Paraguay;FWD;21;TRUE;85;0;0;93.9;1;1;0;6.7
M003;12/06/2026;Group Stage;P00100;Marco Kim;Belgium;Paraguay;DEF;24;TRUE;90;0;0;87.6;0;1;0;6.3
M003;12/06/2026;Group Stage;P00110;Tomas Cruz;Belgium;Paraguay;MID;24;TRUE;68;0;0;92.6;0;1;0;6.5
M003;12/06/2026;Group Stage;P00107;Marco Silva;Belgium;Paraguay;MID;31;TRUE;80;0;0;97.8;0;0;0;6.5
M003;12/06/2026;Group Stage;P00102;Yuki Larsen;Belgium;Paraguay;DEF;27;TRUE;89;0;0;88.0;1;2;0;6.7
M003;12/06/2026;Group Stage;P00098;Pedro Yilmaz;Belgium;Paraguay;DEF;29;TRUE;90;0;0;86.7;2;1;0;5.7
M003;12/06/2026;Group Stage;P00096;Gabriel Eriksen;Belgium;Paraguay;DEF;25;TRUE;83;0;0;93.1;0;0;0;5.8
M003;12/06/2026;Group Stage;P00106;Kofi Tanaka;Belgium;Paraguay;MID;23;TRUE;90;0;0;84.2;2;0;0;6.4
M003;12/06/2026;Group Stage;P00109;Luca Rossi;Belgium;Paraguay;MID;32;FALSE;17;1;1;80.6;0;0;0;7.5
M003;12/06/2026;Group Stage;P00113;Rafael Nakamura;Belgium;Paraguay;FWD;30;FALSE;13;2;1;85.4;0;0;0;8.0
M003;12/06/2026;Group Stage;P00097;Chidi Tanaka;Belgium;Paraguay;DEF;35;FALSE;6;0;0;86.8;0;0;0;6.7
M003;12/06/2026;Group Stage;P00104;Nikolai Fernandez;Belgium;Paraguay;MID;20;FALSE;17;0;0;89.1;1;0;0;5.7
M003;12/06/2026;Group Stage;P00111;Felix Johnson;Belgium;Paraguay;MID;24;FALSE;28;1;0;86.2;2;0;0;6.7
M003;12/06/2026;Group Stage;P00101;Ismael Popov;Belgium;Paraguay;DEF;22;FALSE;5;0;0;76.3;0;1;0;5.8
M003;12/06/2026;Group Stage;P00105;Diego Alves;Belgium;Paraguay;MID;27;FALSE;9;1;0;75.9;0;0;0;7.7
M003;12/06/2026;Group Stage;P00737;Lucas Silva;Paraguay;Belgium;GK;23;TRUE;78;0;0;78.5;0;0;6;6.5
M003;12/06/2026;Group Stage;P00750;Tarek Almeida;Paraguay;Belgium;MID;20;TRUE;78;0;0;85.3;2;2;0;6.2
M003;12/06/2026;Group Stage;P00756;Ismael Reyes;Paraguay;Belgium;FWD;31;TRUE;81;0;0;83.5;2;2;0;4.9
M003;12/06/2026;Group Stage;P00744;Erik Kovacevic;Paraguay;Belgium;DEF;22;TRUE;85;0;0;84.7;0;2;0;6.4
M003;12/06/2026;Group Stage;P00751;Carlos Sato;Paraguay;Belgium;MID;34;TRUE;85;0;0;79.8;5;1;0;6.2
M003;12/06/2026;Group Stage;P00747;Jonas Petit;Paraguay;Belgium;DEF;27;TRUE;90;0;0;91.9;3;3;0;5.4
M003;12/06/2026;Group Stage;P00753;Pedro Garcia;Paraguay;Belgium;MID;24;TRUE;90;0;0;85.9;2;2;0;6.0
M003;12/06/2026;Group Stage;P00746;Gabriel Martins;Paraguay;Belgium;DEF;23;TRUE;85;0;0;92.6;2;2;0;5.6
M003;12/06/2026;Group Stage;P00759;Ivan Bakker;Paraguay;Belgium;FWD;23;TRUE;73;0;0;81.1;2;5;0;6.5
M003;12/06/2026;Group Stage;P00752;Yusuf Mbeki;Paraguay;Belgium;MID;26;TRUE;81;0;0;87.6;3;2;0;5.8
M003;12/06/2026;Group Stage;P00740;Ruben Fernandez;Paraguay;Belgium;DEF;26;TRUE;90;0;0;87.9;3;0;0;5.6
M003;12/06/2026;Group Stage;P00749;Alex Kim;Paraguay;Belgium;MID;24;FALSE;12;0;0;75.9;1;1;0;6.3
M003;12/06/2026;Group Stage;P00742;Marcus Reyes;Paraguay;Belgium;DEF;19;FALSE;23;0;0;82.2;0;3;0;6.8
M003;12/06/2026;Group Stage;P00743;Ali Larsen;Paraguay;Belgium;DEF;29;FALSE;23;0;0;87.3;1;0;0;6.1
M003;12/06/2026;Group Stage;P00741;Yuki Yilmaz;Paraguay;Belgium;DEF;27;FALSE;7;0;0;78.6;0;0;0;6.5
M003;12/06/2026;Group Stage;P00755;Karim Farah;Paraguay;Belgium;MID;21;FALSE;18;0;0;72.5;2;0;0;5.7
M003;12/06/2026;Group Stage;P00745;Kofi Balde;Paraguay;Belgium;DEF;18;FALSE;7;0;0;78.7;0;1;0;6.3
M003;12/06/2026;Group Stage;P00757;Sven Haddad;Paraguay;Belgium;FWD;24;FALSE;28;0;0;79.8;0;0;0;6.3
M004;12/06/2026;Group Stage;P00624;Leon Mbeki;Mexico;Curacao;GK;20;TRUE;69;0;0;76.5;0;0;4;6.0
M004;12/06/2026;Group Stage;P00625;Miguel Diallo;Mexico;Curacao;DEF;28;TRUE;76;0;1;88.7;5;0;0;7.5
M004;12/06/2026;Group Stage;P00632;Ivan Popov;Mexico;Curacao;DEF;25;TRUE;86;0;0;79.7;3;0;0;5.7
M004;12/06/2026;Group Stage;P00629;Erik Popov;Mexico;Curacao;DEF;20;TRUE;76;0;0;83.6;3;0;0;7.1
M004;12/06/2026;Group Stage;P00638;Rafael Andersson;Mexico;Curacao;MID;20;TRUE;84;0;0;83.7;0;1;0;5.4
M004;12/06/2026;Group Stage;P00637;Lucas Johnson;Mexico;Curacao;MID;23;TRUE;65;0;0;82.7;2;1;0;6.4
M004;12/06/2026;Group Stage;P00640;Elias Torres;Mexico;Curacao;MID;30;TRUE;81;0;0;74.9;1;0;0;6.8
M004;12/06/2026;Group Stage;P00643;Ivan Farah;Mexico;Curacao;FWD;21;TRUE;82;0;0;87.5;2;1;0;6.5
M004;12/06/2026;Group Stage;P00635;Gabriel Popov;Mexico;Curacao;MID;28;TRUE;85;0;0;84.5;0;1;0;7.1
M004;12/06/2026;Group Stage;P00644;Marcus Souza;Mexico;Curacao;FWD;22;TRUE;90;0;0;86.7;2;0;0;6.6
M004;12/06/2026;Group Stage;P00636;Marcus Nkomo;Mexico;Curacao;MID;21;TRUE;78;0;0;88.8;4;2;0;7.1
M004;12/06/2026;Group Stage;P00626;Victor Martins;Mexico;Curacao;DEF;28;FALSE;16;0;0;79.6;0;0;0;6.1
M004;12/06/2026;Group Stage;P00631;Yusuf Dubois;Mexico;Curacao;DEF;25;FALSE;25;0;0;88.7;2;1;0;5.6
M004;12/06/2026;Group Stage;P00641;Samuel Schmidt;Mexico;Curacao;FWD;26;FALSE;26;1;0;89.1;1;0;0;7.5
M004;12/06/2026;Group Stage;P00633;Miguel Nkomo;Mexico;Curacao;MID;30;FALSE;7;0;0;80.4;1;0;0;5.3
M004;12/06/2026;Group Stage;P00639;Lucas Rossi;Mexico;Curacao;MID;25;FALSE;27;0;0;85.9;0;0;0;5.7
M004;12/06/2026;Group Stage;P00642;Ismael Sato;Mexico;Curacao;FWD;29;FALSE;21;0;0;86.0;0;0;0;6.4
M004;12/06/2026;Group Stage;P00634;Carlos Tanaka;Mexico;Curacao;MID;25;FALSE;15;0;0;75.0;0;0;0;5.5
M004;12/06/2026;Group Stage;P00278;Andres Diallo;Curacao;Mexico;GK;24;TRUE;88;0;0;68.1;0;0;6;6.2
M004;12/06/2026;Group Stage;P00287;Elias Almeida;Curacao;Mexico;DEF;27;TRUE;87;0;0;89.1;2;1;0;6.4
M004;12/06/2026;Group Stage;P00281;Jonas Reyes;Curacao;Mexico;DEF;23;TRUE;90;0;0;87.9;2;0;0;6.7
M004;12/06/2026;Group Stage;P00289;Leon Souza;Curacao;Mexico;MID;20;TRUE;85;0;0;95.7;0;1;0;6.3
M004;12/06/2026;Group Stage;P00283;Samuel Costa;Curacao;Mexico;DEF;18;TRUE;83;0;0;84.2;2;2;0;6.4
M004;12/06/2026;Group Stage;P00297;Ismael Mbeki;Curacao;Mexico;FWD;33;TRUE;80;0;0;86.6;1;1;0;6.0
M004;12/06/2026;Group Stage;P00285;Ali Balde;Curacao;Mexico;DEF;29;TRUE;66;0;0;96.0;0;1;0;5.7
M004;12/06/2026;Group Stage;P00290;Tomas Horvat;Curacao;Mexico;MID;29;TRUE;80;0;0;82.1;1;0;0;5.7
M004;12/06/2026;Group Stage;P00282;Erik Bakker;Curacao;Mexico;DEF;18;TRUE;85;0;0;95.8;2;1;0;5.9
M004;12/06/2026;Group Stage;P00298;Karim Haddad;Curacao;Mexico;FWD;26;TRUE;82;0;0;90.5;0;2;0;6.4
M004;12/06/2026;Group Stage;P00280;Luca Wagner;Curacao;Mexico;DEF;29;TRUE;85;0;0;84.8;1;2;0;6.6
M004;12/06/2026;Group Stage;P00299;Lucas Tanaka;Curacao;Mexico;FWD;32;FALSE;8;0;0;79.2;3;1;0;5.5
M004;12/06/2026;Group Stage;P00296;Carlos Rossi;Curacao;Mexico;FWD;30;FALSE;14;0;0;86.9;0;0;0;6.6
M004;12/06/2026;Group Stage;P00292;Tarek Wagner;Curacao;Mexico;MID;25;FALSE;22;0;0;73.9;0;0;0;6.4
M004;12/06/2026;Group Stage;P00284;Nikolai Muller;Curacao;Mexico;DEF;25;FALSE;25;0;0;81.0;0;0;0;6.3
M004;12/06/2026;Group Stage;P00291;Bruno Larsen;Curacao;Mexico;MID;27;FALSE;22;0;0;87.8;1;2;0;5.5
M004;12/06/2026;Group Stage;P00295;Yuki Hassan;Curacao;Mexico;MID;24;FALSE;7;0;0;90.7;2;0;0;6.2
M004;12/06/2026;Group Stage;P00286;Yusuf Kamara;Curacao;Mexico;DEF;25;FALSE;7;0;0;77.0;1;1;0;6.0
M005;13/06/2026;Group Stage;P00094;Ahmed Souza;Belgium;Curacao;GK;25;TRUE;86;0;0;75.6;0;0;2;6.4
M005;13/06/2026;Group Stage;P00099;Sven Reyes;Belgium;Curacao;DEF;24;TRUE;68;0;0;87.3;3;2;0;6.1
M005;13/06/2026;Group Stage;P00112;Ismael Benali;Belgium;Curacao;FWD;27;TRUE;90;0;0;90.0;1;0;0;5.6
M005;13/06/2026;Group Stage;P00100;Marco Kim;Belgium;Curacao;DEF;24;TRUE;77;0;0;89.1;2;2;0;7.2
M005;13/06/2026;Group Stage;P00105;Diego Alves;Belgium;Curacao;MID;27;TRUE;89;0;0;79.7;4;2;0;6.3
M005;13/06/2026;Group Stage;P00109;Luca Rossi;Belgium;Curacao;MID;32;TRUE;78;0;0;79.3;1;1;0;6.1
M005;13/06/2026;Group Stage;P00114;Omar Kim;Belgium;Curacao;FWD;28;TRUE;82;0;0;86.5;1;0;0;6.4
M005;13/06/2026;Group Stage;P00113;Rafael Nakamura;Belgium;Curacao;FWD;30;TRUE;90;1;1;95.6;1;0;0;7.5
M005;13/06/2026;Group Stage;P00111;Felix Johnson;Belgium;Curacao;MID;24;TRUE;77;0;0;90.5;1;0;0;5.6
M005;13/06/2026;Group Stage;P00115;Diego Dubois;Belgium;Curacao;FWD;21;TRUE;76;1;0;91.2;1;0;0;7.1
M005;13/06/2026;Group Stage;P00097;Chidi Tanaka;Belgium;Curacao;DEF;35;TRUE;87;0;1;90.5;2;0;0;7.3
M005;13/06/2026;Group Stage;P00108;Miguel Johnson;Belgium;Curacao;MID;26;FALSE;10;0;0;79.5;2;0;0;7.1
M005;13/06/2026;Group Stage;P00103;Mateus Novak;Belgium;Curacao;DEF;27;FALSE;11;1;0;96.6;0;0;0;7.1
M005;13/06/2026;Group Stage;P00107;Marco Silva;Belgium;Curacao;MID;31;FALSE;18;0;1;80.0;3;2;0;6.4
M005;13/06/2026;Group Stage;P00110;Tomas Cruz;Belgium;Curacao;MID;24;FALSE;26;0;0;71.5;1;0;0;5.8
M005;13/06/2026;Group Stage;P00104;Nikolai Fernandez;Belgium;Curacao;MID;20;FALSE;16;0;0;92.9;1;1;0;6.0
M005;13/06/2026;Group Stage;P00106;Kofi Tanaka;Belgium;Curacao;MID;23;FALSE;6;0;0;86.4;1;2;0;6.5
M005;13/06/2026;Group Stage;P00098;Pedro Yilmaz;Belgium;Curacao;DEF;29;FALSE;14;0;0;75.7;0;1;0;5.8
M005;13/06/2026;Group Stage;P00279;Kwame Silva;Curacao;Belgium;GK;18;TRUE;85;0;0;66.8;0;0;5;5.5
M005;13/06/2026;Group Stage;P00295;Yuki Hassan;Curacao;Belgium;MID;24;TRUE;80;0;0;85.5;0;0;0;5.5
M005;13/06/2026;Group Stage;P00299;Lucas Tanaka;Curacao;Belgium;FWD;32;TRUE;83;0;0;85.3;1;4;0;6.4
M005;13/06/2026;Group Stage;P00289;Leon Souza;Curacao;Belgium;MID;20;TRUE;85;0;0;91.3;1;0;0;6.8
M005;13/06/2026;Group Stage;P00280;Luca Wagner;Curacao;Belgium;DEF;29;TRUE;90;0;0;70.1;2;1;0;6.1
M005;13/06/2026;Group Stage;P00287;Elias Almeida;Curacao;Belgium;DEF;27;TRUE;90;0;0;84.3;3;1;0;6.2
M005;13/06/2026;Group Stage;P00285;Ali Balde;Curacao;Belgium;DEF;29;TRUE;88;0;0;83.1;2;0;0;5.9
M005;13/06/2026;Group Stage;P00283;Samuel Costa;Curacao;Belgium;DEF;18;TRUE;88;0;0;91.0;0;0;0;7.6
M005;13/06/2026;Group Stage;P00293;Ismael Hassan;Curacao;Belgium;MID;31;TRUE;77;0;0;82.3;2;0;0;6.2
M005;13/06/2026;Group Stage;P00288;Adama Bakker;Curacao;Belgium;MID;21;TRUE;89;0;0;93.5;1;2;0;6.3
M005;13/06/2026;Group Stage;P00291;Bruno Larsen;Curacao;Belgium;MID;27;TRUE;80;0;0;87.5;1;1;0;6.5
M005;13/06/2026;Group Stage;P00294;Adama Diallo;Curacao;Belgium;MID;22;FALSE;18;0;0;84.6;0;1;0;6.1
M005;13/06/2026;Group Stage;P00298;Karim Haddad;Curacao;Belgium;FWD;26;FALSE;15;0;0;86.4;2;2;0;6.1
M005;13/06/2026;Group Stage;P00281;Jonas Reyes;Curacao;Belgium;DEF;23;FALSE;10;0;0;88.0;0;0;0;6.9
M005;13/06/2026;Group Stage;P00284;Nikolai Muller;Curacao;Belgium;DEF;25;FALSE;20;0;0;90.9;1;2;0;6.3
M005;13/06/2026;Group Stage;P00282;Erik Bakker;Curacao;Belgium;DEF;18;FALSE;10;0;0;92.2;0;0;0;5.8
M005;13/06/2026;Group Stage;P00292;Tarek Wagner;Curacao;Belgium;MID;25;FALSE;13;0;1;77.4;0;0;0;6.7
M005;13/06/2026;Group Stage;P00297;Ismael Mbeki;Curacao;Belgium;FWD;33;FALSE;23;1;0;90.2;1;0;0;7.0
M006;13/06/2026;Group Stage;P00623;Victor Tanaka;Mexico;Paraguay;GK;29;TRUE;90;0;0;58.1;0;0;6;6.5
M006;13/06/2026;Group Stage;P00634;Carlos Tanaka;Mexico;Paraguay;MID;25;TRUE;80;0;0;99.0;0;2;0;6.6
M006;13/06/2026;Group Stage;P00631;Yusuf Dubois;Mexico;Paraguay;DEF;25;TRUE;80;0;0;86.0;5;1;0;6.6
M006;13/06/2026;Group Stage;P00644;Marcus Souza;Mexico;Paraguay;FWD;22;TRUE;76;0;0;97.4;0;0;0;6.6
M006;13/06/2026;Group Stage;P00626;Victor Martins;Mexico;Paraguay;DEF;28;TRUE;82;0;0;88.0;2;3;0;6.0
M006;13/06/2026;Group Stage;P00625;Miguel Diallo;Mexico;Paraguay;DEF;28;TRUE;70;0;0;81.2;2;3;0;5.9
M006;13/06/2026;Group Stage;P00627;Luca Yilmaz;Mexico;Paraguay;DEF;22;TRUE;84;0;0;88.1;3;2;0;6.4
M006;13/06/2026;Group Stage;P00633;Miguel Nkomo;Mexico;Paraguay;MID;30;TRUE;73;0;0;83.2;0;2;0;5.5
M006;13/06/2026;Group Stage;P00641;Samuel Schmidt;Mexico;Paraguay;FWD;26;TRUE;68;0;0;79.1;2;1;0;6.7
M006;13/06/2026;Group Stage;P00642;Ismael Sato;Mexico;Paraguay;FWD;29;TRUE;89;0;0;84.3;0;0;0;7.0
M006;13/06/2026;Group Stage;P00630;Yusuf Fernandez;Mexico;Paraguay;DEF;31;TRUE;76;0;0;94.2;0;3;0;6.7
M006;13/06/2026;Group Stage;P00639;Lucas Rossi;Mexico;Paraguay;MID;25;FALSE;12;0;0;80.1;0;0;0;5.7
M006;13/06/2026;Group Stage;P00628;Omar Balde;Mexico;Paraguay;DEF;27;FALSE;6;0;0;88.4;0;2;0;5.9
M006;13/06/2026;Group Stage;P00638;Rafael Andersson;Mexico;Paraguay;MID;20;FALSE;24;0;0;86.6;2;0;0;6.1
M006;13/06/2026;Group Stage;P00643;Ivan Farah;Mexico;Paraguay;FWD;21;FALSE;5;0;0;85.4;0;2;0;5.5
M006;13/06/2026;Group Stage;P00635;Gabriel Popov;Mexico;Paraguay;MID;28;FALSE;12;0;0;84.7;0;1;0;7.3
M006;13/06/2026;Group Stage;P00632;Ivan Popov;Mexico;Paraguay;DEF;25;FALSE;22;0;0;88.5;1;1;0;6.5
M006;13/06/2026;Group Stage;P00640;Elias Torres;Mexico;Paraguay;MID;30;FALSE;18;0;0;78.8;1;2;0;5.5
M006;13/06/2026;Group Stage;P00739;Adama Ibrahim;Paraguay;Mexico;GK;29;TRUE;84;0;0;66.4;0;0;4;5.1
M006;13/06/2026;Group Stage;P00747;Jonas Petit;Paraguay;Mexico;DEF;27;TRUE;84;0;0;74.9;4;3;0;6.7
M006;13/06/2026;Group Stage;P00744;Erik Kovacevic;Paraguay;Mexico;DEF;22;TRUE;76;0;0;95.0;1;2;0;6.1
M006;13/06/2026;Group Stage;P00753;Pedro Garcia;Paraguay;Mexico;MID;24;TRUE;90;0;0;92.1;0;1;0;6.3
M006;13/06/2026;Group Stage;P00750;Tarek Almeida;Paraguay;Mexico;MID;20;TRUE;90;0;0;91.1;3;2;0;6.8
M006;13/06/2026;Group Stage;P00751;Carlos Sato;Paraguay;Mexico;MID;34;TRUE;88;0;0;96.3;2;2;0;6.6
M006;13/06/2026;Group Stage;P00742;Marcus Reyes;Paraguay;Mexico;DEF;19;TRUE;82;0;0;82.3;2;1;0;6.2
M006;13/06/2026;Group Stage;P00756;Ismael Reyes;Paraguay;Mexico;FWD;31;TRUE;90;0;0;77.7;1;0;0;6.5
M006;13/06/2026;Group Stage;P00743;Ali Larsen;Paraguay;Mexico;DEF;29;TRUE;90;0;0;92.4;3;1;0;5.2
M006;13/06/2026;Group Stage;P00749;Alex Kim;Paraguay;Mexico;MID;24;TRUE;73;0;0;80.5;0;1;0;6.5
M006;13/06/2026;Group Stage;P00755;Karim Farah;Paraguay;Mexico;MID;21;TRUE;90;0;0;90.5;1;0;0;6.5
M006;13/06/2026;Group Stage;P00748;Ismael Tanaka;Paraguay;Mexico;MID;34;FALSE;26;0;0;88.6;0;1;0;6.6
M006;13/06/2026;Group Stage;P00758;Gabriel Novak;Paraguay;Mexico;FWD;23;FALSE;22;1;0;88.5;1;0;0;6.6
M006;13/06/2026;Group Stage;P00741;Yuki Yilmaz;Paraguay;Mexico;DEF;27;FALSE;17;0;0;83.6;0;0;0;6.9
M006;13/06/2026;Group Stage;P00752;Yusuf Mbeki;Paraguay;Mexico;MID;26;FALSE;14;1;0;99.0;0;1;0;7.5
M006;13/06/2026;Group Stage;P00754;Chidi Souza;Paraguay;Mexico;MID;21;FALSE;12;0;0;78.8;0;1;0;6.0
M006;13/06/2026;Group Stage;P00746;Gabriel Martins;Paraguay;Mexico;DEF;23;FALSE;18;0;0;85.6;1;0;0;6.6
M006;13/06/2026;Group Stage;P00745;Kofi Balde;Paraguay;Mexico;DEF;18;FALSE;13;0;0;82.0;1;0;0;6.9
M007;14/06/2026;Group Stage;P00762;Lucas Mbeki;Portugal;Denmark;GK;28;TRUE;80;0;0;75.3;0;0;5;6.3
M007;14/06/2026;Group Stage;P00767;Miguel Petit;Portugal;Denmark;DEF;32;TRUE;79;0;0;97.1;2;3;0;6.5
M007;14/06/2026;Group Stage;P00776;Kwame Rossi;Portugal;Denmark;MID;29;TRUE;71;0;0;82.6;1;1;0;6.0
M007;14/06/2026;Group Stage;P00766;Luca Haddad;Portugal;Denmark;DEF;28;TRUE;72;0;0;82.2;1;0;0;6.1
M007;14/06/2026;Group Stage;P00763;Felix Alves;Portugal;Denmark;DEF;27;TRUE;90;0;0;89.9;1;1;0;7.2
M007;14/06/2026;Group Stage;P00781;Diego Mensah;Portugal;Denmark;FWD;26;TRUE;88;0;0;87.6;0;0;0;6.2
M007;14/06/2026;Group Stage;P00775;Kwame Souza;Portugal;Denmark;MID;20;TRUE;82;0;0;78.5;0;1;0;5.3
M007;14/06/2026;Group Stage;P00771;Marcus Fernandez;Portugal;Denmark;MID;26;TRUE;69;1;0;87.9;2;1;0;8.0
M007;14/06/2026;Group Stage;P00772;Julian Kovac;Portugal;Denmark;MID;24;TRUE;90;0;0;93.6;1;3;0;7.3
M007;14/06/2026;Group Stage;P00764;Felix Osei;Portugal;Denmark;DEF;26;TRUE;90;0;0;83.4;3;0;0;6.3
M007;14/06/2026;Group Stage;P00770;Mateus Weiss;Portugal;Denmark;DEF;20;TRUE;63;0;0;85.7;4;1;0;7.2
M007;14/06/2026;Group Stage;P00778;Omar Larsen;Portugal;Denmark;MID;25;FALSE;6;0;0;85.3;0;0;0;6.2
M007;14/06/2026;Group Stage;P00769;Marcus Toure;Portugal;Denmark;DEF;22;FALSE;28;0;0;91.2;2;2;0;6.4
M007;14/06/2026;Group Stage;P00782;Kwame Torres;Portugal;Denmark;FWD;22;FALSE;23;0;0;77.5;2;1;0;6.4
M007;14/06/2026;Group Stage;P00779;Daniel Kamara;Portugal;Denmark;FWD;26;FALSE;21;0;0;89.8;0;2;0;6.6
M007;14/06/2026;Group Stage;P00780;Marco Costa;Portugal;Denmark;FWD;29;FALSE;23;0;0;88.8;0;0;0;6.8
M007;14/06/2026;Group Stage;P00774;Gabriel Osei;Portugal;Denmark;MID;26;FALSE;27;0;1;98.9;2;1;0;6.7
M007;14/06/2026;Group Stage;P00765;Julian Silva;Portugal;Denmark;DEF;22;FALSE;12;0;0;85.8;1;0;0;6.1
M007;14/06/2026;Group Stage;P00325;Tarek Nakamura;Denmark;Portugal;GK;28;TRUE;80;0;0;63.8;0;0;4;6.0
M007;14/06/2026;Group Stage;P00340;Kwame Hassan;Denmark;Portugal;MID;25;TRUE;86;0;0;78.6;0;2;0;6.2
M007;14/06/2026;Group Stage;P00335;Luca Eriksen;Denmark;Portugal;MID;27;TRUE;83;0;0;80.9;0;0;0;7.2
M007;14/06/2026;Group Stage;P00337;Sven Souza;Denmark;Portugal;MID;27;TRUE;87;0;0;78.3;2;2;0;6.8
M007;14/06/2026;Group Stage;P00344;Luca Osei;Denmark;Portugal;FWD;23;TRUE;73;0;0;88.0;5;0;0;6.6
M007;14/06/2026;Group Stage;P00343;Yuki Osei;Denmark;Portugal;FWD;20;TRUE;77;1;1;80.7;1;2;0;8.7
M007;14/06/2026;Group Stage;P00332;Tarek Bakker;Denmark;Portugal;DEF;26;TRUE;76;0;0;85.5;1;0;0;6.7
M007;14/06/2026;Group Stage;P00334;Jonas Hassan;Denmark;Portugal;MID;20;TRUE;90;0;0;97.4;1;2;0;7.0
M007;14/06/2026;Group Stage;P00339;Ivan Kovac;Denmark;Portugal;MID;25;TRUE;80;0;0;88.4;1;1;0;7.3
M007;14/06/2026;Group Stage;P00342;Marco Sato;Denmark;Portugal;FWD;21;TRUE;76;0;0;81.2;3;1;0;5.5
M007;14/06/2026;Group Stage;P00345;Daniel Eriksen;Denmark;Portugal;FWD;21;TRUE;75;1;0;83.5;0;1;0;8.0
M007;14/06/2026;Group Stage;P00331;Noah Mensah;Denmark;Portugal;DEF;24;FALSE;28;0;0;90.9;0;0;0;6.2
M007;14/06/2026;Group Stage;P00326;Felix Torres;Denmark;Portugal;DEF;25;FALSE;13;0;0;94.9;0;0;0;7.3
M007;14/06/2026;Group Stage;P00336;Anders Farah;Denmark;Portugal;MID;20;FALSE;12;0;0;83.5;2;0;0;5.5
M007;14/06/2026;Group Stage;P00329;Hugo Wagner;Denmark;Portugal;DEF;29;FALSE;24;0;1;83.8;0;1;0;7.5
M007;14/06/2026;Group Stage;P00333;Ismael Haddad;Denmark;Portugal;DEF;23;FALSE;15;0;0;96.5;0;1;0;6.1
M007;14/06/2026;Group Stage;P00328;Elias Johnson;Denmark;Portugal;DEF;30;FALSE;20;0;0;96.2;0;1;0;6.0
M007;14/06/2026;Group Stage;P00327;Kevin Wagner;Denmark;Portugal;DEF;19;FALSE;14;0;0;91.5;0;0;0;6.1
M008;14/06/2026;Group Stage;P00831;Bruno Ferreira;Scotland;Congo DR;GK;23;TRUE;90;0;0;73.4;0;0;5;5.9
M008;14/06/2026;Group Stage;P00839;Erik Benali;Scotland;Congo DR;DEF;26;TRUE;66;0;0;88.4;3;3;0;7.0
M008;14/06/2026;Group Stage;P00834;Leon Torres;Scotland;Congo DR;DEF;25;TRUE;80;0;0;92.4;0;2;0;6.9
M008;14/06/2026;Group Stage;P00842;Noah Petit;Scotland;Congo DR;MID;24;TRUE;78;0;0;87.6;2;1;0;7.2
M008;14/06/2026;Group Stage;P00849;Adama Haddad;Scotland;Congo DR;FWD;28;TRUE;75;0;0;96.6;0;0;0;6.1
M008;14/06/2026;Group Stage;P00851;Jonas Osei;Scotland;Congo DR;FWD;23;TRUE;83;0;0;85.6;2;1;0;7.5
M008;14/06/2026;Group Stage;P00837;Kofi Kovacevic;Scotland;Congo DR;DEF;29;TRUE;86;0;0;87.0;3;2;0;6.3
M008;14/06/2026;Group Stage;P00835;Tarek Cruz;Scotland;Congo DR;DEF;23;TRUE;74;0;0;83.7;2;2;0;6.7
M008;14/06/2026;Group Stage;P00838;Ruben Schmidt;Scotland;Congo DR;DEF;21;TRUE;83;0;0;91.9;1;2;0;7.2
M008;14/06/2026;Group Stage;P00832;Gabriel Souza;Scotland;Congo DR;DEF;26;TRUE;90;0;0;96.7;2;2;0;5.9
M008;14/06/2026;Group Stage;P00843;Alex Petit;Scotland;Congo DR;MID;28;TRUE;90;1;0;86.0;0;0;0;7.7
M008;14/06/2026;Group Stage;P00833;Ruben Bakker;Scotland;Congo DR;DEF;26;FALSE;7;0;0;70.1;1;1;0;6.7
M008;14/06/2026;Group Stage;P00844;Yusuf Lopez;Scotland;Congo DR;MID;22;FALSE;29;0;0;73.9;0;2;0;6.8
M008;14/06/2026;Group Stage;P00847;Andres Novak;Scotland;Congo DR;MID;33;FALSE;22;0;0;90.5;0;0;0;5.8
M008;14/06/2026;Group Stage;P00840;Alex Muller;Scotland;Congo DR;MID;32;FALSE;28;0;0;73.4;0;0;0;5.4
M008;14/06/2026;Group Stage;P00848;Felix Ferreira;Scotland;Congo DR;FWD;19;FALSE;19;0;1;92.1;1;1;0;6.7
M008;14/06/2026;Group Stage;P00846;Ismael Muller;Scotland;Congo DR;MID;32;FALSE;23;0;0;91.6;1;1;0;6.2
M008;14/06/2026;Group Stage;P00841;Marco Larsen;Scotland;Congo DR;MID;28;FALSE;14;0;0;97.3;0;0;0;7.1
M008;14/06/2026;Group Stage;P00232;Pedro Horvat;Congo DR;Scotland;GK;23;TRUE;89;0;0;86.6;0;0;5;6.5
M008;14/06/2026;Group Stage;P00248;Marcus Andersson;Congo DR;Scotland;MID;23;TRUE;89;0;0;90.9;2;0;0;6.1
M008;14/06/2026;Group Stage;P00245;Nikolai Farah;Congo DR;Scotland;MID;28;TRUE;88;0;0;85.4;3;2;0;6.2
M008;14/06/2026;Group Stage;P00235;Lucas Kamara;Congo DR;Scotland;DEF;27;TRUE;86;0;0;89.0;2;3;0;6.5
M008;14/06/2026;Group Stage;P00252;Mohamed Lopez;Congo DR;Scotland;FWD;25;TRUE;85;0;0;77.0;2;0;0;6.3
M008;14/06/2026;Group Stage;P00253;Sergio Hassan;Congo DR;Scotland;FWD;25;TRUE;90;0;0;99.0;1;0;0;6.7
M008;14/06/2026;Group Stage;P00234;Adama Nasser;Congo DR;Scotland;DEF;26;TRUE;80;0;0;90.6;0;3;0;7.2
M008;14/06/2026;Group Stage;P00244;Thiago Ferreira;Congo DR;Scotland;MID;26;TRUE;72;0;0;84.0;0;2;0;5.5
M008;14/06/2026;Group Stage;P00251;Karim Lopez;Congo DR;Scotland;FWD;25;TRUE;85;0;0;87.3;0;2;0;5.5
M008;14/06/2026;Group Stage;P00242;Alex Nkomo;Congo DR;Scotland;MID;18;TRUE;72;0;0;83.9;3;0;0;6.0
M008;14/06/2026;Group Stage;P00237;Tarek Haddad;Congo DR;Scotland;DEF;30;TRUE;87;0;0;85.8;1;1;0;6.6
M008;14/06/2026;Group Stage;P00238;Jonas Popov;Congo DR;Scotland;DEF;24;FALSE;27;0;0;84.8;0;0;0;7.2
M008;14/06/2026;Group Stage;P00246;Luca Sato;Congo DR;Scotland;MID;21;FALSE;29;1;0;84.0;2;1;0;7.7
M008;14/06/2026;Group Stage;P00243;Luca Alves;Congo DR;Scotland;MID;31;FALSE;7;0;0;76.8;0;0;0;5.9
M008;14/06/2026;Group Stage;P00241;Kevin Garcia;Congo DR;Scotland;DEF;25;FALSE;10;0;0;91.4;1;1;0;5.8
M008;14/06/2026;Group Stage;P00240;Erik Diallo;Congo DR;Scotland;DEF;27;FALSE;12;0;0;88.1;2;1;0;6.7
M008;14/06/2026;Group Stage;P00249;Jonas Rossi;Congo DR;Scotland;MID;25;FALSE;19;0;0;88.4;0;2;0;6.4
M008;14/06/2026;Group Stage;P00250;Marco Garcia;Congo DR;Scotland;FWD;20;FALSE;5;0;0;86.8;0;0;0;6.8
M009;15/06/2026;Group Stage;P00761;Chidi Larsen;Portugal;Scotland;GK;23;TRUE;83;0;0;70.7;0;0;3;5.8
M009;15/06/2026;Group Stage;P00778;Omar Larsen;Portugal;Scotland;MID;25;TRUE;72;0;0;77.0;3;2;0;6.1
M009;15/06/2026;Group Stage;P00775;Kwame Souza;Portugal;Scotland;MID;20;TRUE;86;0;0;90.9;3;0;0;5.5
M009;15/06/2026;Group Stage;P00777;Anders Torres;Portugal;Scotland;MID;26;TRUE;90;0;0;87.7;3;2;0;6.5
M009;15/06/2026;Group Stage;P00773;Luca Mensah;Portugal;Scotland;MID;25;TRUE;85;0;0;99.0;3;2;0;5.6
M009;15/06/2026;Group Stage;P00765;Julian Silva;Portugal;Scotland;DEF;22;TRUE;79;0;0;93.9;2;2;0;6.8
M009;15/06/2026;Group Stage;P00782;Kwame Torres;Portugal;Scotland;FWD;22;TRUE;70;0;0;84.0;1;0;0;6.6
M009;15/06/2026;Group Stage;P00768;Tomas Popov;Portugal;Scotland;DEF;25;TRUE;83;0;0;99.0;4;1;0;6.4
M009;15/06/2026;Group Stage;P00776;Kwame Rossi;Portugal;Scotland;MID;29;TRUE;90;0;0;80.3;2;1;0;7.4
M009;15/06/2026;Group Stage;P00781;Diego Mensah;Portugal;Scotland;FWD;26;TRUE;81;0;0;91.9;2;2;0;7.0
M009;15/06/2026;Group Stage;P00764;Felix Osei;Portugal;Scotland;DEF;26;TRUE;75;0;0;91.5;0;2;0;6.5
M009;15/06/2026;Group Stage;P00770;Mateus Weiss;Portugal;Scotland;DEF;20;FALSE;23;0;0;83.5;0;0;0;5.8
M009;15/06/2026;Group Stage;P00779;Daniel Kamara;Portugal;Scotland;FWD;26;FALSE;10;0;0;82.8;1;0;0;6.2
M009;15/06/2026;Group Stage;P00767;Miguel Petit;Portugal;Scotland;DEF;32;FALSE;21;0;0;95.7;0;0;0;5.0
M009;15/06/2026;Group Stage;P00763;Felix Alves;Portugal;Scotland;DEF;27;FALSE;26;0;0;98.3;0;0;0;6.0
M009;15/06/2026;Group Stage;P00771;Marcus Fernandez;Portugal;Scotland;MID;26;FALSE;17;0;0;86.1;0;1;0;5.6
M009;15/06/2026;Group Stage;P00774;Gabriel Osei;Portugal;Scotland;MID;26;FALSE;7;0;0;97.1;1;1;0;5.8
M009;15/06/2026;Group Stage;P00780;Marco Costa;Portugal;Scotland;FWD;29;FALSE;13;0;0;80.5;1;0;0;6.1
M009;15/06/2026;Group Stage;P00831;Bruno Ferreira;Scotland;Portugal;GK;23;TRUE;83;0;0;76.6;0;0;7;6.1
M009;15/06/2026;Group Stage;P00845;Erik Muller;Scotland;Portugal;MID;26;TRUE;85;0;0;80.8;3;2;0;6.0
M009;15/06/2026;Group Stage;P00837;Kofi Kovacevic;Scotland;Portugal;DEF;29;TRUE;76;0;0;95.2;1;1;0;6.2
M009;15/06/2026;Group Stage;P00848;Felix Ferreira;Scotland;Portugal;FWD;19;TRUE;90;0;0;87.5;1;1;0;7.5
M009;15/06/2026;Group Stage;P00841;Marco Larsen;Scotland;Portugal;MID;28;TRUE;86;0;0;94.8;1;1;0;5.9
M009;15/06/2026;Group Stage;P00838;Ruben Schmidt;Scotland;Portugal;DEF;21;TRUE;90;0;0;83.2;4;1;0;7.0
M009;15/06/2026;Group Stage;P00840;Alex Muller;Scotland;Portugal;MID;32;TRUE;79;0;0;83.6;1;2;0;5.8
M009;15/06/2026;Group Stage;P00835;Tarek Cruz;Scotland;Portugal;DEF;23;TRUE;82;0;0;93.0;3;1;0;6.2
M009;15/06/2026;Group Stage;P00847;Andres Novak;Scotland;Portugal;MID;33;TRUE;90;0;0;80.5;2;0;0;6.4
M009;15/06/2026;Group Stage;P00834;Leon Torres;Scotland;Portugal;DEF;25;TRUE;80;0;0;86.9;3;1;0;6.2
M009;15/06/2026;Group Stage;P00832;Gabriel Souza;Scotland;Portugal;DEF;26;TRUE;90;0;0;93.3;3;1;0;7.2
M009;15/06/2026;Group Stage;P00851;Jonas Osei;Scotland;Portugal;FWD;23;FALSE;17;0;0;80.4;3;0;0;5.9
M009;15/06/2026;Group Stage;P00836;Noah Wagner;Scotland;Portugal;DEF;25;FALSE;26;0;0;73.7;1;0;0;6.6
M009;15/06/2026;Group Stage;P00844;Yusuf Lopez;Scotland;Portugal;MID;22;FALSE;9;0;0;76.6;1;2;0;6.7
M009;15/06/2026;Group Stage;P00843;Alex Petit;Scotland;Portugal;MID;28;FALSE;9;0;0;90.7;0;1;0;5.9
M009;15/06/2026;Group Stage;P00849;Adama Haddad;Scotland;Portugal;FWD;28;FALSE;23;0;0;87.3;0;0;0;6.8
M009;15/06/2026;Group Stage;P00833;Ruben Bakker;Scotland;Portugal;DEF;26;FALSE;21;0;0;73.6;0;1;0;5.2
M009;15/06/2026;Group Stage;P00842;Noah Petit;Scotland;Portugal;MID;24;FALSE;5;0;0;78.4;1;1;0;5.9
M010;15/06/2026;Group Stage;P00323;Ivan Toure;Denmark;Congo DR;GK;22;TRUE;78;0;0;64.6;0;0;2;6.1
M010;15/06/2026;Group Stage;P00326;Felix Torres;Denmark;Congo DR;DEF;25;TRUE;77;0;0;89.7;7;0;0;6.3
M010;15/06/2026;Group Stage;P00335;Luca Eriksen;Denmark;Congo DR;MID;27;TRUE;88;0;0;88.3;3;0;0;6.8
M010;15/06/2026;Group Stage;P00343;Yuki Osei;Denmark;Congo DR;FWD;20;TRUE;76;0;0;92.8;2;1;0;6.1
M010;15/06/2026;Group Stage;P00345;Daniel Eriksen;Denmark;Congo DR;FWD;21;TRUE;68;2;0;81.3;2;0;0;9.0
M010;15/06/2026;Group Stage;P00344;Luca Osei;Denmark;Congo DR;FWD;23;TRUE;72;0;0;91.7;3;0;0;6.5
M010;15/06/2026;Group Stage;P00332;Tarek Bakker;Denmark;Congo DR;DEF;26;TRUE;90;0;1;83.4;3;1;0;7.4
M010;15/06/2026;Group Stage;P00339;Ivan Kovac;Denmark;Congo DR;MID;25;TRUE;79;0;0;83.3;1;0;0;6.1
M010;15/06/2026;Group Stage;P00327;Kevin Wagner;Denmark;Congo DR;DEF;19;TRUE;75;0;0;94.5;1;0;0;5.9
M010;15/06/2026;Group Stage;P00341;Ismael Nkomo;Denmark;Congo DR;MID;33;TRUE;86;0;0;74.6;2;2;0;7.0
M010;15/06/2026;Group Stage;P00342;Marco Sato;Denmark;Congo DR;FWD;21;TRUE;79;1;0;83.0;2;1;0;8.2
M010;15/06/2026;Group Stage;P00328;Elias Johnson;Denmark;Congo DR;DEF;30;FALSE;10;0;0;85.3;2;0;0;6.2
M010;15/06/2026;Group Stage;P00331;Noah Mensah;Denmark;Congo DR;DEF;24;FALSE;26;0;0;81.7;2;1;0;5.8
M010;15/06/2026;Group Stage;P00330;Marcus Balde;Denmark;Congo DR;DEF;25;FALSE;13;0;0;77.0;1;0;0;6.5
M010;15/06/2026;Group Stage;P00338;Gabriel Horvat;Denmark;Congo DR;MID;20;FALSE;21;0;1;80.1;1;0;0;7.0
M010;15/06/2026;Group Stage;P00333;Ismael Haddad;Denmark;Congo DR;DEF;23;FALSE;6;0;0;78.6;0;2;0;7.0
M010;15/06/2026;Group Stage;P00334;Jonas Hassan;Denmark;Congo DR;MID;20;FALSE;23;0;0;86.1;0;1;0;6.3
M010;15/06/2026;Group Stage;P00337;Sven Souza;Denmark;Congo DR;MID;27;FALSE;24;1;0;94.1;1;0;0;7.0
M010;15/06/2026;Group Stage;P00233;Chidi Muller;Congo DR;Denmark;GK;29;TRUE;90;0;0;68.8;0;0;6;6.7
M010;15/06/2026;Group Stage;P00237;Tarek Haddad;Congo DR;Denmark;DEF;30;TRUE;84;0;0;93.1;3;1;0;6.0
M010;15/06/2026;Group Stage;P00238;Jonas Popov;Congo DR;Denmark;DEF;24;TRUE;73;0;0;89.0;0;2;0;6.3
M010;15/06/2026;Group Stage;P00239;Bruno Martins;Congo DR;Denmark;DEF;23;TRUE;78;0;0;93.5;2;1;0;6.0
M010;15/06/2026;Group Stage;P00250;Marco Garcia;Congo DR;Denmark;FWD;20;TRUE;77;0;0;89.2;0;1;0;6.3
M010;15/06/2026;Group Stage;P00253;Sergio Hassan;Congo DR;Denmark;FWD;25;TRUE;84;0;0;93.9;0;0;0;5.2
M010;15/06/2026;Group Stage;P00234;Adama Nasser;Congo DR;Denmark;DEF;26;TRUE;82;0;0;90.9;4;1;0;7.3
M010;15/06/2026;Group Stage;P00235;Lucas Kamara;Congo DR;Denmark;DEF;27;TRUE;89;0;0;88.4;3;2;0;6.3
M010;15/06/2026;Group Stage;P00247;Bruno Kovacevic;Congo DR;Denmark;MID;31;TRUE;87;0;0;91.1;2;2;0;6.1
M010;15/06/2026;Group Stage;P00236;Josef Fernandez;Congo DR;Denmark;DEF;30;TRUE;67;0;0;80.7;3;0;0;6.3
M010;15/06/2026;Group Stage;P00242;Alex Nkomo;Congo DR;Denmark;MID;18;TRUE;90;0;0;87.3;2;0;0;6.7
M010;15/06/2026;Group Stage;P00249;Jonas Rossi;Congo DR;Denmark;MID;25;FALSE;17;0;0;77.6;1;0;0;5.3
M010;15/06/2026;Group Stage;P00252;Mohamed Lopez;Congo DR;Denmark;FWD;25;FALSE;5;0;0;96.4;0;0;0;5.5
M010;15/06/2026;Group Stage;P00248;Marcus Andersson;Congo DR;Denmark;MID;23;FALSE;5;0;0;91.6;0;1;0;6.1
M010;15/06/2026;Group Stage;P00251;Karim Lopez;Congo DR;Denmark;FWD;25;FALSE;25;0;0;76.8;0;0;0;6.2
M010;15/06/2026;Group Stage;P00240;Erik Diallo;Congo DR;Denmark;DEF;27;FALSE;26;0;0;74.8;1;0;0;5.5
M010;15/06/2026;Group Stage;P00246;Luca Sato;Congo DR;Denmark;MID;21;FALSE;28;0;0;88.7;0;1;0;5.4
M010;15/06/2026;Group Stage;P00243;Luca Alves;Congo DR;Denmark;MID;31;FALSE;16;0;0;77.5;1;0;0;6.2
M011;16/06/2026;Group Stage;P00760;Carlos Fernandez;Portugal;Congo DR;GK;32;TRUE;86;0;0;82.6;0;0;3;6.3
M011;16/06/2026;Group Stage;P00770;Mateus Weiss;Portugal;Congo DR;DEF;20;TRUE;83;0;0;90.4;3;2;0;6.0
M011;16/06/2026;Group Stage;P00774;Gabriel Osei;Portugal;Congo DR;MID;26;TRUE;82;0;1;95.4;0;0;0;6.8
M011;16/06/2026;Group Stage;P00771;Marcus Fernandez;Portugal;Congo DR;MID;26;TRUE;86;0;0;99.0;4;4;0;6.2
M011;16/06/2026;Group Stage;P00768;Tomas Popov;Portugal;Congo DR;DEF;25;TRUE;86;1;0;98.9;1;1;0;6.6
M011;16/06/2026;Group Stage;P00764;Felix Osei;Portugal;Congo DR;DEF;26;TRUE;90;0;0;82.8;0;1;0;6.1
M011;16/06/2026;Group Stage;P00767;Miguel Petit;Portugal;Congo DR;DEF;32;TRUE;80;0;0;89.5;2;4;0;6.6
M011;16/06/2026;Group Stage;P00773;Luca Mensah;Portugal;Congo DR;MID;25;TRUE;70;0;0;93.3;1;1;0;6.7
M011;16/06/2026;Group Stage;P00778;Omar Larsen;Portugal;Congo DR;MID;25;TRUE;90;0;0;77.2;1;0;0;6.3
M011;16/06/2026;Group Stage;P00772;Julian Kovac;Portugal;Congo DR;MID;24;TRUE;78;0;0;92.7;2;1;0;6.4
M011;16/06/2026;Group Stage;P00775;Kwame Souza;Portugal;Congo DR;MID;20;TRUE;79;0;0;82.9;0;3;0;6.1
M011;16/06/2026;Group Stage;P00777;Anders Torres;Portugal;Congo DR;MID;26;FALSE;22;0;0;86.7;0;0;0;6.5
M011;16/06/2026;Group Stage;P00769;Marcus Toure;Portugal;Congo DR;DEF;22;FALSE;5;0;0;79.2;0;0;0;5.8
M011;16/06/2026;Group Stage;P00780;Marco Costa;Portugal;Congo DR;FWD;29;FALSE;17;0;1;77.1;1;0;0;7.1
M011;16/06/2026;Group Stage;P00776;Kwame Rossi;Portugal;Congo DR;MID;29;FALSE;27;0;0;94.3;0;1;0;6.1
M011;16/06/2026;Group Stage;P00781;Diego Mensah;Portugal;Congo DR;FWD;26;FALSE;12;1;0;73.0;0;0;0;7.4
M011;16/06/2026;Group Stage;P00763;Felix Alves;Portugal;Congo DR;DEF;27;FALSE;25;0;0;95.3;0;0;0;7.2
M011;16/06/2026;Group Stage;P00779;Daniel Kamara;Portugal;Congo DR;FWD;26;FALSE;12;0;0;87.0;1;0;0;6.3
M011;16/06/2026;Group Stage;P00232;Pedro Horvat;Congo DR;Portugal;GK;23;TRUE;81;0;0;68.0;0;0;5;5.8
M011;16/06/2026;Group Stage;P00235;Lucas Kamara;Congo DR;Portugal;DEF;27;TRUE;90;1;0;99.0;1;0;0;6.9
M011;16/06/2026;Group Stage;P00241;Kevin Garcia;Congo DR;Portugal;DEF;25;TRUE;82;0;0;88.4;2;2;0;6.0
M011;16/06/2026;Group Stage;P00252;Mohamed Lopez;Congo DR;Portugal;FWD;25;TRUE;77;0;0;80.3;3;2;0;7.0
M011;16/06/2026;Group Stage;P00251;Karim Lopez;Congo DR;Portugal;FWD;25;TRUE;76;0;0;95.8;2;2;0;6.7
M011;16/06/2026;Group Stage;P00253;Sergio Hassan;Congo DR;Portugal;FWD;25;TRUE;80;1;0;86.8;0;0;0;7.4
M011;16/06/2026;Group Stage;P00236;Josef Fernandez;Congo DR;Portugal;DEF;30;TRUE;73;0;0;88.4;4;1;0;5.9
M011;16/06/2026;Group Stage;P00243;Luca Alves;Congo DR;Portugal;MID;31;TRUE;76;0;0;89.0;4;1;0;6.4
M011;16/06/2026;Group Stage;P00248;Marcus Andersson;Congo DR;Portugal;MID;23;TRUE;72;0;0;89.9;2;0;0;6.4
M011;16/06/2026;Group Stage;P00239;Bruno Martins;Congo DR;Portugal;DEF;23;TRUE;77;0;1;92.3;4;2;0;7.2
M011;16/06/2026;Group Stage;P00234;Adama Nasser;Congo DR;Portugal;DEF;26;TRUE;83;0;0;84.0;1;1;0;6.4
M011;16/06/2026;Group Stage;P00247;Bruno Kovacevic;Congo DR;Portugal;MID;31;FALSE;27;0;0;97.3;0;0;0;6.8
M011;16/06/2026;Group Stage;P00244;Thiago Ferreira;Congo DR;Portugal;MID;26;FALSE;27;0;0;85.6;0;2;0;5.9
M011;16/06/2026;Group Stage;P00246;Luca Sato;Congo DR;Portugal;MID;21;FALSE;22;0;0;71.3;0;0;0;6.2
M011;16/06/2026;Group Stage;P00249;Jonas Rossi;Congo DR;Portugal;MID;25;FALSE;21;0;1;89.3;0;1;0;6.6
M011;16/06/2026;Group Stage;P00240;Erik Diallo;Congo DR;Portugal;DEF;27;FALSE;24;0;0;81.9;3;0;0;5.7
M011;16/06/2026;Group Stage;P00242;Alex Nkomo;Congo DR;Portugal;MID;18;FALSE;17;0;0;63.6;1;0;0;6.6
M011;16/06/2026;Group Stage;P00237;Tarek Haddad;Congo DR;Portugal;DEF;30;FALSE;8;0;0;87.9;0;0;0;6.5
M012;16/06/2026;Group Stage;P00324;Noah Kamara;Denmark;Scotland;GK;21;TRUE;72;0;0;67.9;0;0;3;6.0
M012;16/06/2026;Group Stage;P00335;Luca Eriksen;Denmark;Scotland;MID;27;TRUE;89;0;0;80.0;2;2;0;6.7
M012;16/06/2026;Group Stage;P00338;Gabriel Horvat;Denmark;Scotland;MID;20;TRUE;81;0;0;85.9;2;1;0;6.2
M012;16/06/2026;Group Stage;P00341;Ismael Nkomo;Denmark;Scotland;MID;33;TRUE;70;0;0;75.3;1;0;0;6.7
M012;16/06/2026;Group Stage;P00326;Felix Torres;Denmark;Scotland;DEF;25;TRUE;90;0;0;89.8;3;2;0;7.3
M012;16/06/2026;Group Stage;P00333;Ismael Haddad;Denmark;Scotland;DEF;23;TRUE;88;0;0;89.8;2;2;0;5.8
M012;16/06/2026;Group Stage;P00327;Kevin Wagner;Denmark;Scotland;DEF;19;TRUE;78;0;0;81.8;1;3;0;7.0
M012;16/06/2026;Group Stage;P00328;Elias Johnson;Denmark;Scotland;DEF;30;TRUE;90;0;0;90.1;1;1;0;5.6
M012;16/06/2026;Group Stage;P00339;Ivan Kovac;Denmark;Scotland;MID;25;TRUE;64;0;0;89.6;0;0;0;7.1
M012;16/06/2026;Group Stage;P00331;Noah Mensah;Denmark;Scotland;DEF;24;TRUE;88;0;0;90.5;0;2;0;5.9
M012;16/06/2026;Group Stage;P00332;Tarek Bakker;Denmark;Scotland;DEF;26;TRUE;75;0;0;79.7;1;4;0;5.5
M012;16/06/2026;Group Stage;P00334;Jonas Hassan;Denmark;Scotland;MID;20;FALSE;25;0;0;81.7;2;0;0;5.7
M012;16/06/2026;Group Stage;P00329;Hugo Wagner;Denmark;Scotland;DEF;29;FALSE;15;0;0;84.0;1;1;0;5.8
M012;16/06/2026;Group Stage;P00337;Sven Souza;Denmark;Scotland;MID;27;FALSE;14;0;1;85.7;0;0;0;6.9
M012;16/06/2026;Group Stage;P00336;Anders Farah;Denmark;Scotland;MID;20;FALSE;6;0;0;93.3;2;2;0;5.5
M012;16/06/2026;Group Stage;P00343;Yuki Osei;Denmark;Scotland;FWD;20;FALSE;7;0;0;77.6;1;0;0;6.2
M012;16/06/2026;Group Stage;P00345;Daniel Eriksen;Denmark;Scotland;FWD;21;FALSE;22;0;0;95.2;0;0;0;6.7
M012;16/06/2026;Group Stage;P00344;Luca Osei;Denmark;Scotland;FWD;23;FALSE;23;1;0;78.7;2;1;0;7.0
M012;16/06/2026;Group Stage;P00830;Karim Toure;Scotland;Denmark;GK;20;TRUE;90;0;0;71.0;0;0;6;6.0
M012;16/06/2026;Group Stage;P00844;Yusuf Lopez;Scotland;Denmark;MID;22;TRUE;89;0;0;91.7;1;1;0;6.7
M012;16/06/2026;Group Stage;P00834;Leon Torres;Scotland;Denmark;DEF;25;TRUE;90;0;0;87.4;0;1;0;6.6
M012;16/06/2026;Group Stage;P00835;Tarek Cruz;Scotland;Denmark;DEF;23;TRUE;81;0;0;83.9;3;2;0;6.3
M012;16/06/2026;Group Stage;P00845;Erik Muller;Scotland;Denmark;MID;26;TRUE;85;0;0;84.1;0;0;0;5.7
M012;16/06/2026;Group Stage;P00843;Alex Petit;Scotland;Denmark;MID;28;TRUE;85;0;2;87.4;1;1;0;7.6
M012;16/06/2026;Group Stage;P00840;Alex Muller;Scotland;Denmark;MID;32;TRUE;76;0;0;84.3;0;2;0;5.5
M012;16/06/2026;Group Stage;P00849;Adama Haddad;Scotland;Denmark;FWD;28;TRUE;81;0;0;92.6;0;0;0;5.9
M012;16/06/2026;Group Stage;P00838;Ruben Schmidt;Scotland;Denmark;DEF;21;TRUE;68;0;0;94.5;2;0;0;6.0
M012;16/06/2026;Group Stage;P00848;Felix Ferreira;Scotland;Denmark;FWD;19;TRUE;83;0;0;85.3;0;1;0;5.9
M012;16/06/2026;Group Stage;P00839;Erik Benali;Scotland;Denmark;DEF;26;TRUE;78;0;0;88.2;1;1;0;6.0
M012;16/06/2026;Group Stage;P00841;Marco Larsen;Scotland;Denmark;MID;28;FALSE;16;0;0;92.5;1;0;0;7.1
M012;16/06/2026;Group Stage;P00842;Noah Petit;Scotland;Denmark;MID;24;FALSE;9;0;0;81.5;0;0;0;6.6
M012;16/06/2026;Group Stage;P00837;Kofi Kovacevic;Scotland;Denmark;DEF;29;FALSE;19;0;0;95.7;1;0;0;6.0
M012;16/06/2026;Group Stage;P00847;Andres Novak;Scotland;Denmark;MID;33;FALSE;22;1;0;80.3;0;2;0;7.1
M012;16/06/2026;Group Stage;P00832;Gabriel Souza;Scotland;Denmark;DEF;26;FALSE;25;0;0;76.9;0;0;0;6.3
M012;16/06/2026;Group Stage;P00836;Noah Wagner;Scotland;Denmark;DEF;25;FALSE;29;0;0;66.8;0;1;0;5.4
M012;16/06/2026;Group Stage;P00850;Julian Horvat;Scotland;Denmark;FWD;33;FALSE;14;1;0;81.5;2;0;0;7.3
M013;17/06/2026;Group Stage;P00921;Karim Martins;Spain;USA;GK;29;TRUE;72;0;0;72.1;0;0;7;7.0
M013;17/06/2026;Group Stage;P00930;Sven Rossi;Spain;USA;DEF;26;TRUE;79;0;0;87.1;0;1;0;6.2
M013;17/06/2026;Group Stage;P00932;Omar Osei;Spain;USA;MID;26;TRUE;79;0;0;90.2;3;0;0;6.5
M013;17/06/2026;Group Stage;P00941;Yusuf Alves;Spain;USA;FWD;31;TRUE;68;0;0;90.3;1;0;0;6.5
M013;17/06/2026;Group Stage;P00928;Pedro Souza;Spain;USA;DEF;26;TRUE;76;0;0;92.7;2;1;0;7.1
M013;17/06/2026;Group Stage;P00938;Bruno Kim;Spain;USA;MID;22;TRUE;80;0;0;84.9;1;1;0;5.9
M013;17/06/2026;Group Stage;P00931;Mohamed Osei;Spain;USA;DEF;26;TRUE;85;0;0;89.3;1;0;0;6.9
M013;17/06/2026;Group Stage;P00937;Bruno Muller;Spain;USA;MID;22;TRUE;90;0;0;92.3;3;3;0;6.5
M013;17/06/2026;Group Stage;P00936;Kwame Novak;Spain;USA;MID;30;TRUE;90;0;0;86.3;0;1;0;6.2
M013;17/06/2026;Group Stage;P00927;Lucas Schmidt;Spain;USA;DEF;22;TRUE;86;0;0;98.2;2;2;0;7.4
M013;17/06/2026;Group Stage;P00926;Chidi Silva;Spain;USA;DEF;23;TRUE;90;0;0;88.0;1;4;0;5.8
M013;17/06/2026;Group Stage;P00935;Sergio Johnson;Spain;USA;MID;32;FALSE;19;0;0;71.8;0;0;0;6.5
M013;17/06/2026;Group Stage;P00943;Jonas Lopez;Spain;USA;FWD;30;FALSE;16;0;0;81.6;0;0;0;6.3
M013;17/06/2026;Group Stage;P00933;Luca Cruz;Spain;USA;MID;25;FALSE;24;1;0;94.4;1;0;0;6.5
M013;17/06/2026;Group Stage;P00942;Adama Alves;Spain;USA;FWD;30;FALSE;26;0;0;77.9;1;0;0;6.2
M013;17/06/2026;Group Stage;P00940;Thiago Yilmaz;Spain;USA;FWD;26;FALSE;25;0;0;78.4;1;0;0;5.9
M013;17/06/2026;Group Stage;P00939;Emre Kovacevic;Spain;USA;MID;23;FALSE;12;0;0;86.5;1;0;0;6.7
M013;17/06/2026;Group Stage;P00925;Daniel Nakamura;Spain;USA;DEF;23;FALSE;11;0;1;95.4;0;1;0;6.4
M013;17/06/2026;Group Stage;P01038;Adama Yilmaz;USA;Spain;GK;21;TRUE;90;0;0;61.2;0;0;5;6.9
M013;17/06/2026;Group Stage;P01045;Karim Yilmaz;USA;Spain;DEF;20;TRUE;90;0;0;95.7;1;0;0;6.0
M013;17/06/2026;Group Stage;P01046;Marco Berg;USA;Spain;DEF;22;TRUE;87;0;0;85.4;4;0;0;6.6
M013;17/06/2026;Group Stage;P01053;Elias Rossi;USA;Spain;MID;22;TRUE;84;1;0;89.2;0;1;0;7.6
M013;17/06/2026;Group Stage;P01043;Kofi Kovac;USA;Spain;DEF;23;TRUE;79;0;0;79.8;1;0;0;6.5
M013;17/06/2026;Group Stage;P01047;Emre Toure;USA;Spain;MID;25;TRUE;90;0;0;89.6;2;0;0;6.5
M013;17/06/2026;Group Stage;P01048;Kofi Hassan;USA;Spain;MID;20;TRUE;66;0;0;88.1;3;0;0;6.7
M013;17/06/2026;Group Stage;P01057;Ali Bakker;USA;Spain;FWD;26;TRUE;70;0;0;87.9;1;1;0;6.4
M013;17/06/2026;Group Stage;P01056;Miguel Horvat;USA;Spain;FWD;21;TRUE;90;0;0;68.4;0;0;0;6.4
M013;17/06/2026;Group Stage;P01044;Tomas Weiss;USA;Spain;DEF;26;TRUE;77;0;1;83.5;0;0;0;6.5
M013;17/06/2026;Group Stage;P01054;Kofi Osei;USA;Spain;MID;29;TRUE;90;0;0;82.7;5;2;0;6.2
M013;17/06/2026;Group Stage;P01042;Andres Kovacevic;USA;Spain;DEF;20;FALSE;24;0;0;79.0;2;0;0;5.6
M013;17/06/2026;Group Stage;P01051;Yuki Mensah;USA;Spain;MID;20;FALSE;22;0;0;90.6;1;0;0;6.5
M013;17/06/2026;Group Stage;P01058;Omar Costa;USA;Spain;FWD;24;FALSE;25;0;0;87.8;1;0;0;6.0
M013;17/06/2026;Group Stage;P01040;Marco Nkomo;USA;Spain;DEF;22;FALSE;25;0;0;96.0;1;2;0;6.3
M013;17/06/2026;Group Stage;P01039;Elias Nkomo;USA;Spain;DEF;29;FALSE;29;0;0;77.2;0;1;0;6.5
M013;17/06/2026;Group Stage;P01049;Karim Mensah;USA;Spain;MID;21;FALSE;12;0;0;82.9;0;0;0;5.4
M013;17/06/2026;Group Stage;P01050;Mohamed Sato;USA;Spain;MID;22;FALSE;9;1;0;83.5;1;0;0;7.6
M014;17/06/2026;Group Stage;P00692;Noah Benali;Norway;Cape Verde;GK;24;TRUE;74;0;0;68.0;0;0;3;5.6
M014;17/06/2026;Group Stage;P00694;Tomas Toure;Norway;Cape Verde;DEF;21;TRUE;68;0;0;76.0;1;2;0;6.7
M014;17/06/2026;Group Stage;P00712;Anders Kamara;Norway;Cape Verde;FWD;22;TRUE;81;0;0;93.7;2;0;0;5.9
M014;17/06/2026;Group Stage;P00698;Andres Eriksen;Norway;Cape Verde;DEF;19;TRUE;84;0;0;91.7;4;0;0;5.4
M014;17/06/2026;Group Stage;P00703;Chidi Nkomo;Norway;Cape Verde;MID;30;TRUE;90;0;0;85.9;3;1;0;5.7
M014;17/06/2026;Group Stage;P00713;Kwame Horvat;Norway;Cape Verde;FWD;30;TRUE;90;0;0;90.5;3;1;0;5.9
M014;17/06/2026;Group Stage;P00700;Amir Tanaka;Norway;Cape Verde;DEF;24;TRUE;82;0;0;93.7;1;1;0;7.0
M014;17/06/2026;Group Stage;P00705;Omar Weiss;Norway;Cape Verde;MID;30;TRUE;72;1;0;85.5;1;2;0;7.4
M014;17/06/2026;Group Stage;P00695;Kevin Nkomo;Norway;Cape Verde;DEF;25;TRUE;76;0;0;91.1;1;2;0;6.6
M014;17/06/2026;Group Stage;P00707;Josef Ibrahim;Norway;Cape Verde;MID;24;TRUE;81;0;0;92.9;3;0;0;6.6
M014;17/06/2026;Group Stage;P00696;Kwame Larsen;Norway;Cape Verde;DEF;22;TRUE;81;0;0;86.0;2;3;0;6.3
M014;17/06/2026;Group Stage;P00702;Karim Almeida;Norway;Cape Verde;MID;28;FALSE;16;1;0;82.5;2;0;0;7.1
M014;17/06/2026;Group Stage;P00706;Noah Nkomo;Norway;Cape Verde;MID;28;FALSE;24;0;0;74.5;2;1;0;6.6
M014;17/06/2026;Group Stage;P00711;Leon Osei;Norway;Cape Verde;FWD;23;FALSE;6;0;0;89.1;0;0;0;6.3
M014;17/06/2026;Group Stage;P00710;Amir Benali;Norway;Cape Verde;FWD;31;FALSE;9;0;0;84.1;1;2;0;7.2
M014;17/06/2026;Group Stage;P00697;Mohamed Popov;Norway;Cape Verde;DEF;27;FALSE;12;0;0;88.9;0;2;0;5.7
M014;17/06/2026;Group Stage;P00708;Marcus Mbeki;Norway;Cape Verde;MID;31;FALSE;29;0;0;78.8;1;1;0;7.4
M014;17/06/2026;Group Stage;P00701;Julian Muller;Norway;Cape Verde;DEF;25;FALSE;5;0;0;87.1;1;0;0;6.6
M014;17/06/2026;Group Stage;P00185;Daniel Martins;Cape Verde;Norway;GK;26;TRUE;85;0;0;66.0;0;0;3;5.3
M014;17/06/2026;Group Stage;P00190;Victor Bakker;Cape Verde;Norway;DEF;30;TRUE;84;0;0;93.9;4;1;0;6.7
M014;17/06/2026;Group Stage;P00197;Noah Ibrahim;Cape Verde;Norway;MID;18;TRUE;78;0;0;92.5;0;0;0;6.9
M014;17/06/2026;Group Stage;P00207;Kwame Yilmaz;Cape Verde;Norway;FWD;27;TRUE;73;0;0;79.5;3;1;0;5.3
M014;17/06/2026;Group Stage;P00195;Mohamed Nakamura;Cape Verde;Norway;DEF;18;TRUE;90;0;0;81.0;1;1;0;7.4
M014;17/06/2026;Group Stage;P00206;Erik Lopez;Cape Verde;Norway;FWD;29;TRUE;83;0;0;93.8;1;1;0;5.7
M014;17/06/2026;Group Stage;P00205;Yuki Costa;Cape Verde;Norway;FWD;24;TRUE;83;0;0;84.7;0;1;0;7.0
M014;17/06/2026;Group Stage;P00201;Yuki Schmidt;Cape Verde;Norway;MID;19;TRUE;87;0;0;86.5;2;0;0;6.6
M014;17/06/2026;Group Stage;P00199;Marcus Wagner;Cape Verde;Norway;MID;29;TRUE;87;0;0;87.9;1;1;0;6.1
M014;17/06/2026;Group Stage;P00194;Nikolai Yilmaz;Cape Verde;Norway;DEF;22;TRUE;81;0;0;92.8;0;3;0;6.7
M014;17/06/2026;Group Stage;P00192;Noah Kovacevic;Cape Verde;Norway;DEF;23;TRUE;85;0;0;82.3;1;1;0;6.8
M014;17/06/2026;Group Stage;P00198;Noah Kim;Cape Verde;Norway;MID;28;FALSE;24;1;0;75.7;2;0;0;7.4
M014;17/06/2026;Group Stage;P00200;Diego Reyes;Cape Verde;Norway;MID;26;FALSE;8;0;0;87.6;0;0;0;6.3
M014;17/06/2026;Group Stage;P00202;Sven Kovacevic;Cape Verde;Norway;MID;30;FALSE;9;0;1;83.2;0;0;0;6.5
M014;17/06/2026;Group Stage;P00203;Amir Reyes;Cape Verde;Norway;MID;20;FALSE;20;0;0;99.0;1;0;0;6.5
M014;17/06/2026;Group Stage;P00204;Samuel Yilmaz;Cape Verde;Norway;FWD;20;FALSE;16;0;0;85.4;1;1;0;5.9
M014;17/06/2026;Group Stage;P00189;Anders Kovacevic;Cape Verde;Norway;DEF;24;FALSE;13;0;0;85.9;0;0;0;6.2
M014;17/06/2026;Group Stage;P00191;Ahmed Almeida;Cape Verde;Norway;DEF;27;FALSE;24;0;0;83.8;0;1;0;6.7
M015;18/06/2026;Group Stage;P00923;Samuel Ferreira;Spain;Norway;GK;31;TRUE;90;0;0;76.0;0;0;7;5.9
M015;18/06/2026;Group Stage;P00935;Sergio Johnson;Spain;Norway;MID;32;TRUE;85;0;0;92.5;0;0;0;6.6
M015;18/06/2026;Group Stage;P00937;Bruno Muller;Spain;Norway;MID;22;TRUE;82;0;0;79.7;1;0;0;6.2
M015;18/06/2026;Group Stage;P00924;Elias Fernandez;Spain;Norway;DEF;24;TRUE;90;0;0;91.9;2;0;0;6.0
M015;18/06/2026;Group Stage;P00938;Bruno Kim;Spain;Norway;MID;22;TRUE;68;0;0;79.8;2;0;0;6.2
M015;18/06/2026;Group Stage;P00931;Mohamed Osei;Spain;Norway;DEF;26;TRUE;84;0;0;81.1;1;4;0;6.5
M015;18/06/2026;Group Stage;P00942;Adama Alves;Spain;Norway;FWD;30;TRUE;80;0;1;89.3;2;0;0;6.8
M015;18/06/2026;Group Stage;P00930;Sven Rossi;Spain;Norway;DEF;26;TRUE;89;0;0;85.6;2;1;0;6.1
M015;18/06/2026;Group Stage;P00929;Miguel Nasser;Spain;Norway;DEF;27;TRUE;90;0;0;81.5;2;0;0;6.4
M015;18/06/2026;Group Stage;P00934;Kwame Eriksen;Spain;Norway;MID;23;TRUE;89;0;0;98.5;1;0;0;7.3
M015;18/06/2026;Group Stage;P00925;Daniel Nakamura;Spain;Norway;DEF;23;TRUE;81;0;0;88.8;2;1;0;6.5
M015;18/06/2026;Group Stage;P00928;Pedro Souza;Spain;Norway;DEF;26;FALSE;23;0;0;75.6;0;1;0;6.6
M015;18/06/2026;Group Stage;P00933;Luca Cruz;Spain;Norway;MID;25;FALSE;25;0;0;71.1;0;0;0;6.5
M015;18/06/2026;Group Stage;P00927;Lucas Schmidt;Spain;Norway;DEF;22;FALSE;17;1;0;86.8;1;0;0;7.2
M015;18/06/2026;Group Stage;P00943;Jonas Lopez;Spain;Norway;FWD;30;FALSE;9;0;0;89.7;1;2;0;5.7
M015;18/06/2026;Group Stage;P00941;Yusuf Alves;Spain;Norway;FWD;31;FALSE;10;0;0;99.0;0;0;0;6.2
M015;18/06/2026;Group Stage;P00940;Thiago Yilmaz;Spain;Norway;FWD;26;FALSE;27;0;0;99.0;1;0;0;6.5
M015;18/06/2026;Group Stage;P00926;Chidi Silva;Spain;Norway;DEF;23;FALSE;27;0;0;75.7;0;1;0;6.5
M015;18/06/2026;Group Stage;P00692;Noah Benali;Norway;Spain;GK;24;TRUE;90;0;0;83.2;0;0;7;5.8
M015;18/06/2026;Group Stage;P00700;Amir Tanaka;Norway;Spain;DEF;24;TRUE;76;0;0;89.7;0;1;0;6.0
M015;18/06/2026;Group Stage;P00703;Chidi Nkomo;Norway;Spain;MID;30;TRUE;76;0;0;91.8;1;0;0;6.6
M015;18/06/2026;Group Stage;P00698;Andres Eriksen;Norway;Spain;DEF;19;TRUE;74;0;0;92.4;3;3;0;5.9
M015;18/06/2026;Group Stage;P00706;Noah Nkomo;Norway;Spain;MID;28;TRUE;83;0;0;88.3;3;2;0;6.6
M015;18/06/2026;Group Stage;P00695;Kevin Nkomo;Norway;Spain;DEF;25;TRUE;74;0;0;81.2;2;0;0;6.6
M015;18/06/2026;Group Stage;P00702;Karim Almeida;Norway;Spain;MID;28;TRUE;90;0;0;82.6;0;2;0;6.6
M015;18/06/2026;Group Stage;P00711;Leon Osei;Norway;Spain;FWD;23;TRUE;79;1;0;88.7;0;0;0;7.4
M015;18/06/2026;Group Stage;P00704;Karim Sato;Norway;Spain;MID;19;TRUE;76;0;0;99.0;5;0;0;6.0
M015;18/06/2026;Group Stage;P00710;Amir Benali;Norway;Spain;FWD;31;TRUE;90;0;0;95.9;6;1;0;6.2
M015;18/06/2026;Group Stage;P00696;Kwame Larsen;Norway;Spain;DEF;22;TRUE;83;0;0;96.7;1;2;0;7.0
M015;18/06/2026;Group Stage;P00713;Kwame Horvat;Norway;Spain;FWD;30;FALSE;20;0;0;85.1;0;1;0;5.9
M015;18/06/2026;Group Stage;P00701;Julian Muller;Norway;Spain;DEF;25;FALSE;14;0;0;94.4;1;1;0;6.1
M015;18/06/2026;Group Stage;P00709;Yuki Andersson;Norway;Spain;MID;26;FALSE;18;0;1;89.8;0;1;0;6.4
M015;18/06/2026;Group Stage;P00707;Josef Ibrahim;Norway;Spain;MID;24;FALSE;21;0;0;89.5;0;1;0;5.7
M015;18/06/2026;Group Stage;P00705;Omar Weiss;Norway;Spain;MID;30;FALSE;13;0;0;79.0;0;0;0;5.8
M015;18/06/2026;Group Stage;P00699;Kevin Sato;Norway;Spain;DEF;27;FALSE;28;0;0;83.6;0;0;0;5.5
M015;18/06/2026;Group Stage;P00712;Anders Kamara;Norway;Spain;FWD;22;FALSE;5;0;0;78.5;0;0;0;6.2
M016;18/06/2026;Group Stage;P01036;Erik Larsen;USA;Cape Verde;GK;28;TRUE;81;0;0;78.2;0;0;3;6.7
M016;18/06/2026;Group Stage;P01042;Andres Kovacevic;USA;Cape Verde;DEF;20;TRUE;87;0;0;94.0;1;3;0;6.5
M016;18/06/2026;Group Stage;P01048;Kofi Hassan;USA;Cape Verde;MID;20;TRUE;79;0;0;90.4;0;3;0;6.5
M016;18/06/2026;Group Stage;P01040;Marco Nkomo;USA;Cape Verde;DEF;22;TRUE;71;0;1;81.5;1;1;0;7.2
M016;18/06/2026;Group Stage;P01056;Miguel Horvat;USA;Cape Verde;FWD;21;TRUE;89;0;0;94.0;2;0;0;6.9
M016;18/06/2026;Group Stage;P01046;Marco Berg;USA;Cape Verde;DEF;22;TRUE;90;0;0;76.8;1;1;0;6.0
M016;18/06/2026;Group Stage;P01049;Karim Mensah;USA;Cape Verde;MID;21;TRUE;90;0;0;90.7;1;0;0;5.4
M016;18/06/2026;Group Stage;P01055;Karim Schmidt;USA;Cape Verde;FWD;29;TRUE;75;0;0;83.2;0;0;0;5.7
M016;18/06/2026;Group Stage;P01039;Elias Nkomo;USA;Cape Verde;DEF;29;TRUE;79;0;0;89.9;1;1;0;6.4
M016;18/06/2026;Group Stage;P01044;Tomas Weiss;USA;Cape Verde;DEF;26;TRUE;82;0;0;94.9;1;2;0;5.8
M016;18/06/2026;Group Stage;P01058;Omar Costa;USA;Cape Verde;FWD;24;TRUE;90;1;0;92.2;3;1;0;7.4
M016;18/06/2026;Group Stage;P01051;Yuki Mensah;USA;Cape Verde;MID;20;FALSE;8;0;0;76.2;2;1;0;6.5
M016;18/06/2026;Group Stage;P01043;Kofi Kovac;USA;Cape Verde;DEF;23;FALSE;24;0;0;85.6;0;2;0;5.8
M016;18/06/2026;Group Stage;P01052;Thiago Nkomo;USA;Cape Verde;MID;28;FALSE;15;0;0;88.2;0;0;0;6.2
M016;18/06/2026;Group Stage;P01057;Ali Bakker;USA;Cape Verde;FWD;26;FALSE;23;0;0;91.1;1;0;0;6.0
M016;18/06/2026;Group Stage;P01053;Elias Rossi;USA;Cape Verde;MID;22;FALSE;23;0;0;82.3;0;0;0;5.4
M016;18/06/2026;Group Stage;P01047;Emre Toure;USA;Cape Verde;MID;25;FALSE;14;0;0;85.3;1;0;0;5.7
M016;18/06/2026;Group Stage;P01054;Kofi Osei;USA;Cape Verde;MID;29;FALSE;21;0;0;82.5;1;1;0;6.4
M016;18/06/2026;Group Stage;P00186;Ahmed Tanaka;Cape Verde;USA;GK;18;TRUE;80;0;0;83.4;0;0;7;6.5
M016;18/06/2026;Group Stage;P00201;Yuki Schmidt;Cape Verde;USA;MID;19;TRUE;84;0;0;87.3;3;0;0;6.4
M016;18/06/2026;Group Stage;P00202;Sven Kovacevic;Cape Verde;USA;MID;30;TRUE;90;0;0;90.4;2;1;0;6.5
M016;18/06/2026;Group Stage;P00198;Noah Kim;Cape Verde;USA;MID;28;TRUE;85;2;0;94.6;2;0;0;8.1
M016;18/06/2026;Group Stage;P00204;Samuel Yilmaz;Cape Verde;USA;FWD;20;TRUE;90;0;0;96.3;1;0;0;7.0
M016;18/06/2026;Group Stage;P00206;Erik Lopez;Cape Verde;USA;FWD;29;TRUE;88;0;0;90.2;0;0;0;5.7
M016;18/06/2026;Group Stage;P00196;Carlos Yilmaz;Cape Verde;USA;MID;34;TRUE;81;0;0;91.0;0;0;0;6.2
M016;18/06/2026;Group Stage;P00188;Pedro Kamara;Cape Verde;USA;DEF;28;TRUE;79;0;1;82.4;3;3;0;7.3
M016;18/06/2026;Group Stage;P00205;Yuki Costa;Cape Verde;USA;FWD;24;TRUE;87;0;0;82.4;2;1;0;6.4
M016;18/06/2026;Group Stage;P00199;Marcus Wagner;Cape Verde;USA;MID;29;TRUE;72;0;0;89.6;0;2;0;6.2
M016;18/06/2026;Group Stage;P00191;Ahmed Almeida;Cape Verde;USA;DEF;27;TRUE;71;0;0;85.0;1;1;0;6.4
M016;18/06/2026;Group Stage;P00197;Noah Ibrahim;Cape Verde;USA;MID;18;FALSE;5;0;0;72.6;2;0;0;6.1
M016;18/06/2026;Group Stage;P00203;Amir Reyes;Cape Verde;USA;MID;20;FALSE;23;0;0;74.2;0;0;0;6.1
M016;18/06/2026;Group Stage;P00192;Noah Kovacevic;Cape Verde;USA;DEF;23;FALSE;21;0;0;87.8;0;1;0;6.4
M016;18/06/2026;Group Stage;P00193;Jonas Kovac;Cape Verde;USA;DEF;30;FALSE;28;0;0;81.4;0;2;0;6.8
M016;18/06/2026;Group Stage;P00190;Victor Bakker;Cape Verde;USA;DEF;30;FALSE;26;0;0;88.0;0;0;0;6.9
M016;18/06/2026;Group Stage;P00189;Anders Kovacevic;Cape Verde;USA;DEF;24;FALSE;8;0;0;94.0;2;1;0;6.3
M016;18/06/2026;Group Stage;P00200;Diego Reyes;Cape Verde;USA;MID;26;FALSE;29;0;0;90.1;0;0;0;6.9
M017;19/06/2026;Group Stage;P00923;Samuel Ferreira;Spain;Cape Verde;GK;31;TRUE;84;0;0;74.8;0;0;1;6.5
M017;19/06/2026;Group Stage;P00931;Mohamed Osei;Spain;Cape Verde;DEF;26;TRUE;83;0;0;95.2;7;2;0;7.0
M017;19/06/2026;Group Stage;P00941;Yusuf Alves;Spain;Cape Verde;FWD;31;TRUE;79;1;0;97.5;1;1;0;7.3
M017;19/06/2026;Group Stage;P00932;Omar Osei;Spain;Cape Verde;MID;26;TRUE;77;0;0;84.8;0;0;0;7.3
M017;19/06/2026;Group Stage;P00943;Jonas Lopez;Spain;Cape Verde;FWD;30;TRUE;86;0;0;93.9;2;0;0;6.4
M017;19/06/2026;Group Stage;P00925;Daniel Nakamura;Spain;Cape Verde;DEF;23;TRUE;76;0;1;83.3;2;2;0;7.1
M017;19/06/2026;Group Stage;P00926;Chidi Silva;Spain;Cape Verde;DEF;23;TRUE;84;0;0;86.4;2;3;0;7.5
M017;19/06/2026;Group Stage;P00929;Miguel Nasser;Spain;Cape Verde;DEF;27;TRUE;90;0;0;86.8;3;2;0;6.9
M017;19/06/2026;Group Stage;P00937;Bruno Muller;Spain;Cape Verde;MID;22;TRUE;90;2;1;95.5;2;0;0;8.4
M017;19/06/2026;Group Stage;P00930;Sven Rossi;Spain;Cape Verde;DEF;26;TRUE;90;0;0;91.7;1;1;0;6.2
M017;19/06/2026;Group Stage;P00939;Emre Kovacevic;Spain;Cape Verde;MID;23;TRUE;79;0;0;98.5;1;4;0;6.3
M017;19/06/2026;Group Stage;P00933;Luca Cruz;Spain;Cape Verde;MID;25;FALSE;20;0;0;80.0;1;0;0;6.5
M017;19/06/2026;Group Stage;P00934;Kwame Eriksen;Spain;Cape Verde;MID;23;FALSE;14;0;0;69.4;0;0;0;6.9
M017;19/06/2026;Group Stage;P00928;Pedro Souza;Spain;Cape Verde;DEF;26;FALSE;14;0;1;83.3;1;0;0;8.4
M017;19/06/2026;Group Stage;P00927;Lucas Schmidt;Spain;Cape Verde;DEF;22;FALSE;11;1;0;74.7;0;0;0;7.8
M017;19/06/2026;Group Stage;P00935;Sergio Johnson;Spain;Cape Verde;MID;32;FALSE;5;0;0;90.7;1;0;0;6.1
M017;19/06/2026;Group Stage;P00942;Adama Alves;Spain;Cape Verde;FWD;30;FALSE;14;0;1;93.0;0;1;0;6.6
M017;19/06/2026;Group Stage;P00940;Thiago Yilmaz;Spain;Cape Verde;FWD;26;FALSE;17;0;0;75.2;1;1;0;6.1
M017;19/06/2026;Group Stage;P00187;Chidi Diallo;Cape Verde;Spain;GK;20;TRUE;71;0;0;69.7;0;0;10;5.7
M017;19/06/2026;Group Stage;P00192;Noah Kovacevic;Cape Verde;Spain;DEF;23;TRUE;81;0;0;91.3;0;2;0;6.2
M017;19/06/2026;Group Stage;P00206;Erik Lopez;Cape Verde;Spain;FWD;29;TRUE;75;0;0;97.8;1;2;0;6.2
M017;19/06/2026;Group Stage;P00195;Mohamed Nakamura;Cape Verde;Spain;DEF;18;TRUE;74;0;0;93.3;1;1;0;6.9
M017;19/06/2026;Group Stage;P00198;Noah Kim;Cape Verde;Spain;MID;28;TRUE;85;0;0;95.1;0;0;0;7.0
M017;19/06/2026;Group Stage;P00191;Ahmed Almeida;Cape Verde;Spain;DEF;27;TRUE;77;0;0;85.6;2;2;0;6.3
M017;19/06/2026;Group Stage;P00196;Carlos Yilmaz;Cape Verde;Spain;MID;34;TRUE;90;0;0;85.3;3;0;0;6.9
M017;19/06/2026;Group Stage;P00194;Nikolai Yilmaz;Cape Verde;Spain;DEF;22;TRUE;77;0;0;77.5;3;3;0;6.3
M017;19/06/2026;Group Stage;P00200;Diego Reyes;Cape Verde;Spain;MID;26;TRUE;69;0;0;92.2;0;0;0;6.8
M017;19/06/2026;Group Stage;P00190;Victor Bakker;Cape Verde;Spain;DEF;30;TRUE;83;0;0;91.7;1;1;0;6.8
M017;19/06/2026;Group Stage;P00204;Samuel Yilmaz;Cape Verde;Spain;FWD;20;TRUE;79;0;0;90.1;2;2;0;6.4
M017;19/06/2026;Group Stage;P00193;Jonas Kovac;Cape Verde;Spain;DEF;30;FALSE;23;0;0;99.0;1;0;0;5.5
M017;19/06/2026;Group Stage;P00203;Amir Reyes;Cape Verde;Spain;MID;20;FALSE;12;0;0;99.0;2;0;0;6.4
M017;19/06/2026;Group Stage;P00202;Sven Kovacevic;Cape Verde;Spain;MID;30;FALSE;7;0;0;81.0;1;0;0;5.6
M017;19/06/2026;Group Stage;P00205;Yuki Costa;Cape Verde;Spain;FWD;24;FALSE;10;0;0;78.4;1;0;0;6.7
M017;19/06/2026;Group Stage;P00189;Anders Kovacevic;Cape Verde;Spain;DEF;24;FALSE;24;0;0;95.7;1;0;0;5.6
M017;19/06/2026;Group Stage;P00188;Pedro Kamara;Cape Verde;Spain;DEF;28;FALSE;17;0;0;83.4;0;0;0;4.9
M017;19/06/2026;Group Stage;P00207;Kwame Yilmaz;Cape Verde;Spain;FWD;27;FALSE;15;0;0;89.6;0;0;0;5.9
M018;19/06/2026;Group Stage;P01036;Erik Larsen;USA;Norway;GK;28;TRUE;83;0;0;71.1;0;0;4;5.9
M018;19/06/2026;Group Stage;P01050;Mohamed Sato;USA;Norway;MID;22;TRUE;74;0;0;94.9;2;1;0;6.0
M018;19/06/2026;Group Stage;P01054;Kofi Osei;USA;Norway;MID;29;TRUE;79;0;0;79.8;0;0;0;6.1
M018;19/06/2026;Group Stage;P01045;Karim Yilmaz;USA;Norway;DEF;20;TRUE;72;0;0;80.3;2;1;0;5.6
M018;19/06/2026;Group Stage;P01040;Marco Nkomo;USA;Norway;DEF;22;TRUE;90;0;0;77.1;2;0;0;6.7
M018;19/06/2026;Group Stage;P01055;Karim Schmidt;USA;Norway;FWD;29;TRUE;83;1;0;93.7;1;0;0;8.2
M018;19/06/2026;Group Stage;P01053;Elias Rossi;USA;Norway;MID;22;TRUE;81;0;0;86.3;1;0;0;6.5
M018;19/06/2026;Group Stage;P01043;Kofi Kovac;USA;Norway;DEF;23;TRUE;90;0;0;96.5;2;2;0;6.7
M018;19/06/2026;Group Stage;P01052;Thiago Nkomo;USA;Norway;MID;28;TRUE;77;0;0;96.5;2;0;0;6.7
M018;19/06/2026;Group Stage;P01042;Andres Kovacevic;USA;Norway;DEF;20;TRUE;75;0;0;89.4;3;1;0;6.5
M018;19/06/2026;Group Stage;P01057;Ali Bakker;USA;Norway;FWD;26;TRUE;90;0;0;79.3;0;0;0;6.2
M018;19/06/2026;Group Stage;P01047;Emre Toure;USA;Norway;MID;25;FALSE;29;0;1;99.0;1;1;0;5.5
M018;19/06/2026;Group Stage;P01051;Yuki Mensah;USA;Norway;MID;20;FALSE;10;0;0;81.4;1;0;0;6.2
M018;19/06/2026;Group Stage;P01041;Kevin Nakamura;USA;Norway;DEF;24;FALSE;12;0;0;89.3;1;1;0;6.4
M018;19/06/2026;Group Stage;P01056;Miguel Horvat;USA;Norway;FWD;21;FALSE;13;0;0;71.6;1;0;0;5.9
M018;19/06/2026;Group Stage;P01044;Tomas Weiss;USA;Norway;DEF;26;FALSE;7;0;0;91.9;0;1;0;6.5
M018;19/06/2026;Group Stage;P01046;Marco Berg;USA;Norway;DEF;22;FALSE;16;0;0;82.0;1;0;0;5.5
M018;19/06/2026;Group Stage;P01058;Omar Costa;USA;Norway;FWD;24;FALSE;14;0;0;73.7;2;0;0;6.0
M018;19/06/2026;Group Stage;P00691;Andres Ferreira;Norway;USA;GK;23;TRUE;74;0;0;70.7;0;0;5;6.7
M018;19/06/2026;Group Stage;P00711;Leon Osei;Norway;USA;FWD;23;TRUE;71;0;0;87.7;1;1;0;5.6
M018;19/06/2026;Group Stage;P00696;Kwame Larsen;Norway;USA;DEF;22;TRUE;86;0;0;82.3;2;0;0;7.3
M018;19/06/2026;Group Stage;P00695;Kevin Nkomo;Norway;USA;DEF;25;TRUE;82;0;0;99.0;1;1;0;7.1
M018;19/06/2026;Group Stage;P00694;Tomas Toure;Norway;USA;DEF;21;TRUE;79;0;0;90.0;4;1;0;6.0
M018;19/06/2026;Group Stage;P00708;Marcus Mbeki;Norway;USA;MID;31;TRUE;80;0;0;93.4;2;2;0;6.2
M018;19/06/2026;Group Stage;P00706;Noah Nkomo;Norway;USA;MID;28;TRUE;78;0;0;80.6;1;0;0;6.3
M018;19/06/2026;Group Stage;P00701;Julian Muller;Norway;USA;DEF;25;TRUE;74;0;0;83.1;1;2;0;6.2
M018;19/06/2026;Group Stage;P00713;Kwame Horvat;Norway;USA;FWD;30;TRUE;77;0;0;93.5;3;0;0;6.2
M018;19/06/2026;Group Stage;P00705;Omar Weiss;Norway;USA;MID;30;TRUE;67;0;0;78.0;1;2;0;7.3
M018;19/06/2026;Group Stage;P00699;Kevin Sato;Norway;USA;DEF;27;TRUE;88;0;0;84.5;3;0;0;6.3
M018;19/06/2026;Group Stage;P00712;Anders Kamara;Norway;USA;FWD;22;FALSE;16;0;0;87.3;2;1;0;6.2
M018;19/06/2026;Group Stage;P00703;Chidi Nkomo;Norway;USA;MID;30;FALSE;21;0;0;72.7;0;1;0;6.7
M018;19/06/2026;Group Stage;P00698;Andres Eriksen;Norway;USA;DEF;19;FALSE;25;0;0;85.3;1;0;0;6.7
M018;19/06/2026;Group Stage;P00704;Karim Sato;Norway;USA;MID;19;FALSE;23;0;0;83.0;3;0;0;6.4
M018;19/06/2026;Group Stage;P00702;Karim Almeida;Norway;USA;MID;28;FALSE;24;0;0;94.8;0;1;0;6.0
M018;19/06/2026;Group Stage;P00707;Josef Ibrahim;Norway;USA;MID;24;FALSE;12;0;0;77.3;0;0;0;6.0
M018;19/06/2026;Group Stage;P00710;Amir Benali;Norway;USA;FWD;31;FALSE;9;0;0;87.9;2;0;0;6.7
M019;20/06/2026;Group Stage;P00438;Thiago Horvat;Germany;Ecuador;GK;27;TRUE;89;0;0;69.2;0;0;2;7.0
M019;20/06/2026;Group Stage;P00458;Amir Osei;Germany;Ecuador;FWD;18;TRUE;78;1;0;79.0;0;4;0;6.7
M019;20/06/2026;Group Stage;P00451;Amir Novak;Germany;Ecuador;MID;23;TRUE;69;0;0;87.1;2;1;0;6.5
M019;20/06/2026;Group Stage;P00441;Yusuf Hassan;Germany;Ecuador;DEF;24;TRUE;90;0;0;88.2;2;2;0;6.5
M019;20/06/2026;Group Stage;P00452;Felix Lopez;Germany;Ecuador;MID;22;TRUE;73;0;0;91.1;0;2;0;6.5
M019;20/06/2026;Group Stage;P00443;Mohamed Alves;Germany;Ecuador;DEF;34;TRUE;90;0;0;88.7;2;0;0;6.6
M019;20/06/2026;Group Stage;P00459;Tomas Garcia;Germany;Ecuador;FWD;24;TRUE;86;0;0;90.0;1;0;0;6.0
M019;20/06/2026;Group Stage;P00445;Kevin Costa;Germany;Ecuador;DEF;28;TRUE;78;0;1;99.0;3;0;0;6.5
M019;20/06/2026;Group Stage;P00455;Andres Weiss;Germany;Ecuador;MID;23;TRUE;86;1;0;94.7;2;2;0;7.4
M019;20/06/2026;Group Stage;P00450;Victor Mbeki;Germany;Ecuador;MID;18;TRUE;67;0;0;81.4;0;0;0;7.3
M019;20/06/2026;Group Stage;P00453;Bruno Torres;Germany;Ecuador;MID;25;TRUE;79;0;0;97.9;1;2;0;6.4
M019;20/06/2026;Group Stage;P00448;Luca Mbeki;Germany;Ecuador;DEF;27;FALSE;20;0;0;89.8;1;1;0;6.3
M019;20/06/2026;Group Stage;P00447;Miguel Larsen;Germany;Ecuador;DEF;29;FALSE;26;0;0;83.0;2;1;0;6.0
M019;20/06/2026;Group Stage;P00444;Thiago Garcia;Germany;Ecuador;DEF;22;FALSE;7;0;0;67.4;0;0;0;6.1
M019;20/06/2026;Group Stage;P00456;Omar Hassan;Germany;Ecuador;MID;28;FALSE;22;0;0;75.0;1;0;0;6.9
M019;20/06/2026;Group Stage;P00449;Victor Sato;Germany;Ecuador;MID;30;FALSE;24;0;0;93.9;1;0;0;6.8
M019;20/06/2026;Group Stage;P00442;Thiago Larsen;Germany;Ecuador;DEF;29;FALSE;26;0;0;74.4;2;0;0;5.7
M019;20/06/2026;Group Stage;P00460;Andres Costa;Germany;Ecuador;FWD;27;FALSE;16;1;0;82.5;2;0;0;7.4
M019;20/06/2026;Group Stage;P00348;Pedro Rossi;Ecuador;Germany;GK;29;TRUE;70;0;0;82.1;0;0;3;5.3
M019;20/06/2026;Group Stage;P00365;Kofi Johnson;Ecuador;Germany;FWD;23;TRUE;79;0;0;91.5;2;1;0;6.4
M019;20/06/2026;Group Stage;P00354;Karim Rossi;Ecuador;Germany;DEF;18;TRUE;75;0;0;94.7;3;2;0;5.3
M019;20/06/2026;Group Stage;P00352;Mateus Mbeki;Ecuador;Germany;DEF;33;TRUE;90;0;0;87.8;3;4;0;7.1
M019;20/06/2026;Group Stage;P00358;Pedro Nasser;Ecuador;Germany;MID;26;TRUE;82;0;1;94.6;2;0;0;7.1
M019;20/06/2026;Group Stage;P00359;Felix Rossi;Ecuador;Germany;MID;25;TRUE;69;0;0;78.7;2;2;0;5.9
M019;20/06/2026;Group Stage;P00355;Karim Costa;Ecuador;Germany;DEF;25;TRUE;90;0;0;89.1;5;1;0;7.9
M019;20/06/2026;Group Stage;P00351;Ali Kovacevic;Ecuador;Germany;DEF;36;TRUE;86;0;0;86.7;2;0;0;6.6
M019;20/06/2026;Group Stage;P00364;Erik Rossi;Ecuador;Germany;MID;26;TRUE;80;0;0;91.2;1;0;0;5.1
M019;20/06/2026;Group Stage;P00367;Gabriel Mbeki;Ecuador;Germany;FWD;26;TRUE;77;1;0;80.5;3;0;0;7.7
M019;20/06/2026;Group Stage;P00360;Samuel Eriksen;Ecuador;Germany;MID;22;TRUE;81;0;0;97.4;1;1;0;5.9
M019;20/06/2026;Group Stage;P00356;Alex Torres;Ecuador;Germany;DEF;26;FALSE;26;0;0;87.4;1;0;0;5.4
M019;20/06/2026;Group Stage;P00361;Hugo Yilmaz;Ecuador;Germany;MID;28;FALSE;8;0;0;87.9;0;1;0;6.5
M019;20/06/2026;Group Stage;P00353;Chidi Kim;Ecuador;Germany;DEF;25;FALSE;9;0;1;82.7;0;0;0;6.8
M019;20/06/2026;Group Stage;P00357;Chidi Balde;Ecuador;Germany;MID;18;FALSE;14;1;0;90.5;1;0;0;7.7
M019;20/06/2026;Group Stage;P00363;Ismael Balde;Ecuador;Germany;MID;24;FALSE;5;0;0;85.1;2;1;0;6.1
M019;20/06/2026;Group Stage;P00366;Bruno Benali;Ecuador;Germany;FWD;22;FALSE;13;0;0;88.6;1;1;0;5.3
M019;20/06/2026;Group Stage;P00350;Daniel Garcia;Ecuador;Germany;DEF;23;FALSE;22;1;0;77.4;0;1;0;7.9
M020;20/06/2026;Group Stage;P00047;Lucas Torres;Australia;Qatar;GK;27;TRUE;79;0;0;63.2;0;0;2;6.4
M020;20/06/2026;Group Stage;P00065;Tarek Sato;Australia;Qatar;MID;24;TRUE;86;0;0;81.3;3;0;0;6.8
M020;20/06/2026;Group Stage;P00063;Miguel Eriksen;Australia;Qatar;MID;25;TRUE;86;0;0;79.9;0;1;0;6.3
M020;20/06/2026;Group Stage;P00069;Marcus Dubois;Australia;Qatar;FWD;24;TRUE;90;0;0;88.4;0;3;0;6.0
M020;20/06/2026;Group Stage;P00055;Kofi Nasser;Australia;Qatar;DEF;25;TRUE;75;0;0;80.2;4;2;0;6.1
M020;20/06/2026;Group Stage;P00059;Julian Kamara;Australia;Qatar;MID;25;TRUE;72;0;0;91.4;3;0;0;5.9
M020;20/06/2026;Group Stage;P00067;Luca Ferreira;Australia;Qatar;FWD;21;TRUE;81;0;0;88.6;1;1;0;6.1
M020;20/06/2026;Group Stage;P00064;Nikolai Andersson;Australia;Qatar;MID;32;TRUE;80;0;0;95.8;2;4;0;6.4
M020;20/06/2026;Group Stage;P00060;Mateus Tanaka;Australia;Qatar;MID;30;TRUE;80;0;0;91.1;3;1;0;6.5
M020;20/06/2026;Group Stage;P00051;Mateus Torres;Australia;Qatar;DEF;33;TRUE;90;0;0;89.9;2;0;0;6.5
M020;20/06/2026;Group Stage;P00052;Thiago Weiss;Australia;Qatar;DEF;26;TRUE;69;0;0;81.5;1;0;0;6.0
M020;20/06/2026;Group Stage;P00056;Anders Ferreira;Australia;Qatar;DEF;24;FALSE;26;0;0;82.5;0;1;0;5.5
M020;20/06/2026;Group Stage;P00054;Julian Diallo;Australia;Qatar;DEF;27;FALSE;13;0;0;94.2;1;0;0;6.0
M020;20/06/2026;Group Stage;P00066;Ali Diallo;Australia;Qatar;FWD;22;FALSE;21;1;0;83.6;0;1;0;7.3
M020;20/06/2026;Group Stage;P00068;Rafael Fernandez;Australia;Qatar;FWD;21;FALSE;6;0;0;87.9;2;0;0;6.3
M020;20/06/2026;Group Stage;P00058;Andres Kim;Australia;Qatar;MID;28;FALSE;26;0;0;91.3;0;1;0;6.2
M020;20/06/2026;Group Stage;P00061;Alex Souza;Australia;Qatar;MID;24;FALSE;17;0;0;83.3;0;0;0;6.6
M020;20/06/2026;Group Stage;P00050;Kwame Kamara;Australia;Qatar;DEF;23;FALSE;21;0;0;86.4;0;0;0;6.4
M020;20/06/2026;Group Stage;P00784;Samuel Muller;Qatar;Australia;GK;24;TRUE;85;0;0;64.5;0;0;3;6.8
M020;20/06/2026;Group Stage;P00801;Carlos Kovacevic;Qatar;Australia;MID;26;TRUE;80;0;0;77.2;1;1;0;6.7
M020;20/06/2026;Group Stage;P00792;Samuel Andersson;Qatar;Australia;DEF;30;TRUE;86;0;0;90.2;1;0;0;6.1
M020;20/06/2026;Group Stage;P00804;Rafael Nasser;Qatar;Australia;FWD;27;TRUE;90;0;0;78.8;3;0;0;5.7
M020;20/06/2026;Group Stage;P00797;Yuki Almeida;Qatar;Australia;MID;28;TRUE;83;0;0;82.9;1;0;0;6.5
M020;20/06/2026;Group Stage;P00786;Sergio Balde;Qatar;Australia;DEF;19;TRUE;89;1;0;79.0;3;2;0;7.9
M020;20/06/2026;Group Stage;P00805;Marco Nasser;Qatar;Australia;FWD;26;TRUE;64;0;0;93.2;0;0;0;6.2
M020;20/06/2026;Group Stage;P00799;Tarek Garcia;Qatar;Australia;MID;24;TRUE;74;0;0;82.6;0;1;0;6.7
M020;20/06/2026;Group Stage;P00795;Marco Diallo;Qatar;Australia;MID;24;TRUE;80;0;0;92.5;1;2;0;5.7
M020;20/06/2026;Group Stage;P00794;Amir Yilmaz;Qatar;Australia;MID;24;TRUE;83;0;0;87.5;1;1;0;6.8
M020;20/06/2026;Group Stage;P00803;Sergio Torres;Qatar;Australia;FWD;19;TRUE;83;0;0;90.8;1;0;0;6.1
M020;20/06/2026;Group Stage;P00789;Sergio Nkomo;Qatar;Australia;DEF;23;FALSE;22;0;0;80.9;2;1;0;6.8
M020;20/06/2026;Group Stage;P00791;Kofi Bakker;Qatar;Australia;DEF;26;FALSE;17;0;0;92.2;0;1;0;6.3
M020;20/06/2026;Group Stage;P00788;Luca Diallo;Qatar;Australia;DEF;21;FALSE;28;0;0;82.0;0;0;0;5.8
M020;20/06/2026;Group Stage;P00793;Luca Martins;Qatar;Australia;DEF;27;FALSE;13;0;0;82.0;0;1;0;6.7
M020;20/06/2026;Group Stage;P00787;Yusuf Benali;Qatar;Australia;DEF;26;FALSE;6;0;0;79.3;0;0;0;6.6
M020;20/06/2026;Group Stage;P00800;Miguel Andersson;Qatar;Australia;MID;29;FALSE;17;0;0;68.3;0;1;0;6.6
M020;20/06/2026;Group Stage;P00790;Kevin Yilmaz;Qatar;Australia;DEF;27;FALSE;16;0;0;83.6;0;2;0;7.0
M021;21/06/2026;Group Stage;P00438;Thiago Horvat;Germany;Australia;GK;27;TRUE;82;0;0;74.7;0;0;4;6.6
M021;21/06/2026;Group Stage;P00455;Andres Weiss;Germany;Australia;MID;23;TRUE;88;0;0;81.8;2;0;0;6.2
M021;21/06/2026;Group Stage;P00441;Yusuf Hassan;Germany;Australia;DEF;24;TRUE;89;0;0;85.2;2;2;0;6.4
M021;21/06/2026;Group Stage;P00446;Omar Benali;Germany;Australia;DEF;24;TRUE;73;0;0;90.8;2;4;0;5.9
M021;21/06/2026;Group Stage;P00458;Amir Osei;Germany;Australia;FWD;18;TRUE;90;0;0;85.4;1;3;0;6.3
M021;21/06/2026;Group Stage;P00453;Bruno Torres;Germany;Australia;MID;25;TRUE;89;0;1;88.7;0;0;0;6.8
M021;21/06/2026;Group Stage;P00445;Kevin Costa;Germany;Australia;DEF;28;TRUE;81;0;0;99.0;3;0;0;7.3
M021;21/06/2026;Group Stage;P00459;Tomas Garcia;Germany;Australia;FWD;24;TRUE;85;0;0;93.3;4;0;0;6.6
M021;21/06/2026;Group Stage;P00448;Luca Mbeki;Germany;Australia;DEF;27;TRUE;81;0;0;85.9;2;1;0;7.0
M021;21/06/2026;Group Stage;P00450;Victor Mbeki;Germany;Australia;MID;18;TRUE;89;0;0;89.7;3;0;0;6.4
M021;21/06/2026;Group Stage;P00451;Amir Novak;Germany;Australia;MID;23;TRUE;85;0;0;89.9;3;1;0;7.1
M021;21/06/2026;Group Stage;P00452;Felix Lopez;Germany;Australia;MID;22;FALSE;25;1;0;83.8;1;1;0;6.8
M021;21/06/2026;Group Stage;P00447;Miguel Larsen;Germany;Australia;DEF;29;FALSE;22;0;0;81.0;1;0;0;6.3
M021;21/06/2026;Group Stage;P00456;Omar Hassan;Germany;Australia;MID;28;FALSE;12;0;0;66.3;0;0;0;5.8
M021;21/06/2026;Group Stage;P00442;Thiago Larsen;Germany;Australia;DEF;29;FALSE;29;0;0;92.1;0;0;0;5.5
M021;21/06/2026;Group Stage;P00449;Victor Sato;Germany;Australia;MID;30;FALSE;16;0;0;85.3;1;0;0;5.9
M021;21/06/2026;Group Stage;P00444;Thiago Garcia;Germany;Australia;DEF;22;FALSE;24;0;0;99.0;0;1;0;7.0
M021;21/06/2026;Group Stage;P00457;Sven Bakker;Germany;Australia;FWD;33;FALSE;16;0;0;78.9;1;1;0;6.9
M021;21/06/2026;Group Stage;P00048;Bruno Johnson;Australia;Germany;GK;34;TRUE;67;0;0;70.9;0;0;6;7.0
M021;21/06/2026;Group Stage;P00069;Marcus Dubois;Australia;Germany;FWD;24;TRUE;65;0;0;84.0;1;0;0;6.8
M021;21/06/2026;Group Stage;P00052;Thiago Weiss;Australia;Germany;DEF;26;TRUE;75;0;0;79.6;5;0;0;6.2
M021;21/06/2026;Group Stage;P00051;Mateus Torres;Australia;Germany;DEF;33;TRUE;83;0;0;76.9;5;1;0;6.4
M021;21/06/2026;Group Stage;P00060;Mateus Tanaka;Australia;Germany;MID;30;TRUE;90;0;0;89.3;1;1;0;5.8
M021;21/06/2026;Group Stage;P00059;Julian Kamara;Australia;Germany;MID;25;TRUE;85;0;1;80.0;0;2;0;5.7
M021;21/06/2026;Group Stage;P00065;Tarek Sato;Australia;Germany;MID;24;TRUE;84;0;0;88.1;3;2;0;7.6
M021;21/06/2026;Group Stage;P00064;Nikolai Andersson;Australia;Germany;MID;32;TRUE;70;0;0;86.0;3;0;0;4.9
M021;21/06/2026;Group Stage;P00056;Anders Ferreira;Australia;Germany;DEF;24;TRUE;75;0;0;90.7;2;2;0;6.2
M021;21/06/2026;Group Stage;P00055;Kofi Nasser;Australia;Germany;DEF;25;TRUE;79;0;0;91.8;2;1;0;6.2
M021;21/06/2026;Group Stage;P00057;Mateus Garcia;Australia;Germany;DEF;20;TRUE;76;0;0;87.3;1;3;0;6.6
M021;21/06/2026;Group Stage;P00054;Julian Diallo;Australia;Germany;DEF;27;FALSE;26;0;0;94.7;0;0;0;6.3
M021;21/06/2026;Group Stage;P00061;Alex Souza;Australia;Germany;MID;24;FALSE;9;0;1;80.5;0;0;0;6.3
M021;21/06/2026;Group Stage;P00062;Leon Balde;Australia;Germany;MID;18;FALSE;10;2;0;79.5;0;0;0;8.9
M021;21/06/2026;Group Stage;P00067;Luca Ferreira;Australia;Germany;FWD;21;FALSE;8;0;0;83.6;1;0;0;6.0
M021;21/06/2026;Group Stage;P00066;Ali Diallo;Australia;Germany;FWD;22;FALSE;26;0;0;83.2;0;0;0;6.1
M021;21/06/2026;Group Stage;P00050;Kwame Kamara;Australia;Germany;DEF;23;FALSE;12;0;1;88.5;2;1;0;6.3
M021;21/06/2026;Group Stage;P00053;Kevin Alves;Australia;Germany;DEF;26;FALSE;21;1;0;91.6;0;0;0;7.1
M022;21/06/2026;Group Stage;P00348;Pedro Rossi;Ecuador;Qatar;GK;29;TRUE;74;0;0;67.6;0;0;2;6.5
M022;21/06/2026;Group Stage;P00367;Gabriel Mbeki;Ecuador;Qatar;FWD;26;TRUE;90;0;0;93.8;1;0;0;6.6
M022;21/06/2026;Group Stage;P00362;Kwame Cruz;Ecuador;Qatar;MID;30;TRUE;83;0;0;88.6;2;2;0;6.4
M022;21/06/2026;Group Stage;P00360;Samuel Eriksen;Ecuador;Qatar;MID;22;TRUE;84;1;0;98.1;0;1;0;6.5
M022;21/06/2026;Group Stage;P00365;Kofi Johnson;Ecuador;Qatar;FWD;23;TRUE;83;0;0;89.2;2;0;0;7.2
M022;21/06/2026;Group Stage;P00356;Alex Torres;Ecuador;Qatar;DEF;26;TRUE;73;0;1;89.7;0;2;0;7.1
M022;21/06/2026;Group Stage;P00358;Pedro Nasser;Ecuador;Qatar;MID;26;TRUE;86;1;0;87.1;2;0;0;8.1
M022;21/06/2026;Group Stage;P00364;Erik Rossi;Ecuador;Qatar;MID;26;TRUE;90;0;0;82.5;1;0;0;5.3
M022;21/06/2026;Group Stage;P00355;Karim Costa;Ecuador;Qatar;DEF;25;TRUE;77;0;0;88.9;4;1;0;6.3
M022;21/06/2026;Group Stage;P00353;Chidi Kim;Ecuador;Qatar;DEF;25;TRUE;90;0;0;94.0;2;4;0;7.2
M022;21/06/2026;Group Stage;P00350;Daniel Garcia;Ecuador;Qatar;DEF;23;TRUE;69;0;1;90.3;3;3;0;6.5
M022;21/06/2026;Group Stage;P00354;Karim Rossi;Ecuador;Qatar;DEF;18;FALSE;24;0;0;85.9;2;0;0;6.1
M022;21/06/2026;Group Stage;P00352;Mateus Mbeki;Ecuador;Qatar;DEF;33;FALSE;26;0;0;84.7;0;0;0;5.5
M022;21/06/2026;Group Stage;P00368;Julian Petit;Ecuador;Qatar;FWD;28;FALSE;27;0;0;83.5;0;0;0;6.4
M022;21/06/2026;Group Stage;P00357;Chidi Balde;Ecuador;Qatar;MID;18;FALSE;11;0;0;91.8;0;1;0;6.0
M022;21/06/2026;Group Stage;P00359;Felix Rossi;Ecuador;Qatar;MID;25;FALSE;25;1;0;95.2;0;0;0;7.8
M022;21/06/2026;Group Stage;P00349;Chidi Bakker;Ecuador;Qatar;DEF;32;FALSE;7;0;0;84.3;1;0;0;6.0
M022;21/06/2026;Group Stage;P00351;Ali Kovacevic;Ecuador;Qatar;DEF;36;FALSE;8;0;0;99.0;2;1;0;6.5
M022;21/06/2026;Group Stage;P00785;Ahmed Muller;Qatar;Ecuador;GK;23;TRUE;85;0;0;56.5;0;0;5;7.0
M022;21/06/2026;Group Stage;P00801;Carlos Kovacevic;Qatar;Ecuador;MID;26;TRUE;90;0;0;86.5;2;1;0;5.6
M022;21/06/2026;Group Stage;P00793;Luca Martins;Qatar;Ecuador;DEF;27;TRUE;68;0;0;99.0;5;2;0;6.7
M022;21/06/2026;Group Stage;P00803;Sergio Torres;Qatar;Ecuador;FWD;19;TRUE;72;0;0;82.6;1;0;0;6.6
M022;21/06/2026;Group Stage;P00800;Miguel Andersson;Qatar;Ecuador;MID;29;TRUE;74;0;2;89.7;0;1;0;8.2
M022;21/06/2026;Group Stage;P00804;Rafael Nasser;Qatar;Ecuador;FWD;27;TRUE;82;1;0;89.5;0;0;0;6.6
M022;21/06/2026;Group Stage;P00794;Amir Yilmaz;Qatar;Ecuador;MID;24;TRUE;90;2;0;88.3;2;2;0;8.8
M022;21/06/2026;Group Stage;P00795;Marco Diallo;Qatar;Ecuador;MID;24;TRUE;86;0;0;88.6;2;1;0;5.9
M022;21/06/2026;Group Stage;P00797;Yuki Almeida;Qatar;Ecuador;MID;28;TRUE;90;0;0;88.3;1;2;0;6.6
M022;21/06/2026;Group Stage;P00787;Yusuf Benali;Qatar;Ecuador;DEF;26;TRUE;72;0;0;99.0;2;0;0;6.4
M022;21/06/2026;Group Stage;P00802;Erik Andersson;Qatar;Ecuador;FWD;24;TRUE;86;0;0;83.2;0;2;0;6.1
M022;21/06/2026;Group Stage;P00805;Marco Nasser;Qatar;Ecuador;FWD;26;FALSE;25;0;0;85.0;1;2;0;6.2
M022;21/06/2026;Group Stage;P00788;Luca Diallo;Qatar;Ecuador;DEF;21;FALSE;24;0;0;88.7;0;0;0;6.8
M022;21/06/2026;Group Stage;P00796;Samuel Farah;Qatar;Ecuador;MID;23;FALSE;19;0;0;88.4;0;2;0;6.3
M022;21/06/2026;Group Stage;P00792;Samuel Andersson;Qatar;Ecuador;DEF;30;FALSE;10;0;0;84.8;1;0;0;6.3
M022;21/06/2026;Group Stage;P00786;Sergio Balde;Qatar;Ecuador;DEF;19;FALSE;12;0;0;76.9;0;1;0;5.4
M022;21/06/2026;Group Stage;P00790;Kevin Yilmaz;Qatar;Ecuador;DEF;27;FALSE;26;0;0;91.3;1;0;0;6.3
M022;21/06/2026;Group Stage;P00799;Tarek Garcia;Qatar;Ecuador;MID;24;FALSE;9;0;0;87.5;1;0;0;7.0
M023;22/06/2026;Group Stage;P00439;Nikolai Alves;Germany;Qatar;GK;27;TRUE;73;0;0;80.5;0;0;0;5.8
M023;22/06/2026;Group Stage;P00453;Bruno Torres;Germany;Qatar;MID;25;TRUE;76;0;0;84.3;2;0;0;6.4
M023;22/06/2026;Group Stage;P00458;Amir Osei;Germany;Qatar;FWD;18;TRUE;90;2;0;86.7;0;0;0;8.8
M023;22/06/2026;Group Stage;P00446;Omar Benali;Germany;Qatar;DEF;24;TRUE;83;0;0;86.4;5;0;0;6.9
M023;22/06/2026;Group Stage;P00447;Miguel Larsen;Germany;Qatar;DEF;29;TRUE;90;0;0;85.7;2;3;0;6.7
M023;22/06/2026;Group Stage;P00456;Omar Hassan;Germany;Qatar;MID;28;TRUE;87;0;1;92.3;2;2;0;8.2
M023;22/06/2026;Group Stage;P00460;Andres Costa;Germany;Qatar;FWD;27;TRUE;88;0;0;96.6;2;1;0;7.3
M023;22/06/2026;Group Stage;P00442;Thiago Larsen;Germany;Qatar;DEF;29;TRUE;85;0;0;86.9;3;2;0;6.2
M023;22/06/2026;Group Stage;P00443;Mohamed Alves;Germany;Qatar;DEF;34;TRUE;83;0;0;82.6;2;1;0;6.9
M023;22/06/2026;Group Stage;P00459;Tomas Garcia;Germany;Qatar;FWD;24;TRUE;80;0;0;80.8;2;1;0;6.1
M023;22/06/2026;Group Stage;P00450;Victor Mbeki;Germany;Qatar;MID;18;TRUE;89;0;0;85.9;1;2;0;5.9
M023;22/06/2026;Group Stage;P00441;Yusuf Hassan;Germany;Qatar;DEF;24;FALSE;13;0;0;87.1;0;1;0;6.4
M023;22/06/2026;Group Stage;P00452;Felix Lopez;Germany;Qatar;MID;22;FALSE;17;0;0;71.4;0;0;0;6.5
M023;22/06/2026;Group Stage;P00448;Luca Mbeki;Germany;Qatar;DEF;27;FALSE;26;0;0;85.6;0;0;0;6.4
M023;22/06/2026;Group Stage;P00457;Sven Bakker;Germany;Qatar;FWD;33;FALSE;8;1;0;91.3;1;1;0;7.6
M023;22/06/2026;Group Stage;P00445;Kevin Costa;Germany;Qatar;DEF;28;FALSE;11;0;0;80.7;1;1;0;5.6
M023;22/06/2026;Group Stage;P00455;Andres Weiss;Germany;Qatar;MID;23;FALSE;11;0;0;77.3;0;0;0;5.5
M023;22/06/2026;Group Stage;P00449;Victor Sato;Germany;Qatar;MID;30;FALSE;15;1;0;78.9;1;0;0;6.7
M023;22/06/2026;Group Stage;P00784;Samuel Muller;Qatar;Germany;GK;24;TRUE;84;0;0;77.2;0;0;5;5.9
M023;22/06/2026;Group Stage;P00788;Luca Diallo;Qatar;Germany;DEF;21;TRUE;88;0;0;87.6;1;2;0;6.4
M023;22/06/2026;Group Stage;P00792;Samuel Andersson;Qatar;Germany;DEF;30;TRUE;77;0;0;87.5;3;1;0;6.4
M023;22/06/2026;Group Stage;P00789;Sergio Nkomo;Qatar;Germany;DEF;23;TRUE;86;0;0;85.6;1;0;0;5.9
M023;22/06/2026;Group Stage;P00797;Yuki Almeida;Qatar;Germany;MID;28;TRUE;89;0;0;86.8;2;0;0;6.1
M023;22/06/2026;Group Stage;P00791;Kofi Bakker;Qatar;Germany;DEF;26;TRUE;78;0;0;93.8;2;2;0;5.7
M023;22/06/2026;Group Stage;P00801;Carlos Kovacevic;Qatar;Germany;MID;26;TRUE;86;0;0;93.3;1;1;0;6.0
M023;22/06/2026;Group Stage;P00802;Erik Andersson;Qatar;Germany;FWD;24;TRUE;82;0;0;86.7;0;3;0;6.2
M023;22/06/2026;Group Stage;P00800;Miguel Andersson;Qatar;Germany;MID;29;TRUE;90;0;0;75.3;3;0;0;6.2
M023;22/06/2026;Group Stage;P00799;Tarek Garcia;Qatar;Germany;MID;24;TRUE;78;0;0;85.5;0;1;0;5.5
M023;22/06/2026;Group Stage;P00796;Samuel Farah;Qatar;Germany;MID;23;TRUE;90;0;0;90.8;4;3;0;6.8
M023;22/06/2026;Group Stage;P00786;Sergio Balde;Qatar;Germany;DEF;19;FALSE;9;0;0;81.4;2;0;0;7.1
M023;22/06/2026;Group Stage;P00794;Amir Yilmaz;Qatar;Germany;MID;24;FALSE;7;0;0;81.3;0;0;0;5.8
M023;22/06/2026;Group Stage;P00787;Yusuf Benali;Qatar;Germany;DEF;26;FALSE;29;0;0;86.7;1;0;0;5.9
M023;22/06/2026;Group Stage;P00803;Sergio Torres;Qatar;Germany;FWD;19;FALSE;13;0;0;88.0;0;0;0;5.8
M023;22/06/2026;Group Stage;P00790;Kevin Yilmaz;Qatar;Germany;DEF;27;FALSE;24;0;0;88.9;0;1;0;5.4
M023;22/06/2026;Group Stage;P00804;Rafael Nasser;Qatar;Germany;FWD;27;FALSE;15;0;0;83.3;1;1;0;5.0
M023;22/06/2026;Group Stage;P00795;Marco Diallo;Qatar;Germany;MID;24;FALSE;8;0;0;84.8;1;1;0;6.8
M024;22/06/2026;Group Stage;P00348;Pedro Rossi;Ecuador;Australia;GK;29;TRUE;85;0;0;84.8;0;0;4;6.3
M024;22/06/2026;Group Stage;P00364;Erik Rossi;Ecuador;Australia;MID;26;TRUE;79;0;0;85.4;0;1;0;6.2
M024;22/06/2026;Group Stage;P00350;Daniel Garcia;Ecuador;Australia;DEF;23;TRUE;79;0;0;83.8;4;0;0;6.4
M024;22/06/2026;Group Stage;P00360;Samuel Eriksen;Ecuador;Australia;MID;22;TRUE;86;0;0;91.5;1;0;0;7.0
M024;22/06/2026;Group Stage;P00352;Mateus Mbeki;Ecuador;Australia;DEF;33;TRUE;78;0;1;94.7;1;0;0;7.0
M024;22/06/2026;Group Stage;P00366;Bruno Benali;Ecuador;Australia;FWD;22;TRUE;63;1;0;93.8;0;1;0;7.4
M024;22/06/2026;Group Stage;P00357;Chidi Balde;Ecuador;Australia;MID;18;TRUE;80;0;0;82.5;0;1;0;6.7
M024;22/06/2026;Group Stage;P00354;Karim Rossi;Ecuador;Australia;DEF;18;TRUE;90;0;0;86.6;2;3;0;6.4
M024;22/06/2026;Group Stage;P00361;Hugo Yilmaz;Ecuador;Australia;MID;28;TRUE;84;0;0;86.5;2;1;0;6.2
M024;22/06/2026;Group Stage;P00358;Pedro Nasser;Ecuador;Australia;MID;26;TRUE;84;0;0;88.1;2;1;0;6.8
M024;22/06/2026;Group Stage;P00367;Gabriel Mbeki;Ecuador;Australia;FWD;26;TRUE;76;1;0;82.2;2;1;0;7.7
M024;22/06/2026;Group Stage;P00349;Chidi Bakker;Ecuador;Australia;DEF;32;FALSE;10;0;0;99.0;1;0;0;5.9
M024;22/06/2026;Group Stage;P00355;Karim Costa;Ecuador;Australia;DEF;25;FALSE;8;0;0;95.4;0;0;0;6.0
M024;22/06/2026;Group Stage;P00356;Alex Torres;Ecuador;Australia;DEF;26;FALSE;6;0;0;79.9;0;0;0;5.9
M024;22/06/2026;Group Stage;P00353;Chidi Kim;Ecuador;Australia;DEF;25;FALSE;25;0;0;82.5;0;0;0;7.0
M024;22/06/2026;Group Stage;P00351;Ali Kovacevic;Ecuador;Australia;DEF;36;FALSE;19;0;0;85.5;1;0;0;5.6
M024;22/06/2026;Group Stage;P00365;Kofi Johnson;Ecuador;Australia;FWD;23;FALSE;23;0;0;86.5;0;0;0;6.1
M024;22/06/2026;Group Stage;P00368;Julian Petit;Ecuador;Australia;FWD;28;FALSE;12;0;0;84.7;1;1;0;6.0
M024;22/06/2026;Group Stage;P00047;Lucas Torres;Australia;Ecuador;GK;27;TRUE;81;0;0;74.9;0;0;1;6.9
M024;22/06/2026;Group Stage;P00065;Tarek Sato;Australia;Ecuador;MID;24;TRUE;82;0;0;86.3;2;2;0;6.3
M024;22/06/2026;Group Stage;P00053;Kevin Alves;Australia;Ecuador;DEF;26;TRUE;80;0;0;83.7;2;2;0;5.7
M024;22/06/2026;Group Stage;P00052;Thiago Weiss;Australia;Ecuador;DEF;26;TRUE;90;0;0;88.8;2;3;0;6.7
M024;22/06/2026;Group Stage;P00058;Andres Kim;Australia;Ecuador;MID;28;TRUE;72;0;0;79.5;2;1;0;6.3
M024;22/06/2026;Group Stage;P00055;Kofi Nasser;Australia;Ecuador;DEF;25;TRUE;76;0;0;91.4;3;1;0;5.6
M024;22/06/2026;Group Stage;P00067;Luca Ferreira;Australia;Ecuador;FWD;21;TRUE;87;0;0;92.4;1;1;0;5.9
M024;22/06/2026;Group Stage;P00066;Ali Diallo;Australia;Ecuador;FWD;22;TRUE;81;1;0;91.6;1;0;0;7.9
M024;22/06/2026;Group Stage;P00054;Julian Diallo;Australia;Ecuador;DEF;27;TRUE;82;0;0;84.3;1;3;0;4.9
M024;22/06/2026;Group Stage;P00060;Mateus Tanaka;Australia;Ecuador;MID;30;TRUE;81;0;0;92.0;3;1;0;6.6
M024;22/06/2026;Group Stage;P00061;Alex Souza;Australia;Ecuador;MID;24;TRUE;90;0;0;86.7;1;2;0;5.6
M024;22/06/2026;Group Stage;P00063;Miguel Eriksen;Australia;Ecuador;MID;25;FALSE;10;0;1;88.9;2;1;0;7.0
M024;22/06/2026;Group Stage;P00056;Anders Ferreira;Australia;Ecuador;DEF;24;FALSE;27;0;0;82.0;0;0;0;6.4
M024;22/06/2026;Group Stage;P00059;Julian Kamara;Australia;Ecuador;MID;25;FALSE;8;1;0;83.0;2;0;0;6.7
M024;22/06/2026;Group Stage;P00064;Nikolai Andersson;Australia;Ecuador;MID;32;FALSE;22;0;0;88.8;0;1;0;5.9
M024;22/06/2026;Group Stage;P00062;Leon Balde;Australia;Ecuador;MID;18;FALSE;10;0;0;81.4;2;0;0;6.0
M024;22/06/2026;Group Stage;P00068;Rafael Fernandez;Australia;Ecuador;FWD;21;FALSE;13;0;0;86.6;1;0;0;6.2
M024;22/06/2026;Group Stage;P00057;Mateus Garcia;Australia;Ecuador;DEF;20;FALSE;7;0;0;75.2;0;1;0;7.0
M025;23/06/2026;Group Stage;P00255;Karim Popov;Croatia;Canada;GK;26;TRUE;72;0;0;66.8;0;0;4;6.3
M025;23/06/2026;Group Stage;P00273;Lucas Benali;Croatia;Canada;FWD;27;TRUE;90;0;0;93.3;3;0;0;6.8
M025;23/06/2026;Group Stage;P00272;Ruben Dubois;Croatia;Canada;MID;31;TRUE;89;1;0;93.0;1;0;0;8.0
M025;23/06/2026;Group Stage;P00258;Andres Tanaka;Croatia;Canada;DEF;22;TRUE;90;0;0;86.7;3;3;0;7.2
M025;23/06/2026;Group Stage;P00274;Yuki Ibrahim;Croatia;Canada;FWD;23;TRUE;90;0;0;88.2;3;0;0;5.3
M025;23/06/2026;Group Stage;P00259;Julian Ibrahim;Croatia;Canada;DEF;25;TRUE;79;0;0;90.1;0;1;0;6.5
M025;23/06/2026;Group Stage;P00275;Erik Petit;Croatia;Canada;FWD;28;TRUE;82;0;0;89.6;3;0;0;6.2
M025;23/06/2026;Group Stage;P00266;Diego Ferreira;Croatia;Canada;MID;26;TRUE;87;0;0;94.3;1;2;0;6.8
M025;23/06/2026;Group Stage;P00267;Carlos Alves;Croatia;Canada;MID;23;TRUE;80;0;0;87.8;0;2;0;6.5
M025;23/06/2026;Group Stage;P00269;Andres Cruz;Croatia;Canada;MID;23;TRUE;90;0;0;72.7;0;0;0;6.7
M025;23/06/2026;Group Stage;P00270;Ahmed Mensah;Croatia;Canada;MID;28;TRUE;80;0;0;83.8;2;0;0;6.5
M025;23/06/2026;Group Stage;P00265;Mateus Benali;Croatia;Canada;MID;31;FALSE;12;0;0;91.2;2;1;0;6.9
M025;23/06/2026;Group Stage;P00268;Thiago Martins;Croatia;Canada;MID;27;FALSE;28;0;0;71.3;1;1;0;6.0
M025;23/06/2026;Group Stage;P00261;Andres Kovac;Croatia;Canada;DEF;30;FALSE;27;0;0;92.1;0;1;0;5.5
M025;23/06/2026;Group Stage;P00264;Kofi Horvat;Croatia;Canada;DEF;27;FALSE;13;0;0;95.9;1;0;0;5.9
M025;23/06/2026;Group Stage;P00262;Ismael Garcia;Croatia;Canada;DEF;29;FALSE;18;0;0;77.9;3;0;0;6.1
M025;23/06/2026;Group Stage;P00276;Ismael Petit;Croatia;Canada;FWD;29;FALSE;24;0;0;91.8;2;1;0;5.9
M025;23/06/2026;Group Stage;P00260;Yusuf Rossi;Croatia;Canada;DEF;28;FALSE;16;0;0;86.3;0;1;0;6.4
M025;23/06/2026;Group Stage;P00164;Pedro Popov;Canada;Croatia;GK;20;TRUE;76;0;0;77.5;0;0;2;6.2
M025;23/06/2026;Group Stage;P00181;Tomas Andersson;Canada;Croatia;FWD;24;TRUE;82;0;0;85.6;1;1;0;6.3
M025;23/06/2026;Group Stage;P00167;Lucas Hassan;Canada;Croatia;DEF;23;TRUE;80;0;1;83.8;4;3;0;7.4
M025;23/06/2026;Group Stage;P00176;Gabriel Muller;Canada;Croatia;MID;25;TRUE;72;0;0;85.0;0;2;0;7.1
M025;23/06/2026;Group Stage;P00175;Carlos Wagner;Canada;Croatia;MID;22;TRUE;90;1;0;91.9;2;0;0;8.2
M025;23/06/2026;Group Stage;P00171;Samuel Kamara;Canada;Croatia;DEF;22;TRUE;82;0;0;79.7;3;1;0;5.6
M025;23/06/2026;Group Stage;P00169;Gabriel Johnson;Canada;Croatia;DEF;21;TRUE;86;0;0;82.3;2;2;0;5.7
M025;23/06/2026;Group Stage;P00183;Sergio Toure;Canada;Croatia;FWD;27;TRUE;79;0;0;91.3;3;0;0;6.2
M025;23/06/2026;Group Stage;P00174;Ahmed Kovac;Canada;Croatia;MID;29;TRUE;77;0;0;92.6;2;4;0;6.0
M025;23/06/2026;Group Stage;P00177;Amir Mbeki;Canada;Croatia;MID;29;TRUE;76;1;1;93.5;1;0;0;8.0
M025;23/06/2026;Group Stage;P00165;Chidi Garcia;Canada;Croatia;DEF;27;TRUE;90;0;0;89.5;1;1;0;7.6
M025;23/06/2026;Group Stage;P00172;Rafael Johnson;Canada;Croatia;DEF;26;FALSE;28;0;1;87.7;2;0;0;7.2
M025;23/06/2026;Group Stage;P00170;Marcus Nakamura;Canada;Croatia;DEF;22;FALSE;25;0;2;87.0;0;0;0;7.5
M025;23/06/2026;Group Stage;P00178;Ahmed Haddad;Canada;Croatia;MID;28;FALSE;8;0;0;78.8;1;1;0;6.2
M025;23/06/2026;Group Stage;P00180;Luca Benali;Canada;Croatia;MID;28;FALSE;18;1;0;78.4;0;0;0;7.4
M025;23/06/2026;Group Stage;P00184;Kevin Benali;Canada;Croatia;FWD;30;FALSE;8;0;0;83.5;1;0;0;6.3
M025;23/06/2026;Group Stage;P00182;Jonas Costa;Canada;Croatia;FWD;27;FALSE;25;1;0;72.0;3;2;0;6.8
M025;23/06/2026;Group Stage;P00179;Erik Novak;Canada;Croatia;MID;20;FALSE;21;1;0;82.9;0;1;0;7.6
M026;23/06/2026;Group Stage;P01015;Felix Eriksen;Türkiye;Jordan;GK;24;TRUE;86;0;0;72.5;0;0;1;6.0
M026;23/06/2026;Group Stage;P01020;Hugo Johnson;Türkiye;Jordan;DEF;29;TRUE;84;0;0;82.3;4;1;0;7.2
M026;23/06/2026;Group Stage;P01035;Jonas Toure;Türkiye;Jordan;FWD;35;TRUE;80;0;0;90.6;0;2;0;6.0
M026;23/06/2026;Group Stage;P01024;Daniel Reyes;Türkiye;Jordan;MID;24;TRUE;90;0;0;91.2;0;0;0;6.5
M026;23/06/2026;Group Stage;P01028;Yuki Eriksen;Türkiye;Jordan;MID;26;TRUE;82;0;0;99.0;0;0;0;6.4
M026;23/06/2026;Group Stage;P01033;Josef Popov;Türkiye;Jordan;FWD;26;TRUE;84;0;0;98.1;1;0;0;7.2
M026;23/06/2026;Group Stage;P01017;Andres Haddad;Türkiye;Jordan;DEF;31;TRUE;86;0;0;79.3;1;1;0;6.5
M026;23/06/2026;Group Stage;P01031;Daniel Diallo;Türkiye;Jordan;MID;33;TRUE;89;0;0;86.6;1;0;0;6.3
M026;23/06/2026;Group Stage;P01034;Kevin Kim;Türkiye;Jordan;FWD;25;TRUE;83;0;0;90.8;0;0;0;6.6
M026;23/06/2026;Group Stage;P01021;Andres Reyes;Türkiye;Jordan;DEF;21;TRUE;90;0;0;93.4;0;0;0;6.7
M026;23/06/2026;Group Stage;P01025;Elias Sato;Türkiye;Jordan;MID;26;TRUE;83;0;0;88.4;4;0;0;7.0
M026;23/06/2026;Group Stage;P01032;Emre Rossi;Türkiye;Jordan;FWD;32;FALSE;13;0;0;85.8;3;0;0;6.5
M026;23/06/2026;Group Stage;P01030;Sergio Silva;Türkiye;Jordan;MID;29;FALSE;18;0;0;83.6;1;0;0;6.6
M026;23/06/2026;Group Stage;P01019;Sergio Mensah;Türkiye;Jordan;DEF;31;FALSE;6;0;0;87.2;1;0;0;6.3
M026;23/06/2026;Group Stage;P01026;Erik Torres;Türkiye;Jordan;MID;29;FALSE;22;0;0;84.8;0;0;0;5.3
M026;23/06/2026;Group Stage;P01016;Emre Horvat;Türkiye;Jordan;DEF;28;FALSE;9;0;0;90.2;0;1;0;6.7
M026;23/06/2026;Group Stage;P01023;Elias Diallo;Türkiye;Jordan;DEF;27;FALSE;14;0;0;99.0;0;1;0;6.4
M026;23/06/2026;Group Stage;P01027;Leon Nakamura;Türkiye;Jordan;MID;24;FALSE;6;0;0;89.9;0;2;0;6.0
M026;23/06/2026;Group Stage;P00599;Mohamed Berg;Jordan;Türkiye;GK;33;TRUE;90;0;0;66.2;0;0;5;6.5
M026;23/06/2026;Group Stage;P00615;Samuel Rossi;Jordan;Türkiye;MID;22;TRUE;80;0;0;91.7;2;2;0;6.0
M026;23/06/2026;Group Stage;P00620;Ivan Balde;Jordan;Türkiye;FWD;26;TRUE;71;0;0;87.9;2;2;0;6.8
M026;23/06/2026;Group Stage;P00605;Marcus Diallo;Jordan;Türkiye;DEF;27;TRUE;83;0;0;80.6;4;0;0;6.7
M026;23/06/2026;Group Stage;P00613;Leon Rossi;Jordan;Türkiye;MID;25;TRUE;72;0;0;92.3;1;0;0;7.3
M026;23/06/2026;Group Stage;P00611;Sven Nkomo;Jordan;Türkiye;MID;26;TRUE;69;0;0;83.9;0;2;0;6.1
M026;23/06/2026;Group Stage;P00614;Elias Reyes;Jordan;Türkiye;MID;29;TRUE;87;0;0;91.9;2;0;0;6.9
M026;23/06/2026;Group Stage;P00616;Victor Muller;Jordan;Türkiye;MID;28;TRUE;87;0;0;95.9;3;2;0;6.1
M026;23/06/2026;Group Stage;P00619;Ismael Almeida;Jordan;Türkiye;FWD;28;TRUE;80;0;0;95.0;1;2;0;6.1
M026;23/06/2026;Group Stage;P00604;Kofi Farah;Jordan;Türkiye;DEF;18;TRUE;84;0;0;99.0;1;3;0;5.7
M026;23/06/2026;Group Stage;P00612;Mohamed Cruz;Jordan;Türkiye;MID;30;TRUE;77;0;0;86.6;0;3;0;6.5
M026;23/06/2026;Group Stage;P00603;Marco Osei;Jordan;Türkiye;DEF;18;FALSE;21;0;0;81.7;2;0;0;6.1
M026;23/06/2026;Group Stage;P00608;Alex Balde;Jordan;Türkiye;DEF;31;FALSE;23;0;0;97.4;0;0;0;7.1
M026;23/06/2026;Group Stage;P00609;Tomas Silva;Jordan;Türkiye;DEF;24;FALSE;8;0;0;77.1;1;1;0;6.9
M026;23/06/2026;Group Stage;P00617;Adama Kamara;Jordan;Türkiye;MID;24;FALSE;28;0;0;81.3;0;0;0;6.1
M026;23/06/2026;Group Stage;P00606;Tomas Benali;Jordan;Türkiye;DEF;21;FALSE;29;0;0;96.5;1;1;0;6.6
M026;23/06/2026;Group Stage;P00618;Thiago Johnson;Jordan;Türkiye;FWD;25;FALSE;14;0;0;89.8;0;0;0;7.1
M026;23/06/2026;Group Stage;P00621;Lucas Popov;Jordan;Türkiye;FWD;25;FALSE;28;0;0;91.0;0;0;0;5.6
M027;24/06/2026;Group Stage;P00255;Karim Popov;Croatia;Türkiye;GK;26;TRUE;90;0;0;74.3;0;0;1;6.8
M027;24/06/2026;Group Stage;P00274;Yuki Ibrahim;Croatia;Türkiye;FWD;23;TRUE;80;1;0;72.9;0;1;0;7.5
M027;24/06/2026;Group Stage;P00269;Andres Cruz;Croatia;Türkiye;MID;23;TRUE;90;0;0;94.7;0;2;0;5.5
M027;24/06/2026;Group Stage;P00267;Carlos Alves;Croatia;Türkiye;MID;23;TRUE;88;0;0;75.4;2;0;0;6.6
M027;24/06/2026;Group Stage;P00258;Andres Tanaka;Croatia;Türkiye;DEF;22;TRUE;90;0;0;87.0;3;3;0;5.1
M027;24/06/2026;Group Stage;P00276;Ismael Petit;Croatia;Türkiye;FWD;29;TRUE;67;0;0;88.1;0;0;0;7.8
M027;24/06/2026;Group Stage;P00272;Ruben Dubois;Croatia;Türkiye;MID;31;TRUE;90;0;0;91.9;0;1;0;6.6
M027;24/06/2026;Group Stage;P00262;Ismael Garcia;Croatia;Türkiye;DEF;29;TRUE;81;0;0;98.1;0;3;0;6.2
M027;24/06/2026;Group Stage;P00275;Erik Petit;Croatia;Türkiye;FWD;28;TRUE;90;0;0;87.3;0;0;0;6.5
M027;24/06/2026;Group Stage;P00264;Kofi Horvat;Croatia;Türkiye;DEF;27;TRUE;86;0;0;99.0;4;1;0;5.8
M027;24/06/2026;Group Stage;P00265;Mateus Benali;Croatia;Türkiye;MID;31;TRUE;84;0;0;91.7;0;1;0;7.1
M027;24/06/2026;Group Stage;P00266;Diego Ferreira;Croatia;Türkiye;MID;26;FALSE;20;0;0;81.9;0;0;0;6.2
M027;24/06/2026;Group Stage;P00261;Andres Kovac;Croatia;Türkiye;DEF;30;FALSE;6;0;0;85.2;1;1;0;6.5
M027;24/06/2026;Group Stage;P00271;Amir Farah;Croatia;Türkiye;MID;25;FALSE;15;0;0;80.4;3;0;0;6.0
M027;24/06/2026;Group Stage;P00260;Yusuf Rossi;Croatia;Türkiye;DEF;28;FALSE;17;0;0;78.4;1;0;0;5.6
M027;24/06/2026;Group Stage;P00259;Julian Ibrahim;Croatia;Türkiye;DEF;25;FALSE;21;0;0;72.6;0;0;0;6.4
M027;24/06/2026;Group Stage;P00273;Lucas Benali;Croatia;Türkiye;FWD;27;FALSE;8;0;1;87.2;1;0;0;6.6
M027;24/06/2026;Group Stage;P00263;Karim Garcia;Croatia;Türkiye;DEF;18;FALSE;22;0;0;92.1;2;0;0;7.1
M027;24/06/2026;Group Stage;P01014;Ruben Sato;Türkiye;Croatia;GK;21;TRUE;90;0;0;67.3;0;0;5;5.9
M027;24/06/2026;Group Stage;P01030;Sergio Silva;Türkiye;Croatia;MID;29;TRUE;90;0;0;91.2;2;2;0;6.7
M027;24/06/2026;Group Stage;P01028;Yuki Eriksen;Türkiye;Croatia;MID;26;TRUE;70;0;0;86.4;1;3;0;7.1
M027;24/06/2026;Group Stage;P01025;Elias Sato;Türkiye;Croatia;MID;26;TRUE;76;0;0;79.2;2;1;0;7.1
M027;24/06/2026;Group Stage;P01021;Andres Reyes;Türkiye;Croatia;DEF;21;TRUE;73;0;0;98.6;2;3;0;6.6
M027;24/06/2026;Group Stage;P01018;Lucas Toure;Türkiye;Croatia;DEF;18;TRUE;80;0;0;83.5;4;0;0;7.0
M027;24/06/2026;Group Stage;P01031;Daniel Diallo;Türkiye;Croatia;MID;33;TRUE;89;0;0;84.1;3;1;0;5.8
M027;24/06/2026;Group Stage;P01020;Hugo Johnson;Türkiye;Croatia;DEF;29;TRUE;81;0;0;91.9;2;0;0;6.8
M027;24/06/2026;Group Stage;P01027;Leon Nakamura;Türkiye;Croatia;MID;24;TRUE;89;1;0;95.8;2;3;0;7.2
M027;24/06/2026;Group Stage;P01029;Tarek Novak;Türkiye;Croatia;MID;27;TRUE;79;0;0;79.4;1;1;0;6.4
M027;24/06/2026;Group Stage;P01034;Kevin Kim;Türkiye;Croatia;FWD;25;TRUE;72;0;0;94.4;0;0;0;4.9
M027;24/06/2026;Group Stage;P01035;Jonas Toure;Türkiye;Croatia;FWD;35;FALSE;22;0;1;86.8;1;0;0;6.2
M027;24/06/2026;Group Stage;P01033;Josef Popov;Türkiye;Croatia;FWD;26;FALSE;12;0;0;78.0;1;0;0;6.3
M027;24/06/2026;Group Stage;P01024;Daniel Reyes;Türkiye;Croatia;MID;24;FALSE;13;0;0;93.9;0;1;0;6.3
M027;24/06/2026;Group Stage;P01016;Emre Horvat;Türkiye;Croatia;DEF;28;FALSE;26;0;0;87.0;0;0;0;6.4
M027;24/06/2026;Group Stage;P01017;Andres Haddad;Türkiye;Croatia;DEF;31;FALSE;12;0;0;93.8;0;1;0;6.0
M027;24/06/2026;Group Stage;P01023;Elias Diallo;Türkiye;Croatia;DEF;27;FALSE;8;0;0;83.9;3;0;0;6.8
M027;24/06/2026;Group Stage;P01026;Erik Torres;Türkiye;Croatia;MID;29;FALSE;21;0;0;88.6;1;2;0;6.3
M028;24/06/2026;Group Stage;P00164;Pedro Popov;Canada;Jordan;GK;20;TRUE;71;0;0;78.0;0;0;1;5.9
M028;24/06/2026;Group Stage;P00176;Gabriel Muller;Canada;Jordan;MID;25;TRUE;79;0;0;90.6;0;3;0;6.7
M028;24/06/2026;Group Stage;P00179;Erik Novak;Canada;Jordan;MID;20;TRUE;90;0;0;77.5;1;1;0;7.0
M028;24/06/2026;Group Stage;P00184;Kevin Benali;Canada;Jordan;FWD;30;TRUE;65;0;0;86.2;1;0;0;6.0
M028;24/06/2026;Group Stage;P00178;Ahmed Haddad;Canada;Jordan;MID;28;TRUE;81;0;0;94.4;0;0;0;5.7
M028;24/06/2026;Group Stage;P00167;Lucas Hassan;Canada;Jordan;DEF;23;TRUE;76;0;0;88.7;2;0;0;6.5
M028;24/06/2026;Group Stage;P00181;Tomas Andersson;Canada;Jordan;FWD;24;TRUE;73;0;0;85.8;1;1;0;5.9
M028;24/06/2026;Group Stage;P00172;Rafael Johnson;Canada;Jordan;DEF;26;TRUE;90;0;0;89.3;0;2;0;7.0
M028;24/06/2026;Group Stage;P00170;Marcus Nakamura;Canada;Jordan;DEF;22;TRUE;81;0;0;86.2;1;0;0;5.9
M028;24/06/2026;Group Stage;P00180;Luca Benali;Canada;Jordan;MID;28;TRUE;82;2;0;81.1;0;0;0;8.9
M028;24/06/2026;Group Stage;P00169;Gabriel Johnson;Canada;Jordan;DEF;21;TRUE;89;0;0;94.6;3;2;0;7.5
M028;24/06/2026;Group Stage;P00173;Thiago Reyes;Canada;Jordan;MID;25;FALSE;7;1;1;89.7;0;0;0;7.7
M028;24/06/2026;Group Stage;P00182;Jonas Costa;Canada;Jordan;FWD;27;FALSE;26;1;0;87.8;0;2;0;6.4
M028;24/06/2026;Group Stage;P00165;Chidi Garcia;Canada;Jordan;DEF;27;FALSE;17;0;0;78.3;0;0;0;6.0
M028;24/06/2026;Group Stage;P00175;Carlos Wagner;Canada;Jordan;MID;22;FALSE;28;0;1;89.5;1;1;0;7.7
M028;24/06/2026;Group Stage;P00166;Alex Fernandez;Canada;Jordan;DEF;30;FALSE;15;0;0;74.8;0;0;0;5.8
M028;24/06/2026;Group Stage;P00168;Luca Johnson;Canada;Jordan;DEF;28;FALSE;7;0;0;80.5;1;0;0;6.3
M028;24/06/2026;Group Stage;P00174;Ahmed Kovac;Canada;Jordan;MID;29;FALSE;6;0;0;85.7;0;1;0;6.3
M028;24/06/2026;Group Stage;P00601;Emre Yilmaz;Jordan;Canada;GK;26;TRUE;82;0;0;68.0;0;0;6;7.0
M028;24/06/2026;Group Stage;P00605;Marcus Diallo;Jordan;Canada;DEF;27;TRUE;73;0;0;96.9;1;2;0;6.5
M028;24/06/2026;Group Stage;P00608;Alex Balde;Jordan;Canada;DEF;31;TRUE;90;0;0;82.8;3;2;0;7.4
M028;24/06/2026;Group Stage;P00609;Tomas Silva;Jordan;Canada;DEF;24;TRUE;84;0;0;78.9;3;3;0;7.0
M028;24/06/2026;Group Stage;P00603;Marco Osei;Jordan;Canada;DEF;18;TRUE;80;0;0;82.6;1;2;0;6.2
M028;24/06/2026;Group Stage;P00606;Tomas Benali;Jordan;Canada;DEF;21;TRUE;81;0;0;83.5;0;1;0;6.1
M028;24/06/2026;Group Stage;P00611;Sven Nkomo;Jordan;Canada;MID;26;TRUE;77;0;0;75.7;0;0;0;6.8
M028;24/06/2026;Group Stage;P00602;Ali Silva;Jordan;Canada;DEF;21;TRUE;88;0;0;87.8;4;0;0;6.5
M028;24/06/2026;Group Stage;P00618;Thiago Johnson;Jordan;Canada;FWD;25;TRUE;82;0;0;80.8;2;0;0;6.3
M028;24/06/2026;Group Stage;P00614;Elias Reyes;Jordan;Canada;MID;29;TRUE;86;0;0;94.7;0;0;0;6.9
M028;24/06/2026;Group Stage;P00616;Victor Muller;Jordan;Canada;MID;28;TRUE;87;0;0;84.6;0;0;0;6.4
M028;24/06/2026;Group Stage;P00615;Samuel Rossi;Jordan;Canada;MID;22;FALSE;20;0;0;77.7;2;0;0;6.3
M028;24/06/2026;Group Stage;P00610;Kevin Martins;Jordan;Canada;MID;32;FALSE;14;0;0;81.4;0;1;0;6.7
M028;24/06/2026;Group Stage;P00604;Kofi Farah;Jordan;Canada;DEF;18;FALSE;11;0;0;89.2;0;0;0;6.3
M028;24/06/2026;Group Stage;P00607;Kwame Nakamura;Jordan;Canada;DEF;30;FALSE;14;0;0;82.1;0;0;0;6.8
M028;24/06/2026;Group Stage;P00620;Ivan Balde;Jordan;Canada;FWD;26;FALSE;28;0;0;85.4;0;1;0;6.6
M028;24/06/2026;Group Stage;P00613;Leon Rossi;Jordan;Canada;MID;25;FALSE;7;0;0;83.5;1;1;0;6.3
M028;24/06/2026;Group Stage;P00619;Ismael Almeida;Jordan;Canada;FWD;28;FALSE;17;0;0;77.2;0;0;0;6.5
M029;25/06/2026;Group Stage;P00256;Jonas Weiss;Croatia;Jordan;GK;29;TRUE;85;0;0;70.2;0;0;0;6.1
M029;25/06/2026;Group Stage;P00267;Carlos Alves;Croatia;Jordan;MID;23;TRUE;83;0;0;96.4;2;1;0;5.9
M029;25/06/2026;Group Stage;P00257;Elias Souza;Croatia;Jordan;DEF;24;TRUE;77;0;0;79.5;3;2;0;6.6
M029;25/06/2026;Group Stage;P00263;Karim Garcia;Croatia;Jordan;DEF;18;TRUE;88;0;0;84.9;1;3;0;6.2
M029;25/06/2026;Group Stage;P00276;Ismael Petit;Croatia;Jordan;FWD;29;TRUE;90;1;0;97.2;0;0;0;8.3
M029;25/06/2026;Group Stage;P00273;Lucas Benali;Croatia;Jordan;FWD;27;TRUE;90;1;0;96.7;4;0;0;8.5
M029;25/06/2026;Group Stage;P00270;Ahmed Mensah;Croatia;Jordan;MID;28;TRUE;90;0;0;93.6;2;0;0;6.0
M029;25/06/2026;Group Stage;P00268;Thiago Martins;Croatia;Jordan;MID;27;TRUE;71;0;0;82.6;0;1;0;6.0
M029;25/06/2026;Group Stage;P00275;Erik Petit;Croatia;Jordan;FWD;28;TRUE;68;1;0;88.6;0;0;0;7.8
M029;25/06/2026;Group Stage;P00272;Ruben Dubois;Croatia;Jordan;MID;31;TRUE;70;0;0;80.4;1;2;0;6.3
M029;25/06/2026;Group Stage;P00264;Kofi Horvat;Croatia;Jordan;DEF;27;TRUE;78;0;0;89.1;0;0;0;6.7
M029;25/06/2026;Group Stage;P00266;Diego Ferreira;Croatia;Jordan;MID;26;FALSE;18;0;0;90.0;0;1;0;6.5
M029;25/06/2026;Group Stage;P00265;Mateus Benali;Croatia;Jordan;MID;31;FALSE;29;0;1;78.3;1;0;0;6.8
M029;25/06/2026;Group Stage;P00260;Yusuf Rossi;Croatia;Jordan;DEF;28;FALSE;29;0;0;76.6;0;1;0;6.1
M029;25/06/2026;Group Stage;P00258;Andres Tanaka;Croatia;Jordan;DEF;22;FALSE;20;0;0;90.0;1;0;0;5.5
M029;25/06/2026;Group Stage;P00261;Andres Kovac;Croatia;Jordan;DEF;30;FALSE;8;0;0;89.6;1;0;0;6.6
M029;25/06/2026;Group Stage;P00274;Yuki Ibrahim;Croatia;Jordan;FWD;23;FALSE;26;0;0;85.0;0;0;0;6.8
M029;25/06/2026;Group Stage;P00262;Ismael Garcia;Croatia;Jordan;DEF;29;FALSE;16;0;0;80.8;1;0;0;5.8
M029;25/06/2026;Group Stage;P00600;Kofi Benali;Jordan;Croatia;GK;24;TRUE;81;0;0;68.7;0;0;6;5.8
M029;25/06/2026;Group Stage;P00610;Kevin Martins;Jordan;Croatia;MID;32;TRUE;90;0;0;94.4;3;0;0;6.5
M029;25/06/2026;Group Stage;P00616;Victor Muller;Jordan;Croatia;MID;28;TRUE;63;0;0;85.6;2;0;0;5.7
M029;25/06/2026;Group Stage;P00602;Ali Silva;Jordan;Croatia;DEF;21;TRUE;84;0;1;86.7;0;1;0;6.6
M029;25/06/2026;Group Stage;P00619;Ismael Almeida;Jordan;Croatia;FWD;28;TRUE;81;0;0;92.6;0;1;0;6.3
M029;25/06/2026;Group Stage;P00612;Mohamed Cruz;Jordan;Croatia;MID;30;TRUE;75;1;0;92.4;1;0;0;6.8
M029;25/06/2026;Group Stage;P00611;Sven Nkomo;Jordan;Croatia;MID;26;TRUE;90;0;0;90.4;2;1;0;6.8
M029;25/06/2026;Group Stage;P00617;Adama Kamara;Jordan;Croatia;MID;24;TRUE;77;0;0;98.1;0;1;0;5.6
M029;25/06/2026;Group Stage;P00607;Kwame Nakamura;Jordan;Croatia;DEF;30;TRUE;83;0;0;87.1;0;2;0;6.3
M029;25/06/2026;Group Stage;P00618;Thiago Johnson;Jordan;Croatia;FWD;25;TRUE;80;0;0;83.5;0;0;0;6.2
M029;25/06/2026;Group Stage;P00608;Alex Balde;Jordan;Croatia;DEF;31;TRUE;79;0;0;84.6;4;3;0;6.0
M029;25/06/2026;Group Stage;P00621;Lucas Popov;Jordan;Croatia;FWD;25;FALSE;28;0;0;88.9;0;1;0;6.4
M029;25/06/2026;Group Stage;P00613;Leon Rossi;Jordan;Croatia;MID;25;FALSE;5;0;0;84.3;0;1;0;6.7
M029;25/06/2026;Group Stage;P00605;Marcus Diallo;Jordan;Croatia;DEF;27;FALSE;20;0;0;83.0;0;0;0;6.0
M029;25/06/2026;Group Stage;P00603;Marco Osei;Jordan;Croatia;DEF;18;FALSE;28;0;0;85.7;1;0;0;6.6
M029;25/06/2026;Group Stage;P00614;Elias Reyes;Jordan;Croatia;MID;29;FALSE;16;0;0;79.8;2;0;0;6.5
M029;25/06/2026;Group Stage;P00604;Kofi Farah;Jordan;Croatia;DEF;18;FALSE;25;0;0;91.4;2;0;0;6.5
M029;25/06/2026;Group Stage;P00609;Tomas Silva;Jordan;Croatia;DEF;24;FALSE;14;0;0;73.3;0;1;0;5.3
M030;25/06/2026;Group Stage;P00163;Alex Popov;Canada;Türkiye;GK;33;TRUE;82;0;0;69.7;0;0;2;6.0
M030;25/06/2026;Group Stage;P00176;Gabriel Muller;Canada;Türkiye;MID;25;TRUE;59;0;1;90.1;0;2;0;7.0
M030;25/06/2026;Group Stage;P00178;Ahmed Haddad;Canada;Türkiye;MID;28;TRUE;79;0;0;79.4;2;1;0;6.8
M030;25/06/2026;Group Stage;P00184;Kevin Benali;Canada;Türkiye;FWD;30;TRUE;74;1;0;85.8;3;3;0;7.3
M030;25/06/2026;Group Stage;P00169;Gabriel Johnson;Canada;Türkiye;DEF;21;TRUE;73;1;0;81.2;3;2;0;6.5
M030;25/06/2026;Group Stage;P00175;Carlos Wagner;Canada;Türkiye;MID;22;TRUE;88;0;1;81.9;3;1;0;6.7
M030;25/06/2026;Group Stage;P00168;Luca Johnson;Canada;Türkiye;DEF;28;TRUE;90;0;0;74.4;3;0;0;6.2
M030;25/06/2026;Group Stage;P00182;Jonas Costa;Canada;Türkiye;FWD;27;TRUE;90;0;0;89.6;1;0;0;6.5
M030;25/06/2026;Group Stage;P00174;Ahmed Kovac;Canada;Türkiye;MID;29;TRUE;69;1;0;90.7;0;0;0;7.3
M030;25/06/2026;Group Stage;P00181;Tomas Andersson;Canada;Türkiye;FWD;24;TRUE;80;0;0;91.8;0;4;0;5.8
M030;25/06/2026;Group Stage;P00172;Rafael Johnson;Canada;Türkiye;DEF;26;TRUE;79;0;0;90.1;2;0;0;5.9
M030;25/06/2026;Group Stage;P00165;Chidi Garcia;Canada;Türkiye;DEF;27;FALSE;28;0;0;79.1;1;0;0;5.7
M030;25/06/2026;Group Stage;P00171;Samuel Kamara;Canada;Türkiye;DEF;22;FALSE;5;0;0;93.2;1;0;0;6.2
M030;25/06/2026;Group Stage;P00179;Erik Novak;Canada;Türkiye;MID;20;FALSE;24;0;1;90.6;2;0;0;6.9
M030;25/06/2026;Group Stage;P00180;Luca Benali;Canada;Türkiye;MID;28;FALSE;12;0;0;80.8;1;0;0;6.3
M030;25/06/2026;Group Stage;P00167;Lucas Hassan;Canada;Türkiye;DEF;23;FALSE;16;0;0;88.3;2;0;0;6.6
M030;25/06/2026;Group Stage;P00173;Thiago Reyes;Canada;Türkiye;MID;25;FALSE;22;0;0;87.5;2;0;0;6.7
M030;25/06/2026;Group Stage;P00177;Amir Mbeki;Canada;Türkiye;MID;29;FALSE;23;0;0;81.6;1;0;0;6.3
M030;25/06/2026;Group Stage;P01013;Anders Haddad;Türkiye;Canada;GK;26;TRUE;84;0;0;63.2;0;0;4;6.3
M030;25/06/2026;Group Stage;P01023;Elias Diallo;Türkiye;Canada;DEF;27;TRUE;90;0;0;97.4;2;0;0;6.9
M030;25/06/2026;Group Stage;P01028;Yuki Eriksen;Türkiye;Canada;MID;26;TRUE;76;0;0;82.1;0;0;0;7.3
M030;25/06/2026;Group Stage;P01018;Lucas Toure;Türkiye;Canada;DEF;18;TRUE;83;0;0;71.1;1;0;0;6.8
M030;25/06/2026;Group Stage;P01016;Emre Horvat;Türkiye;Canada;DEF;28;TRUE;77;0;0;83.5;3;3;0;6.0
M030;25/06/2026;Group Stage;P01020;Hugo Johnson;Türkiye;Canada;DEF;29;TRUE;82;0;0;82.1;3;2;0;6.5
M030;25/06/2026;Group Stage;P01017;Andres Haddad;Türkiye;Canada;DEF;31;TRUE;76;0;0;96.7;2;3;0;7.0
M030;25/06/2026;Group Stage;P01032;Emre Rossi;Türkiye;Canada;FWD;32;TRUE;73;0;0;86.7;2;0;0;6.3
M030;25/06/2026;Group Stage;P01024;Daniel Reyes;Türkiye;Canada;MID;24;TRUE;85;0;0;78.1;1;1;0;6.2
M030;25/06/2026;Group Stage;P01034;Kevin Kim;Türkiye;Canada;FWD;25;TRUE;78;0;0;79.5;1;1;0;6.3
M030;25/06/2026;Group Stage;P01019;Sergio Mensah;Türkiye;Canada;DEF;31;TRUE;90;0;0;87.9;1;3;0;6.7
M030;25/06/2026;Group Stage;P01033;Josef Popov;Türkiye;Canada;FWD;26;FALSE;22;0;0;77.9;1;0;0;5.3
M030;25/06/2026;Group Stage;P01025;Elias Sato;Türkiye;Canada;MID;26;FALSE;19;0;0;81.3;2;0;0;6.6
M030;25/06/2026;Group Stage;P01027;Leon Nakamura;Türkiye;Canada;MID;24;FALSE;20;0;0;89.4;0;2;0;5.9
M030;25/06/2026;Group Stage;P01031;Daniel Diallo;Türkiye;Canada;MID;33;FALSE;11;0;0;89.8;0;1;0;6.1
M030;25/06/2026;Group Stage;P01035;Jonas Toure;Türkiye;Canada;FWD;35;FALSE;8;0;0;80.6;1;1;0;6.0
M030;25/06/2026;Group Stage;P01022;Sven Yilmaz;Türkiye;Canada;DEF;20;FALSE;6;0;0;88.1;0;0;0;7.0
M030;25/06/2026;Group Stage;P01030;Sergio Silva;Türkiye;Canada;MID;29;FALSE;6;1;0;94.5;1;0;0;7.2
M031;26/06/2026;Group Stage;P00668;Marcus Yilmaz;Netherlands;Senegal;GK;26;TRUE;83;0;0;79.0;0;0;9;6.9
M031;26/06/2026;Group Stage;P00687;Lucas Eriksen;Netherlands;Senegal;FWD;25;TRUE;90;0;0;84.2;1;0;0;6.3
M031;26/06/2026;Group Stage;P00671;Ahmed Diallo;Netherlands;Senegal;DEF;21;TRUE;83;0;0;86.0;3;0;0;6.4
M031;26/06/2026;Group Stage;P00682;Jonas Sato;Netherlands;Senegal;MID;21;TRUE;88;0;0;94.1;1;1;0;6.4
M031;26/06/2026;Group Stage;P00678;Alex Schmidt;Netherlands;Senegal;DEF;21;TRUE;87;0;0;87.1;3;3;0;7.4
M031;26/06/2026;Group Stage;P00685;Erik Hassan;Netherlands;Senegal;MID;23;TRUE;80;0;0;93.2;2;1;0;6.2
M031;26/06/2026;Group Stage;P00684;Julian Dubois;Netherlands;Senegal;MID;27;TRUE;84;0;0;91.5;1;0;0;7.0
M031;26/06/2026;Group Stage;P00690;Karim Fernandez;Netherlands;Senegal;FWD;23;TRUE;84;0;0;86.8;1;0;0;6.0
M031;26/06/2026;Group Stage;P00674;Jonas Bakker;Netherlands;Senegal;DEF;26;TRUE;87;0;0;86.8;0;3;0;6.2
M031;26/06/2026;Group Stage;P00681;Yuki Torres;Netherlands;Senegal;MID;23;TRUE;71;1;0;87.6;0;1;0;6.9
M031;26/06/2026;Group Stage;P00676;Kwame Osei;Netherlands;Senegal;DEF;18;TRUE;79;0;0;78.3;0;1;0;6.1
M031;26/06/2026;Group Stage;P00683;Gabriel Hassan;Netherlands;Senegal;MID;29;FALSE;26;0;0;95.5;1;1;0;6.3
M031;26/06/2026;Group Stage;P00686;Elias Andersson;Netherlands;Senegal;MID;18;FALSE;14;0;0;80.7;1;0;0;6.3
M031;26/06/2026;Group Stage;P00677;Ahmed Garcia;Netherlands;Senegal;DEF;26;FALSE;18;0;0;81.5;2;1;0;5.9
M031;26/06/2026;Group Stage;P00675;Ali Mensah;Netherlands;Senegal;DEF;25;FALSE;26;0;1;80.1;0;0;0;6.3
M031;26/06/2026;Group Stage;P00672;Yusuf Nkomo;Netherlands;Senegal;DEF;26;FALSE;15;0;0;87.0;1;0;0;6.5
M031;26/06/2026;Group Stage;P00680;Jonas Garcia;Netherlands;Senegal;MID;27;FALSE;17;0;0;97.2;0;0;0;5.4
M031;26/06/2026;Group Stage;P00679;Emre Wagner;Netherlands;Senegal;MID;26;FALSE;11;0;0;75.2;1;2;0;6.8
M031;26/06/2026;Group Stage;P00854;Chidi Popov;Senegal;Netherlands;GK;24;TRUE;76;0;0;73.7;0;0;3;5.9
M031;26/06/2026;Group Stage;P00866;Yusuf Kim;Senegal;Netherlands;MID;30;TRUE;90;1;0;89.0;2;1;0;8.1
M031;26/06/2026;Group Stage;P00856;Anders Mbeki;Senegal;Netherlands;DEF;25;TRUE;88;0;0;82.4;1;0;0;6.8
M031;26/06/2026;Group Stage;P00862;Karim Osei;Senegal;Netherlands;DEF;28;TRUE;87;0;0;89.7;2;1;0;6.6
M031;26/06/2026;Group Stage;P00867;Pedro Kovac;Senegal;Netherlands;MID;20;TRUE;89;0;0;92.6;4;3;0;6.2
M031;26/06/2026;Group Stage;P00868;Marcus Martins;Senegal;Netherlands;MID;21;TRUE;90;0;0;97.0;2;1;0;6.7
M031;26/06/2026;Group Stage;P00869;Ali Ibrahim;Senegal;Netherlands;MID;18;TRUE;79;1;1;84.1;1;0;0;6.7
M031;26/06/2026;Group Stage;P00861;Yusuf Schmidt;Senegal;Netherlands;DEF;34;TRUE;88;0;1;76.8;3;1;0;6.7
M031;26/06/2026;Group Stage;P00865;Tarek Osei;Senegal;Netherlands;MID;26;TRUE;89;1;0;83.2;0;1;0;7.6
M031;26/06/2026;Group Stage;P00871;Emre Silva;Senegal;Netherlands;FWD;25;TRUE;77;2;0;83.5;0;1;0;8.8
M031;26/06/2026;Group Stage;P00858;Emre Balde;Senegal;Netherlands;DEF;27;TRUE;89;0;1;87.4;1;2;0;8.3
M031;26/06/2026;Group Stage;P00855;Julian Weiss;Senegal;Netherlands;DEF;27;FALSE;14;1;1;80.2;2;0;0;7.7
M031;26/06/2026;Group Stage;P00863;Victor Costa;Senegal;Netherlands;MID;24;FALSE;9;0;0;79.4;0;1;0;5.7
M031;26/06/2026;Group Stage;P00874;Tomas Fernandez;Senegal;Netherlands;FWD;23;FALSE;26;0;0;81.5;1;1;0;6.0
M031;26/06/2026;Group Stage;P00859;Julian Toure;Senegal;Netherlands;DEF;25;FALSE;24;0;0;95.3;1;0;0;6.5
M031;26/06/2026;Group Stage;P00864;Adama Farah;Senegal;Netherlands;MID;27;FALSE;12;0;1;87.4;1;0;0;7.2
M031;26/06/2026;Group Stage;P00860;Josef Eriksen;Senegal;Netherlands;DEF;29;FALSE;16;0;0;95.5;1;1;0;5.5
M031;26/06/2026;Group Stage;P00857;Josef Kamara;Senegal;Netherlands;DEF;18;FALSE;6;0;0;85.6;0;1;0;5.3
M032;26/06/2026;Group Stage;P00369;Marcus Weiss;Egypt;South Africa;GK;23;TRUE;81;0;0;74.2;0;0;2;6.6
M032;26/06/2026;Group Stage;P00381;Jonas Berg;Egypt;South Africa;MID;29;TRUE;87;0;0;90.0;1;2;0;5.7
M032;26/06/2026;Group Stage;P00391;Tarek Nkomo;Egypt;South Africa;FWD;26;TRUE;84;1;0;90.1;0;1;0;7.2
M032;26/06/2026;Group Stage;P00374;Julian Novak;Egypt;South Africa;DEF;33;TRUE;90;0;0;86.0;0;0;0;6.3
M032;26/06/2026;Group Stage;P00382;Andres Sato;Egypt;South Africa;MID;25;TRUE;85;1;0;87.1;1;3;0;8.0
M032;26/06/2026;Group Stage;P00372;Elias Lopez;Egypt;South Africa;DEF;19;TRUE;85;0;1;87.1;1;1;0;7.6
M032;26/06/2026;Group Stage;P00379;Ivan Kim;Egypt;South Africa;DEF;25;TRUE;83;0;0;88.0;0;2;0;6.6
M032;26/06/2026;Group Stage;P00385;Ivan Johnson;Egypt;South Africa;MID;18;TRUE;71;0;0;96.1;5;0;0;6.9
M032;26/06/2026;Group Stage;P00375;Sven Nasser;Egypt;South Africa;DEF;25;TRUE;73;0;0;91.9;1;3;0;6.0
M032;26/06/2026;Group Stage;P00389;Ismael Bakker;Egypt;South Africa;FWD;27;TRUE;81;0;0;88.3;0;0;0;7.1
M032;26/06/2026;Group Stage;P00377;Amir Andersson;Egypt;South Africa;DEF;20;TRUE;86;0;0;82.6;3;0;0;6.2
M032;26/06/2026;Group Stage;P00390;Andres Dubois;Egypt;South Africa;FWD;25;FALSE;19;0;0;88.7;2;0;0;7.2
M032;26/06/2026;Group Stage;P00387;Karim Nkomo;Egypt;South Africa;MID;25;FALSE;26;1;0;81.1;0;2;0;7.4
M032;26/06/2026;Group Stage;P00380;Luca Andersson;Egypt;South Africa;MID;28;FALSE;25;0;0;89.8;1;0;0;6.8
M032;26/06/2026;Group Stage;P00383;Tomas Novak;Egypt;South Africa;MID;24;FALSE;16;0;0;85.3;0;1;0;6.2
M032;26/06/2026;Group Stage;P00373;Sven Muller;Egypt;South Africa;DEF;26;FALSE;18;0;0;93.9;1;0;0;6.5
M032;26/06/2026;Group Stage;P00376;Hugo Farah;Egypt;South Africa;DEF;21;FALSE;15;0;1;79.2;0;0;0;7.0
M032;26/06/2026;Group Stage;P00378;Pedro Ferreira;Egypt;South Africa;DEF;30;FALSE;8;0;0;80.7;1;0;0;6.4
M032;26/06/2026;Group Stage;P00876;Marco Weiss;South Africa;Egypt;GK;24;TRUE;84;0;0;74.5;0;0;2;6.4
M032;26/06/2026;Group Stage;P00878;Tomas Farah;South Africa;Egypt;DEF;31;TRUE;90;0;0;90.9;1;1;0;6.4
M032;26/06/2026;Group Stage;P00881;Chidi Ferreira;South Africa;Egypt;DEF;23;TRUE;84;0;0;98.4;1;0;0;5.0
M032;26/06/2026;Group Stage;P00882;Tomas Eriksen;South Africa;Egypt;DEF;30;TRUE;86;0;0;84.5;2;0;0;6.4
M032;26/06/2026;Group Stage;P00897;Hugo Torres;South Africa;Egypt;FWD;31;TRUE;76;0;0;91.4;1;2;0;6.9
M032;26/06/2026;Group Stage;P00895;Noah Diallo;South Africa;Egypt;FWD;25;TRUE;80;0;0;93.5;2;0;0;5.8
M032;26/06/2026;Group Stage;P00892;Adama Ferreira;South Africa;Egypt;MID;23;TRUE;89;0;0;94.4;3;2;0;6.3
M032;26/06/2026;Group Stage;P00893;Ahmed Yilmaz;South Africa;Egypt;MID;22;TRUE;79;1;0;94.9;0;1;0;7.3
M032;26/06/2026;Group Stage;P00880;Omar Kovacevic;South Africa;Egypt;DEF;22;TRUE;77;0;0;93.5;2;0;0;4.9
M032;26/06/2026;Group Stage;P00886;Victor Osei;South Africa;Egypt;MID;32;TRUE;82;0;0;86.4;3;2;0;6.9
M032;26/06/2026;Group Stage;P00883;Jonas Torres;South Africa;Egypt;DEF;27;TRUE;77;0;0;93.8;3;1;0;7.3
M032;26/06/2026;Group Stage;P00884;Diego Wagner;South Africa;Egypt;DEF;27;FALSE;5;0;0;88.7;0;0;0;5.9
M032;26/06/2026;Group Stage;P00885;Mateus Martins;South Africa;Egypt;DEF;28;FALSE;22;0;0;81.0;2;0;0;5.5
M032;26/06/2026;Group Stage;P00891;Amir Horvat;South Africa;Egypt;MID;24;FALSE;5;0;1;86.2;0;0;0;7.3
M032;26/06/2026;Group Stage;P00889;Karim Muller;South Africa;Egypt;MID;19;FALSE;12;1;0;89.6;1;0;0;7.1
M032;26/06/2026;Group Stage;P00887;Julian Eriksen;South Africa;Egypt;MID;21;FALSE;29;0;0;87.2;1;0;0;6.9
M032;26/06/2026;Group Stage;P00879;Samuel Bakker;South Africa;Egypt;DEF;27;FALSE;22;0;0;81.2;0;1;0;6.9
M032;26/06/2026;Group Stage;P00890;Josef Petit;South Africa;Egypt;MID;27;FALSE;23;0;0;80.7;1;1;0;6.0
M033;27/06/2026;Group Stage;P00668;Marcus Yilmaz;Netherlands;Egypt;GK;26;TRUE;70;0;0;69.8;0;0;2;6.3
M033;27/06/2026;Group Stage;P00689;Mateus Diallo;Netherlands;Egypt;FWD;30;TRUE;87;0;0;92.9;4;1;0;7.8
M033;27/06/2026;Group Stage;P00678;Alex Schmidt;Netherlands;Egypt;DEF;21;TRUE;88;0;0;95.7;1;2;0;6.9
M033;27/06/2026;Group Stage;P00677;Ahmed Garcia;Netherlands;Egypt;DEF;26;TRUE;90;0;0;85.5;2;0;0;6.6
M033;27/06/2026;Group Stage;P00671;Ahmed Diallo;Netherlands;Egypt;DEF;21;TRUE;75;0;0;93.6;2;2;0;6.7
M033;27/06/2026;Group Stage;P00672;Yusuf Nkomo;Netherlands;Egypt;DEF;26;TRUE;86;0;0;92.7;2;0;0;7.0
M033;27/06/2026;Group Stage;P00673;Ivan Berg;Netherlands;Egypt;DEF;27;TRUE;77;0;0;93.3;3;2;0;6.5
M033;27/06/2026;Group Stage;P00679;Emre Wagner;Netherlands;Egypt;MID;26;TRUE;85;0;0;89.2;1;1;0;6.5
M033;27/06/2026;Group Stage;P00680;Jonas Garcia;Netherlands;Egypt;MID;27;TRUE;87;0;0;85.6;2;0;0;6.0
M033;27/06/2026;Group Stage;P00674;Jonas Bakker;Netherlands;Egypt;DEF;26;TRUE;69;0;0;86.5;3;2;0;5.8
M033;27/06/2026;Group Stage;P00683;Gabriel Hassan;Netherlands;Egypt;MID;29;TRUE;89;1;0;82.2;1;0;0;8.2
M033;27/06/2026;Group Stage;P00686;Elias Andersson;Netherlands;Egypt;MID;18;FALSE;19;0;0;86.2;1;0;0;6.6
M033;27/06/2026;Group Stage;P00676;Kwame Osei;Netherlands;Egypt;DEF;18;FALSE;5;0;0;78.1;2;0;0;6.0
M033;27/06/2026;Group Stage;P00675;Ali Mensah;Netherlands;Egypt;DEF;25;FALSE;9;0;0;84.8;1;0;0;5.9
M033;27/06/2026;Group Stage;P00687;Lucas Eriksen;Netherlands;Egypt;FWD;25;FALSE;10;0;0;87.6;0;1;0;5.9
M033;27/06/2026;Group Stage;P00681;Yuki Torres;Netherlands;Egypt;MID;23;FALSE;8;0;0;99.0;0;1;0;6.1
M033;27/06/2026;Group Stage;P00690;Karim Fernandez;Netherlands;Egypt;FWD;23;FALSE;23;0;0;83.4;1;1;0;6.5
M033;27/06/2026;Group Stage;P00684;Julian Dubois;Netherlands;Egypt;MID;27;FALSE;6;0;1;88.5;2;0;0;7.3
M033;27/06/2026;Group Stage;P00369;Marcus Weiss;Egypt;Netherlands;GK;23;TRUE;80;0;0;77.2;0;0;3;5.9
M033;27/06/2026;Group Stage;P00388;Ahmed Nakamura;Egypt;Netherlands;FWD;25;TRUE;74;1;0;82.4;0;1;0;6.9
M033;27/06/2026;Group Stage;P00385;Ivan Johnson;Egypt;Netherlands;MID;18;TRUE;70;0;0;90.4;2;1;0;6.8
M033;27/06/2026;Group Stage;P00372;Elias Lopez;Egypt;Netherlands;DEF;19;TRUE;83;0;0;98.1;2;1;0;7.0
M033;27/06/2026;Group Stage;P00377;Amir Andersson;Egypt;Netherlands;DEF;20;TRUE;85;0;0;87.1;2;0;0;6.7
M033;27/06/2026;Group Stage;P00379;Ivan Kim;Egypt;Netherlands;DEF;25;TRUE;81;1;0;90.5;4;2;0;7.6
M033;27/06/2026;Group Stage;P00382;Andres Sato;Egypt;Netherlands;MID;25;TRUE;85;0;0;88.7;4;0;0;6.2
M033;27/06/2026;Group Stage;P00380;Luca Andersson;Egypt;Netherlands;MID;28;TRUE;76;0;0;90.4;1;1;0;7.3
M033;27/06/2026;Group Stage;P00374;Julian Novak;Egypt;Netherlands;DEF;33;TRUE;85;0;0;92.9;1;1;0;5.9
M033;27/06/2026;Group Stage;P00386;Chidi Kovacevic;Egypt;Netherlands;MID;19;TRUE;90;0;0;81.8;1;3;0;6.6
M033;27/06/2026;Group Stage;P00390;Andres Dubois;Egypt;Netherlands;FWD;25;TRUE;83;0;0;86.8;0;1;0;6.9
M033;27/06/2026;Group Stage;P00389;Ismael Bakker;Egypt;Netherlands;FWD;27;FALSE;12;0;0;84.2;1;1;0;6.9
M033;27/06/2026;Group Stage;P00375;Sven Nasser;Egypt;Netherlands;DEF;25;FALSE;18;0;0;79.4;0;0;0;5.2
M033;27/06/2026;Group Stage;P00383;Tomas Novak;Egypt;Netherlands;MID;24;FALSE;5;0;0;80.9;1;1;0;5.5
M033;27/06/2026;Group Stage;P00384;Mateus Toure;Egypt;Netherlands;MID;22;FALSE;24;0;0;83.2;1;0;0;5.5
M033;27/06/2026;Group Stage;P00378;Pedro Ferreira;Egypt;Netherlands;DEF;30;FALSE;9;0;0;83.8;0;0;0;5.8
M033;27/06/2026;Group Stage;P00373;Sven Muller;Egypt;Netherlands;DEF;26;FALSE;12;0;0;86.2;1;2;0;6.3
M033;27/06/2026;Group Stage;P00376;Hugo Farah;Egypt;Netherlands;DEF;21;FALSE;13;0;0;78.5;0;0;0;6.3
M034;27/06/2026;Group Stage;P00852;Hugo Ferreira;Senegal;South Africa;GK;27;TRUE;71;0;0;63.4;0;0;2;6.3
M034;27/06/2026;Group Stage;P00857;Josef Kamara;Senegal;South Africa;DEF;18;TRUE;82;0;0;93.0;0;2;0;6.3
M034;27/06/2026;Group Stage;P00863;Victor Costa;Senegal;South Africa;MID;24;TRUE;70;0;0;86.5;2;3;0;6.1
M034;27/06/2026;Group Stage;P00860;Josef Eriksen;Senegal;South Africa;DEF;29;TRUE;88;0;0;80.4;4;1;0;7.1
M034;27/06/2026;Group Stage;P00855;Julian Weiss;Senegal;South Africa;DEF;27;TRUE;72;0;0;81.4;0;3;0;6.2
M034;27/06/2026;Group Stage;P00873;Marco Mensah;Senegal;South Africa;FWD;23;TRUE;69;0;0;83.7;2;1;0;6.6
M034;27/06/2026;Group Stage;P00859;Julian Toure;Senegal;South Africa;DEF;25;TRUE;72;0;0;86.9;0;0;0;6.7
M034;27/06/2026;Group Stage;P00856;Anders Mbeki;Senegal;South Africa;DEF;25;TRUE;89;0;0;86.6;0;0;0;6.2
M034;27/06/2026;Group Stage;P00871;Emre Silva;Senegal;South Africa;FWD;25;TRUE;90;0;0;84.2;0;0;0;6.0
M034;27/06/2026;Group Stage;P00858;Emre Balde;Senegal;South Africa;DEF;27;TRUE;78;0;0;86.4;5;1;0;5.4
M034;27/06/2026;Group Stage;P00870;Gabriel Schmidt;Senegal;South Africa;MID;28;TRUE;90;0;1;83.4;0;0;0;7.1
M034;27/06/2026;Group Stage;P00861;Yusuf Schmidt;Senegal;South Africa;DEF;34;FALSE;10;0;0;85.7;0;0;0;5.9
M034;27/06/2026;Group Stage;P00868;Marcus Martins;Senegal;South Africa;MID;21;FALSE;15;0;0;79.0;0;1;0;6.7
M034;27/06/2026;Group Stage;P00867;Pedro Kovac;Senegal;South Africa;MID;20;FALSE;22;0;0;95.8;1;2;0;5.8
M034;27/06/2026;Group Stage;P00864;Adama Farah;Senegal;South Africa;MID;27;FALSE;8;0;1;89.1;1;1;0;6.7
M034;27/06/2026;Group Stage;P00874;Tomas Fernandez;Senegal;South Africa;FWD;23;FALSE;6;1;0;82.6;3;0;0;7.7
M034;27/06/2026;Group Stage;P00872;Felix Nasser;Senegal;South Africa;FWD;23;FALSE;13;0;0;98.7;0;0;0;6.2
M034;27/06/2026;Group Stage;P00869;Ali Ibrahim;Senegal;South Africa;MID;18;FALSE;29;1;0;91.0;2;0;0;6.9
M034;27/06/2026;Group Stage;P00877;Pedro Almeida;South Africa;Senegal;GK;24;TRUE;82;0;0;64.4;0;0;5;6.4
M034;27/06/2026;Group Stage;P00886;Victor Osei;South Africa;Senegal;MID;32;TRUE;79;0;0;89.1;2;0;0;6.4
M034;27/06/2026;Group Stage;P00890;Josef Petit;South Africa;Senegal;MID;27;TRUE;77;0;0;84.0;0;0;0;6.1
M034;27/06/2026;Group Stage;P00891;Amir Horvat;South Africa;Senegal;MID;24;TRUE;77;0;0;85.9;0;2;0;6.7
M034;27/06/2026;Group Stage;P00888;Rafael Toure;South Africa;Senegal;MID;23;TRUE;80;0;0;89.7;0;1;0;5.7
M034;27/06/2026;Group Stage;P00895;Noah Diallo;South Africa;Senegal;FWD;25;TRUE;82;0;0;88.7;1;2;0;6.0
M034;27/06/2026;Group Stage;P00884;Diego Wagner;South Africa;Senegal;DEF;27;TRUE;83;0;0;91.2;3;1;0;7.2
M034;27/06/2026;Group Stage;P00880;Omar Kovacevic;South Africa;Senegal;DEF;22;TRUE;89;0;0;91.8;1;1;0;6.1
M034;27/06/2026;Group Stage;P00892;Adama Ferreira;South Africa;Senegal;MID;23;TRUE;90;0;0;90.2;0;2;0;6.9
M034;27/06/2026;Group Stage;P00896;Ali Osei;South Africa;Senegal;FWD;23;TRUE;78;0;0;89.0;5;1;0;6.6
M034;27/06/2026;Group Stage;P00889;Karim Muller;South Africa;Senegal;MID;19;TRUE;90;0;0;88.0;0;0;0;6.5
M034;27/06/2026;Group Stage;P00881;Chidi Ferreira;South Africa;Senegal;DEF;23;FALSE;10;0;0;87.3;2;0;0;6.1
M034;27/06/2026;Group Stage;P00878;Tomas Farah;South Africa;Senegal;DEF;31;FALSE;12;0;0;79.0;2;0;0;5.6
M034;27/06/2026;Group Stage;P00882;Tomas Eriksen;South Africa;Senegal;DEF;30;FALSE;28;0;0;84.1;1;0;0;5.6
M034;27/06/2026;Group Stage;P00883;Jonas Torres;South Africa;Senegal;DEF;27;FALSE;10;0;0;92.7;1;1;0;6.7
M034;27/06/2026;Group Stage;P00887;Julian Eriksen;South Africa;Senegal;MID;21;FALSE;28;0;0;90.8;2;1;0;5.6
M034;27/06/2026;Group Stage;P00897;Hugo Torres;South Africa;Senegal;FWD;31;FALSE;28;0;0;86.5;0;0;0;5.4
M034;27/06/2026;Group Stage;P00893;Ahmed Yilmaz;South Africa;Senegal;MID;22;FALSE;11;0;0;93.5;0;1;0;6.5
M035;28/06/2026;Group Stage;P00668;Marcus Yilmaz;Netherlands;South Africa;GK;26;TRUE;81;0;0;75.6;0;0;3;5.9
M035;28/06/2026;Group Stage;P00677;Ahmed Garcia;Netherlands;South Africa;DEF;26;TRUE;75;0;0;89.0;5;0;0;5.8
M035;28/06/2026;Group Stage;P00674;Jonas Bakker;Netherlands;South Africa;DEF;26;TRUE;77;0;0;85.4;2;3;0;6.3
M035;28/06/2026;Group Stage;P00673;Ivan Berg;Netherlands;South Africa;DEF;27;TRUE;87;0;0;88.2;1;1;0;6.6
M035;28/06/2026;Group Stage;P00672;Yusuf Nkomo;Netherlands;South Africa;DEF;26;TRUE;84;0;0;95.7;2;1;0;5.9
M035;28/06/2026;Group Stage;P00687;Lucas Eriksen;Netherlands;South Africa;FWD;25;TRUE;77;0;0;90.2;2;3;0;6.1
M035;28/06/2026;Group Stage;P00690;Karim Fernandez;Netherlands;South Africa;FWD;23;TRUE;88;0;0;87.7;0;0;0;6.5
M035;28/06/2026;Group Stage;P00682;Jonas Sato;Netherlands;South Africa;MID;21;TRUE;80;0;0;84.3;3;0;0;6.6
M035;28/06/2026;Group Stage;P00679;Emre Wagner;Netherlands;South Africa;MID;26;TRUE;89;0;0;85.5;2;0;0;5.8
M035;28/06/2026;Group Stage;P00676;Kwame Osei;Netherlands;South Africa;DEF;18;TRUE;90;0;0;95.7;3;0;0;6.2
M035;28/06/2026;Group Stage;P00681;Yuki Torres;Netherlands;South Africa;MID;23;TRUE;75;0;0;82.7;2;0;0;7.0
M035;28/06/2026;Group Stage;P00686;Elias Andersson;Netherlands;South Africa;MID;18;FALSE;9;0;0;74.6;0;0;0;6.3
M035;28/06/2026;Group Stage;P00688;Alex Horvat;Netherlands;South Africa;FWD;28;FALSE;15;0;0;89.4;2;1;0;6.5
M035;28/06/2026;Group Stage;P00684;Julian Dubois;Netherlands;South Africa;MID;27;FALSE;16;0;0;89.2;4;0;0;6.5
M035;28/06/2026;Group Stage;P00680;Jonas Garcia;Netherlands;South Africa;MID;27;FALSE;16;1;0;69.7;1;0;0;7.5
M035;28/06/2026;Group Stage;P00683;Gabriel Hassan;Netherlands;South Africa;MID;29;FALSE;22;1;0;89.7;2;0;0;7.5
M035;28/06/2026;Group Stage;P00671;Ahmed Diallo;Netherlands;South Africa;DEF;21;FALSE;5;0;0;84.3;2;0;0;6.4
M035;28/06/2026;Group Stage;P00685;Erik Hassan;Netherlands;South Africa;MID;23;FALSE;8;0;0;93.1;0;0;0;5.9
M035;28/06/2026;Group Stage;P00877;Pedro Almeida;South Africa;Netherlands;GK;24;TRUE;84;0;0;81.7;0;0;4;6.5
M035;28/06/2026;Group Stage;P00888;Rafael Toure;South Africa;Netherlands;MID;23;TRUE;69;0;0;88.1;2;0;0;6.3
M035;28/06/2026;Group Stage;P00896;Ali Osei;South Africa;Netherlands;FWD;23;TRUE;87;0;0;79.4;0;1;0;5.9
M035;28/06/2026;Group Stage;P00895;Noah Diallo;South Africa;Netherlands;FWD;25;TRUE;71;1;0;94.5;3;1;0;6.8
M035;28/06/2026;Group Stage;P00890;Josef Petit;South Africa;Netherlands;MID;27;TRUE;87;0;0;83.5;3;0;0;6.9
M035;28/06/2026;Group Stage;P00885;Mateus Martins;South Africa;Netherlands;DEF;28;TRUE;75;0;0;76.2;1;2;0;7.3
M035;28/06/2026;Group Stage;P00891;Amir Horvat;South Africa;Netherlands;MID;24;TRUE;90;0;0;96.8;0;0;0;6.3
M035;28/06/2026;Group Stage;P00897;Hugo Torres;South Africa;Netherlands;FWD;31;TRUE;90;0;0;91.0;1;3;0;6.3
M035;28/06/2026;Group Stage;P00894;Mateus Osei;South Africa;Netherlands;FWD;28;TRUE;82;0;0;85.9;3;0;0;6.6
M035;28/06/2026;Group Stage;P00889;Karim Muller;South Africa;Netherlands;MID;19;TRUE;84;0;1;94.3;1;1;0;7.4
M035;28/06/2026;Group Stage;P00884;Diego Wagner;South Africa;Netherlands;DEF;27;TRUE;81;0;0;89.4;1;3;0;6.2
M035;28/06/2026;Group Stage;P00883;Jonas Torres;South Africa;Netherlands;DEF;27;FALSE;13;0;0;82.2;0;0;0;6.3
M035;28/06/2026;Group Stage;P00879;Samuel Bakker;South Africa;Netherlands;DEF;27;FALSE;26;0;0;99.0;0;0;0;5.8
M035;28/06/2026;Group Stage;P00886;Victor Osei;South Africa;Netherlands;MID;32;FALSE;25;0;0;85.9;1;1;0;6.2
M035;28/06/2026;Group Stage;P00882;Tomas Eriksen;South Africa;Netherlands;DEF;30;FALSE;13;0;0;78.2;1;1;0;5.4
M035;28/06/2026;Group Stage;P00880;Omar Kovacevic;South Africa;Netherlands;DEF;22;FALSE;12;0;0;77.7;2;3;0;6.6
M035;28/06/2026;Group Stage;P00887;Julian Eriksen;South Africa;Netherlands;MID;21;FALSE;7;0;0;80.0;2;0;0;5.9
M035;28/06/2026;Group Stage;P00893;Ahmed Yilmaz;South Africa;Netherlands;MID;22;FALSE;5;0;0;92.0;1;0;0;6.6
M036;28/06/2026;Group Stage;P00854;Chidi Popov;Senegal;Egypt;GK;24;TRUE;90;0;0;72.1;0;0;3;6.9
M036;28/06/2026;Group Stage;P00863;Victor Costa;Senegal;Egypt;MID;24;TRUE;77;0;0;82.0;1;0;0;5.8
M036;28/06/2026;Group Stage;P00874;Tomas Fernandez;Senegal;Egypt;FWD;23;TRUE;90;0;0;83.0;3;1;0;5.7
M036;28/06/2026;Group Stage;P00870;Gabriel Schmidt;Senegal;Egypt;MID;28;TRUE;76;0;0;93.7;0;0;0;6.4
M036;28/06/2026;Group Stage;P00866;Yusuf Kim;Senegal;Egypt;MID;30;TRUE;72;1;0;87.0;1;2;0;6.8
M036;28/06/2026;Group Stage;P00872;Felix Nasser;Senegal;Egypt;FWD;23;TRUE;77;0;1;99.0;3;0;0;7.6
M036;28/06/2026;Group Stage;P00864;Adama Farah;Senegal;Egypt;MID;27;TRUE;81;0;0;78.1;1;2;0;5.8
M036;28/06/2026;Group Stage;P00858;Emre Balde;Senegal;Egypt;DEF;27;TRUE;67;0;0;96.6;2;0;0;6.6
M036;28/06/2026;Group Stage;P00857;Josef Kamara;Senegal;Egypt;DEF;18;TRUE;78;0;0;86.3;2;1;0;6.0
M036;28/06/2026;Group Stage;P00856;Anders Mbeki;Senegal;Egypt;DEF;25;TRUE;67;0;0;86.8;0;2;0;6.4
M036;28/06/2026;Group Stage;P00873;Marco Mensah;Senegal;Egypt;FWD;23;TRUE;87;0;0;85.3;1;0;0;6.7
M036;28/06/2026;Group Stage;P00865;Tarek Osei;Senegal;Egypt;MID;26;FALSE;25;0;0;86.8;0;1;0;6.0
M036;28/06/2026;Group Stage;P00869;Ali Ibrahim;Senegal;Egypt;MID;18;FALSE;11;0;0;77.9;2;0;0;5.9
M036;28/06/2026;Group Stage;P00861;Yusuf Schmidt;Senegal;Egypt;DEF;34;FALSE;27;0;0;82.1;1;0;0;6.8
M036;28/06/2026;Group Stage;P00862;Karim Osei;Senegal;Egypt;DEF;28;FALSE;11;1;0;89.2;2;0;0;7.9
M036;28/06/2026;Group Stage;P00859;Julian Toure;Senegal;Egypt;DEF;25;FALSE;15;0;0;74.4;0;0;0;5.9
M036;28/06/2026;Group Stage;P00860;Josef Eriksen;Senegal;Egypt;DEF;29;FALSE;22;0;0;94.3;0;0;0;6.4
M036;28/06/2026;Group Stage;P00871;Emre Silva;Senegal;Egypt;FWD;25;FALSE;7;0;0;87.6;1;1;0;6.5
M036;28/06/2026;Group Stage;P00370;Ahmed Silva;Egypt;Senegal;GK;18;TRUE;68;0;0;73.3;0;0;6;6.7
M036;28/06/2026;Group Stage;P00377;Amir Andersson;Egypt;Senegal;DEF;20;TRUE;89;1;0;98.4;2;1;0;6.4
M036;28/06/2026;Group Stage;P00373;Sven Muller;Egypt;Senegal;DEF;26;TRUE;73;0;0;94.2;0;1;0;5.5
M036;28/06/2026;Group Stage;P00382;Andres Sato;Egypt;Senegal;MID;25;TRUE;80;0;0;80.2;2;1;0;6.5
M036;28/06/2026;Group Stage;P00384;Mateus Toure;Egypt;Senegal;MID;22;TRUE;70;0;1;86.2;2;0;0;6.6
M036;28/06/2026;Group Stage;P00383;Tomas Novak;Egypt;Senegal;MID;24;TRUE;81;0;0;92.3;2;1;0;6.5
M036;28/06/2026;Group Stage;P00385;Ivan Johnson;Egypt;Senegal;MID;18;TRUE;88;0;0;86.5;1;0;0;6.3
M036;28/06/2026;Group Stage;P00386;Chidi Kovacevic;Egypt;Senegal;MID;19;TRUE;80;0;0;96.7;0;1;0;6.2
M036;28/06/2026;Group Stage;P00378;Pedro Ferreira;Egypt;Senegal;DEF;30;TRUE;82;0;0;93.9;2;0;0;6.4
M036;28/06/2026;Group Stage;P00390;Andres Dubois;Egypt;Senegal;FWD;25;TRUE;90;0;0;89.5;2;0;0;6.8
M036;28/06/2026;Group Stage;P00388;Ahmed Nakamura;Egypt;Senegal;FWD;25;TRUE;78;0;0;80.5;2;0;0;6.5
M036;28/06/2026;Group Stage;P00375;Sven Nasser;Egypt;Senegal;DEF;25;FALSE;15;0;0;91.3;1;1;0;5.9
M036;28/06/2026;Group Stage;P00379;Ivan Kim;Egypt;Senegal;DEF;25;FALSE;23;0;0;71.3;0;2;0;5.8
M036;28/06/2026;Group Stage;P00381;Jonas Berg;Egypt;Senegal;MID;29;FALSE;29;0;0;86.3;2;0;0;7.0
M036;28/06/2026;Group Stage;P00372;Elias Lopez;Egypt;Senegal;DEF;19;FALSE;15;0;0;76.5;1;1;0;5.6
M036;28/06/2026;Group Stage;P00391;Tarek Nkomo;Egypt;Senegal;FWD;26;FALSE;25;0;0;88.0;1;2;0;6.4
M036;28/06/2026;Group Stage;P00380;Luca Andersson;Egypt;Senegal;MID;28;FALSE;21;0;0;81.1;1;0;0;6.9
M036;28/06/2026;Group Stage;P00389;Ismael Bakker;Egypt;Senegal;FWD;27;FALSE;24;0;0;79.5;3;0;0;6.2
M037;29/06/2026;Group Stage;P00508;Julian Alves;Italy;Japan;GK;27;TRUE;85;0;0;76.9;0;0;2;5.8
M037;29/06/2026;Group Stage;P00522;Yuki Novak;Italy;Japan;MID;32;TRUE;80;0;0;86.1;1;1;0;6.1
M037;29/06/2026;Group Stage;P00519;Marcus Ibrahim;Italy;Japan;MID;21;TRUE;81;0;0;86.8;1;4;0;5.9
M037;29/06/2026;Group Stage;P00524;Noah Martins;Italy;Japan;MID;22;TRUE;60;1;0;89.2;0;1;0;7.0
M037;29/06/2026;Group Stage;P00513;Elias Larsen;Italy;Japan;DEF;20;TRUE;90;1;0;85.5;1;2;0;7.3
M037;29/06/2026;Group Stage;P00527;Tarek Schmidt;Italy;Japan;FWD;31;TRUE;79;0;0;79.4;0;1;0;6.7
M037;29/06/2026;Group Stage;P00520;Victor Kamara;Italy;Japan;MID;24;TRUE;86;0;0;97.3;0;1;0;6.9
M037;29/06/2026;Group Stage;P00517;Hugo Muller;Italy;Japan;DEF;21;TRUE;84;0;0;94.0;2;4;0;6.1
M037;29/06/2026;Group Stage;P00521;Yuki Nakamura;Italy;Japan;MID;20;TRUE;87;0;1;91.7;1;2;0;6.9
M037;29/06/2026;Group Stage;P00512;Carlos Andersson;Italy;Japan;DEF;18;TRUE;85;0;0;90.6;4;1;0;6.5
M037;29/06/2026;Group Stage;P00518;Marcus Nasser;Italy;Japan;MID;20;TRUE;68;0;0;90.9;2;1;0;6.8
M037;29/06/2026;Group Stage;P00514;Leon Yilmaz;Italy;Japan;DEF;18;FALSE;29;0;1;94.0;0;1;0;6.6
M037;29/06/2026;Group Stage;P00510;Omar Eriksen;Italy;Japan;DEF;26;FALSE;8;0;0;93.1;0;0;0;5.8
M037;29/06/2026;Group Stage;P00529;Ivan Fernandez;Italy;Japan;FWD;27;FALSE;15;0;0;81.7;0;0;0;6.3
M037;29/06/2026;Group Stage;P00526;Adama Berg;Italy;Japan;FWD;31;FALSE;25;0;0;84.0;1;0;0;6.7
M037;29/06/2026;Group Stage;P00515;Erik Horvat;Italy;Japan;DEF;32;FALSE;13;0;0;72.8;0;1;0;7.0
M037;29/06/2026;Group Stage;P00516;Karim Torres;Italy;Japan;DEF;25;FALSE;12;1;0;76.3;0;0;0;8.3
M037;29/06/2026;Group Stage;P00511;Adama Larsen;Italy;Japan;DEF;22;FALSE;15;0;0;86.2;0;1;0;6.7
M037;29/06/2026;Group Stage;P00576;Marco Martins;Japan;Italy;GK;23;TRUE;90;0;0;68.0;0;0;3;6.2
M037;29/06/2026;Group Stage;P00597;Kofi Toure;Japan;Italy;FWD;28;TRUE;84;0;0;88.3;1;0;0;6.3
M037;29/06/2026;Group Stage;P00587;Mohamed Costa;Japan;Italy;MID;23;TRUE;80;0;0;89.5;0;0;0;6.2
M037;29/06/2026;Group Stage;P00580;Victor Ferreira;Japan;Italy;DEF;23;TRUE;81;0;0;94.4;1;0;0;7.5
M037;29/06/2026;Group Stage;P00584;Hugo Andersson;Japan;Italy;DEF;29;TRUE;90;0;0;91.6;3;1;0;7.3
M037;29/06/2026;Group Stage;P00588;Ruben Johnson;Japan;Italy;MID;30;TRUE;73;1;0;92.6;2;4;0;7.5
M037;29/06/2026;Group Stage;P00590;Jonas Kovacevic;Japan;Italy;MID;28;TRUE;90;0;0;90.8;0;0;0;7.0
M037;29/06/2026;Group Stage;P00598;Omar Bakker;Japan;Italy;FWD;27;TRUE;73;0;0;86.4;4;0;0;6.7
M037;29/06/2026;Group Stage;P00583;Ali Torres;Japan;Italy;DEF;33;TRUE;90;0;0;97.5;3;0;0;7.3
M037;29/06/2026;Group Stage;P00595;Kwame Andersson;Japan;Italy;FWD;23;TRUE;87;0;0;88.6;0;0;0;6.6
M037;29/06/2026;Group Stage;P00591;Josef Balde;Japan;Italy;MID;25;TRUE;79;1;0;77.9;3;1;0;7.2
M037;29/06/2026;Group Stage;P00585;Andres Nkomo;Japan;Italy;DEF;31;FALSE;26;0;0;85.6;0;0;0;5.9
M037;29/06/2026;Group Stage;P00586;Karim Mbeki;Japan;Italy;DEF;27;FALSE;22;0;0;91.7;0;0;0;6.2
M037;29/06/2026;Group Stage;P00593;Samuel Horvat;Japan;Italy;MID;24;FALSE;5;0;0;68.7;1;2;0;6.4
M037;29/06/2026;Group Stage;P00579;Josef Hassan;Japan;Italy;DEF;26;FALSE;11;0;0;87.2;0;0;0;7.0
M037;29/06/2026;Group Stage;P00594;Nikolai Nkomo;Japan;Italy;MID;29;FALSE;18;0;1;71.8;0;0;0;7.5
M037;29/06/2026;Group Stage;P00596;Josef Dubois;Japan;Italy;FWD;22;FALSE;24;0;0;85.2;1;0;0;6.2
M037;29/06/2026;Group Stage;P00592;Marco Balde;Japan;Italy;MID;30;FALSE;15;0;0;80.1;1;0;0;7.0
M038;29/06/2026;Group Stage;P00945;Tomas Balde;Sweden;Czechia;GK;30;TRUE;84;0;0;63.1;0;0;5;6.8
M038;29/06/2026;Group Stage;P00966;Mohamed Muller;Sweden;Czechia;FWD;26;TRUE;90;0;0;91.0;3;2;0;7.1
M038;29/06/2026;Group Stage;P00958;Jonas Almeida;Sweden;Czechia;MID;28;TRUE;85;1;0;96.3;2;1;0;8.1
M038;29/06/2026;Group Stage;P00948;Leon Hassan;Sweden;Czechia;DEF;25;TRUE;71;0;0;86.8;2;1;0;5.7
M038;29/06/2026;Group Stage;P00961;Ismael Eriksen;Sweden;Czechia;MID;27;TRUE;87;0;0;97.4;1;1;0;6.5
M038;29/06/2026;Group Stage;P00959;Marcus Sato;Sweden;Czechia;MID;29;TRUE;80;0;0;87.4;0;0;0;5.8
M038;29/06/2026;Group Stage;P00952;Thiago Popov;Sweden;Czechia;DEF;23;TRUE;74;0;0;90.4;1;2;0;6.3
M038;29/06/2026;Group Stage;P00947;Kevin Farah;Sweden;Czechia;DEF;27;TRUE;79;0;0;88.9;1;0;0;6.6
M038;29/06/2026;Group Stage;P00965;Ismael Torres;Sweden;Czechia;FWD;30;TRUE;85;0;0;81.3;1;3;0;5.9
M038;29/06/2026;Group Stage;P00951;Adama Wagner;Sweden;Czechia;DEF;33;TRUE;90;0;0;88.4;4;3;0;6.2
M038;29/06/2026;Group Stage;P00953;Daniel Weiss;Sweden;Czechia;DEF;23;TRUE;88;0;0;84.6;0;0;0;7.1
M038;29/06/2026;Group Stage;P00960;Marcus Johnson;Sweden;Czechia;MID;23;FALSE;21;0;0;74.5;1;0;0;6.7
M038;29/06/2026;Group Stage;P00956;Kofi Yilmaz;Sweden;Czechia;MID;24;FALSE;8;0;1;99.0;1;0;0;6.6
M038;29/06/2026;Group Stage;P00957;Ali Tanaka;Sweden;Czechia;MID;32;FALSE;17;0;0;81.3;0;1;0;5.6
M038;29/06/2026;Group Stage;P00950;Ivan Mensah;Sweden;Czechia;DEF;25;FALSE;6;0;0;87.0;1;1;0;6.4
M038;29/06/2026;Group Stage;P00955;Carlos Mensah;Sweden;Czechia;MID;26;FALSE;12;0;0;95.6;0;0;0;6.4
M038;29/06/2026;Group Stage;P00963;Kofi Eriksen;Sweden;Czechia;FWD;29;FALSE;29;1;0;73.7;1;1;0;6.3
M038;29/06/2026;Group Stage;P00964;Ismael Ferreira;Sweden;Czechia;FWD;30;FALSE;28;0;0;76.8;1;0;0;6.6
M038;29/06/2026;Group Stage;P00300;Ivan Kamara;Czechia;Sweden;GK;23;TRUE;90;0;0;71.1;0;0;3;6.4
M038;29/06/2026;Group Stage;P00309;Omar Alves;Czechia;Sweden;DEF;21;TRUE;84;0;0;86.3;1;2;0;6.1
M038;29/06/2026;Group Stage;P00313;Rafael Ibrahim;Czechia;Sweden;MID;31;TRUE;86;0;0;92.4;0;0;0;6.7
M038;29/06/2026;Group Stage;P00305;Kwame Ferreira;Czechia;Sweden;DEF;29;TRUE;82;0;0;91.7;2;1;0;6.3
M038;29/06/2026;Group Stage;P00320;Anders Mensah;Czechia;Sweden;FWD;27;TRUE;85;0;0;94.9;0;0;0;6.2
M038;29/06/2026;Group Stage;P00317;Jonas Yilmaz;Czechia;Sweden;MID;37;TRUE;76;0;0;85.1;3;2;0;6.1
M038;29/06/2026;Group Stage;P00322;Leon Petit;Czechia;Sweden;FWD;26;TRUE;71;0;0;90.4;2;0;0;6.5
M038;29/06/2026;Group Stage;P00318;Carlos Garcia;Czechia;Sweden;MID;23;TRUE;86;0;0;91.9;1;1;0;6.3
M038;29/06/2026;Group Stage;P00311;Ruben Mensah;Czechia;Sweden;MID;23;TRUE;89;0;0;89.4;2;1;0;6.3
M038;29/06/2026;Group Stage;P00316;Jonas Balde;Czechia;Sweden;MID;23;TRUE;84;0;0;93.1;1;1;0;7.6
M038;29/06/2026;Group Stage;P00310;Thiago Schmidt;Czechia;Sweden;DEF;20;TRUE;77;1;0;80.1;1;1;0;7.5
M038;29/06/2026;Group Stage;P00303;Kofi Costa;Czechia;Sweden;DEF;19;FALSE;16;0;0;80.6;0;0;0;6.0
M038;29/06/2026;Group Stage;P00304;Julian Andersson;Czechia;Sweden;DEF;27;FALSE;20;0;0;89.6;2;0;0;6.5
M038;29/06/2026;Group Stage;P00315;Samuel Lopez;Czechia;Sweden;MID;22;FALSE;26;0;0;68.3;1;0;0;6.3
M038;29/06/2026;Group Stage;P00307;Andres Berg;Czechia;Sweden;DEF;25;FALSE;29;0;0;87.0;0;1;0;6.8
M038;29/06/2026;Group Stage;P00312;Leon Novak;Czechia;Sweden;MID;21;FALSE;5;0;0;87.7;2;1;0;6.8
M038;29/06/2026;Group Stage;P00314;Felix Garcia;Czechia;Sweden;MID;27;FALSE;19;0;0;84.5;0;1;0;6.0
M038;29/06/2026;Group Stage;P00308;Carlos Benali;Czechia;Sweden;DEF;31;FALSE;13;0;0;89.3;1;0;0;7.2
M039;30/06/2026;Group Stage;P00507;Elias Mensah;Italy;Sweden;GK;20;TRUE;86;0;0;69.9;0;0;3;6.5
M039;30/06/2026;Group Stage;P00512;Carlos Andersson;Italy;Sweden;DEF;18;TRUE;90;0;0;94.2;3;2;0;7.0
M039;30/06/2026;Group Stage;P00524;Noah Martins;Italy;Sweden;MID;22;TRUE;75;0;0;93.6;2;2;0;5.8
M039;30/06/2026;Group Stage;P00522;Yuki Novak;Italy;Sweden;MID;32;TRUE;90;0;0;95.4;2;0;0;5.8
M039;30/06/2026;Group Stage;P00525;Yuki Farah;Italy;Sweden;MID;27;TRUE;75;1;0;88.7;2;1;0;7.7
M039;30/06/2026;Group Stage;P00514;Leon Yilmaz;Italy;Sweden;DEF;18;TRUE;90;0;0;98.7;2;3;0;6.7
M039;30/06/2026;Group Stage;P00518;Marcus Nasser;Italy;Sweden;MID;20;TRUE;90;0;0;93.5;2;1;0;6.3
M039;30/06/2026;Group Stage;P00527;Tarek Schmidt;Italy;Sweden;FWD;31;TRUE;70;0;0;91.2;0;1;0;6.3
M039;30/06/2026;Group Stage;P00510;Omar Eriksen;Italy;Sweden;DEF;26;TRUE;76;0;1;88.5;2;0;0;6.8
M039;30/06/2026;Group Stage;P00520;Victor Kamara;Italy;Sweden;MID;24;TRUE;86;0;0;88.9;0;1;0;5.9
M039;30/06/2026;Group Stage;P00513;Elias Larsen;Italy;Sweden;DEF;20;TRUE;81;0;0;88.8;2;0;0;6.2
M039;30/06/2026;Group Stage;P00517;Hugo Muller;Italy;Sweden;DEF;21;FALSE;27;0;0;74.2;0;1;0;6.6
M039;30/06/2026;Group Stage;P00523;Luca Nakamura;Italy;Sweden;MID;23;FALSE;18;0;0;82.1;3;2;0;5.9
M039;30/06/2026;Group Stage;P00511;Adama Larsen;Italy;Sweden;DEF;22;FALSE;21;0;0;82.0;0;0;0;6.5
M039;30/06/2026;Group Stage;P00521;Yuki Nakamura;Italy;Sweden;MID;20;FALSE;28;2;0;81.6;1;0;0;8.1
M039;30/06/2026;Group Stage;P00516;Karim Torres;Italy;Sweden;DEF;25;FALSE;8;0;0;83.2;1;1;0;6.3
M039;30/06/2026;Group Stage;P00519;Marcus Ibrahim;Italy;Sweden;MID;21;FALSE;14;0;0;80.9;0;0;0;6.0
M039;30/06/2026;Group Stage;P00528;Alex Dubois;Italy;Sweden;FWD;24;FALSE;6;0;0;86.9;1;1;0;6.8
M039;30/06/2026;Group Stage;P00944;Jonas Diallo;Sweden;Italy;GK;30;TRUE;81;0;0;73.6;0;0;1;5.7
M039;30/06/2026;Group Stage;P00965;Ismael Torres;Sweden;Italy;FWD;30;TRUE;81;0;0;87.0;1;2;0;6.7
M039;30/06/2026;Group Stage;P00947;Kevin Farah;Sweden;Italy;DEF;27;TRUE;88;0;0;89.4;6;3;0;6.1
M039;30/06/2026;Group Stage;P00950;Ivan Mensah;Sweden;Italy;DEF;25;TRUE;87;0;0;83.7;2;1;0;5.7
M039;30/06/2026;Group Stage;P00962;Julian Souza;Sweden;Italy;MID;27;TRUE;68;0;0;80.8;2;0;0;6.7
M039;30/06/2026;Group Stage;P00949;Anders Osei;Sweden;Italy;DEF;19;TRUE;66;0;0;83.3;1;2;0;6.4
M039;30/06/2026;Group Stage;P00960;Marcus Johnson;Sweden;Italy;MID;23;TRUE;74;0;0;84.5;2;2;0;6.5
M039;30/06/2026;Group Stage;P00959;Marcus Sato;Sweden;Italy;MID;29;TRUE;82;0;0;86.4;4;0;0;6.2
M039;30/06/2026;Group Stage;P00964;Ismael Ferreira;Sweden;Italy;FWD;30;TRUE;85;2;0;95.6;0;2;0;9.2
M039;30/06/2026;Group Stage;P00956;Kofi Yilmaz;Sweden;Italy;MID;24;TRUE;85;0;0;76.7;0;1;0;6.5
M039;30/06/2026;Group Stage;P00954;Yuki Popov;Sweden;Italy;DEF;30;TRUE;73;0;0;86.5;3;1;0;6.2
M039;30/06/2026;Group Stage;P00948;Leon Hassan;Sweden;Italy;DEF;25;FALSE;27;1;0;83.2;0;0;0;7.0
M039;30/06/2026;Group Stage;P00953;Daniel Weiss;Sweden;Italy;DEF;23;FALSE;7;0;0;90.2;0;0;0;6.0
M039;30/06/2026;Group Stage;P00957;Ali Tanaka;Sweden;Italy;MID;32;FALSE;22;1;0;81.1;0;0;0;6.3
M039;30/06/2026;Group Stage;P00963;Kofi Eriksen;Sweden;Italy;FWD;29;FALSE;28;0;0;86.2;1;1;0;5.7
M039;30/06/2026;Group Stage;P00966;Mohamed Muller;Sweden;Italy;FWD;26;FALSE;18;0;1;92.1;2;0;0;6.9
M039;30/06/2026;Group Stage;P00955;Carlos Mensah;Sweden;Italy;MID;26;FALSE;22;0;0;98.5;2;0;0;6.1
M039;30/06/2026;Group Stage;P00958;Jonas Almeida;Sweden;Italy;MID;28;FALSE;26;0;0;99.0;0;0;0;5.5
M040;30/06/2026;Group Stage;P00576;Marco Martins;Japan;Czechia;GK;23;TRUE;71;0;0;64.5;0;0;3;6.0
M040;30/06/2026;Group Stage;P00589;Hugo Toure;Japan;Czechia;MID;32;TRUE;68;0;0;99.0;1;4;0;6.1
M040;30/06/2026;Group Stage;P00598;Omar Bakker;Japan;Czechia;FWD;27;TRUE;90;1;0;90.4;0;0;0;7.2
M040;30/06/2026;Group Stage;P00585;Andres Nkomo;Japan;Czechia;DEF;31;TRUE;83;0;0;85.0;3;0;0;6.1
M040;30/06/2026;Group Stage;P00595;Kwame Andersson;Japan;Czechia;FWD;23;TRUE;90;0;0;87.7;3;2;0;6.0
M040;30/06/2026;Group Stage;P00579;Josef Hassan;Japan;Czechia;DEF;26;TRUE;90;0;0;89.2;1;1;0;6.9
M040;30/06/2026;Group Stage;P00581;Marcus Eriksen;Japan;Czechia;DEF;25;TRUE;90;0;0;91.7;3;2;0;6.4
M040;30/06/2026;Group Stage;P00587;Mohamed Costa;Japan;Czechia;MID;23;TRUE;86;0;0;75.6;0;0;0;6.1
M040;30/06/2026;Group Stage;P00583;Ali Torres;Japan;Czechia;DEF;33;TRUE;82;0;0;88.4;4;1;0;7.1
M040;30/06/2026;Group Stage;P00592;Marco Balde;Japan;Czechia;MID;30;TRUE;77;0;0;90.5;0;0;0;6.6
M040;30/06/2026;Group Stage;P00591;Josef Balde;Japan;Czechia;MID;25;TRUE;77;0;0;83.1;3;1;0;6.3
M040;30/06/2026;Group Stage;P00582;Ruben Mbeki;Japan;Czechia;DEF;24;FALSE;22;0;0;79.8;0;0;0;6.1
M040;30/06/2026;Group Stage;P00590;Jonas Kovacevic;Japan;Czechia;MID;28;FALSE;19;0;0;87.7;0;1;0;6.6
M040;30/06/2026;Group Stage;P00593;Samuel Horvat;Japan;Czechia;MID;24;FALSE;23;0;0;89.8;1;1;0;5.7
M040;30/06/2026;Group Stage;P00584;Hugo Andersson;Japan;Czechia;DEF;29;FALSE;19;0;0;94.3;2;0;0;6.4
M040;30/06/2026;Group Stage;P00596;Josef Dubois;Japan;Czechia;FWD;22;FALSE;18;0;1;74.7;0;1;0;7.1
M040;30/06/2026;Group Stage;P00594;Nikolai Nkomo;Japan;Czechia;MID;29;FALSE;27;0;0;73.9;0;0;0;6.1
M040;30/06/2026;Group Stage;P00586;Karim Mbeki;Japan;Czechia;DEF;27;FALSE;10;0;0;89.7;2;2;0;6.1
M040;30/06/2026;Group Stage;P00302;Ali Andersson;Czechia;Japan;GK;25;TRUE;86;0;0;73.4;0;0;6;5.2
M040;30/06/2026;Group Stage;P00304;Julian Andersson;Czechia;Japan;DEF;27;TRUE;90;0;0;96.6;0;0;0;6.4
M040;30/06/2026;Group Stage;P00312;Leon Novak;Czechia;Japan;MID;21;TRUE;82;0;0;94.4;3;0;0;6.7
M040;30/06/2026;Group Stage;P00321;Adama Kovac;Czechia;Japan;FWD;28;TRUE;77;1;0;86.2;2;1;0;7.2
M040;30/06/2026;Group Stage;P00310;Thiago Schmidt;Czechia;Japan;DEF;20;TRUE;90;0;0;89.3;2;2;0;6.1
M040;30/06/2026;Group Stage;P00315;Samuel Lopez;Czechia;Japan;MID;22;TRUE;85;0;0;73.4;0;0;0;6.2
M040;30/06/2026;Group Stage;P00318;Carlos Garcia;Czechia;Japan;MID;23;TRUE;80;0;1;84.2;2;2;0;6.8
M040;30/06/2026;Group Stage;P00309;Omar Alves;Czechia;Japan;DEF;21;TRUE;90;0;0;90.4;0;0;0;6.4
M040;30/06/2026;Group Stage;P00311;Ruben Mensah;Czechia;Japan;MID;23;TRUE;90;0;0;82.6;0;2;0;7.0
M040;30/06/2026;Group Stage;P00307;Andres Berg;Czechia;Japan;DEF;25;TRUE;81;0;0;94.6;5;0;0;6.2
M040;30/06/2026;Group Stage;P00314;Felix Garcia;Czechia;Japan;MID;27;TRUE;80;0;0;94.6;0;0;0;7.0
M040;30/06/2026;Group Stage;P00308;Carlos Benali;Czechia;Japan;DEF;31;FALSE;22;0;0;92.5;2;1;0;6.0
M040;30/06/2026;Group Stage;P00306;Mohamed Fernandez;Czechia;Japan;DEF;25;FALSE;12;0;0;88.7;1;0;0;6.3
M040;30/06/2026;Group Stage;P00303;Kofi Costa;Czechia;Japan;DEF;19;FALSE;12;0;0;77.4;1;0;0;6.1
M040;30/06/2026;Group Stage;P00305;Kwame Ferreira;Czechia;Japan;DEF;29;FALSE;14;0;0;84.2;1;1;0;5.2
M040;30/06/2026;Group Stage;P00313;Rafael Ibrahim;Czechia;Japan;MID;31;FALSE;7;0;0;87.2;2;1;0;6.2
M040;30/06/2026;Group Stage;P00320;Anders Mensah;Czechia;Japan;FWD;27;FALSE;12;0;0;89.3;2;1;0;7.2
M040;30/06/2026;Group Stage;P00322;Leon Petit;Czechia;Japan;FWD;26;FALSE;8;0;0;84.3;0;0;0;6.6
M041;01/07/2026;Group Stage;P00508;Julian Alves;Italy;Czechia;GK;27;TRUE;78;0;0;78.6;0;0;5;6.7
M041;01/07/2026;Group Stage;P00520;Victor Kamara;Italy;Czechia;MID;24;TRUE;82;0;0;92.7;2;1;0;6.1
M041;01/07/2026;Group Stage;P00516;Karim Torres;Italy;Czechia;DEF;25;TRUE;90;0;0;86.4;2;2;0;6.4
M041;01/07/2026;Group Stage;P00524;Noah Martins;Italy;Czechia;MID;22;TRUE;85;0;0;90.1;2;1;0;7.1
M041;01/07/2026;Group Stage;P00511;Adama Larsen;Italy;Czechia;DEF;22;TRUE;79;0;0;85.8;0;0;0;6.8
M041;01/07/2026;Group Stage;P00529;Ivan Fernandez;Italy;Czechia;FWD;27;TRUE;87;0;0;96.8;0;0;0;6.1
M041;01/07/2026;Group Stage;P00510;Omar Eriksen;Italy;Czechia;DEF;26;TRUE;90;0;0;93.8;2;1;0;6.6
M041;01/07/2026;Group Stage;P00518;Marcus Nasser;Italy;Czechia;MID;20;TRUE;74;0;0;90.3;0;1;0;6.8
M041;01/07/2026;Group Stage;P00526;Adama Berg;Italy;Czechia;FWD;31;TRUE;85;0;0;84.1;1;2;0;6.2
M041;01/07/2026;Group Stage;P00528;Alex Dubois;Italy;Czechia;FWD;24;TRUE;72;0;0;86.6;1;0;0;6.4
M041;01/07/2026;Group Stage;P00519;Marcus Ibrahim;Italy;Czechia;MID;21;TRUE;80;1;0;86.1;3;1;0;8.0
M041;01/07/2026;Group Stage;P00521;Yuki Nakamura;Italy;Czechia;MID;20;FALSE;7;0;0;85.6;0;0;0;5.6
M041;01/07/2026;Group Stage;P00512;Carlos Andersson;Italy;Czechia;DEF;18;FALSE;26;0;0;77.4;0;0;0;6.4
M041;01/07/2026;Group Stage;P00517;Hugo Muller;Italy;Czechia;DEF;21;FALSE;18;0;0;76.8;1;1;0;6.1
M041;01/07/2026;Group Stage;P00513;Elias Larsen;Italy;Czechia;DEF;20;FALSE;12;0;0;90.6;0;1;0;6.5
M041;01/07/2026;Group Stage;P00515;Erik Horvat;Italy;Czechia;DEF;32;FALSE;23;0;0;81.6;1;0;0;6.9
M041;01/07/2026;Group Stage;P00514;Leon Yilmaz;Italy;Czechia;DEF;18;FALSE;7;0;0;78.2;0;1;0;5.9
M041;01/07/2026;Group Stage;P00522;Yuki Novak;Italy;Czechia;MID;32;FALSE;8;0;0;86.7;0;1;0;6.2
M041;01/07/2026;Group Stage;P00302;Ali Andersson;Czechia;Italy;GK;25;TRUE;90;0;0;83.9;0;0;3;6.5
M041;01/07/2026;Group Stage;P00322;Leon Petit;Czechia;Italy;FWD;26;TRUE;87;0;0;86.1;0;0;0;6.3
M041;01/07/2026;Group Stage;P00317;Jonas Yilmaz;Czechia;Italy;MID;37;TRUE;83;0;0;73.8;2;1;0;6.6
M041;01/07/2026;Group Stage;P00315;Samuel Lopez;Czechia;Italy;MID;22;TRUE;79;0;0;89.4;0;0;0;5.9
M041;01/07/2026;Group Stage;P00321;Adama Kovac;Czechia;Italy;FWD;28;TRUE;90;0;0;85.4;1;0;0;6.3
M041;01/07/2026;Group Stage;P00309;Omar Alves;Czechia;Italy;DEF;21;TRUE;69;0;0;91.1;2;1;0;6.0
M041;01/07/2026;Group Stage;P00319;Noah Popov;Czechia;Italy;FWD;22;TRUE;86;1;0;85.3;1;2;0;7.3
M041;01/07/2026;Group Stage;P00306;Mohamed Fernandez;Czechia;Italy;DEF;25;TRUE;73;0;1;94.2;1;0;0;7.2
M041;01/07/2026;Group Stage;P00303;Kofi Costa;Czechia;Italy;DEF;19;TRUE;79;0;0;77.5;3;2;0;7.0
M041;01/07/2026;Group Stage;P00305;Kwame Ferreira;Czechia;Italy;DEF;29;TRUE;74;0;0;84.5;1;1;0;5.7
M041;01/07/2026;Group Stage;P00318;Carlos Garcia;Czechia;Italy;MID;23;TRUE;90;0;0;83.9;2;2;0;5.5
M041;01/07/2026;Group Stage;P00307;Andres Berg;Czechia;Italy;DEF;25;FALSE;22;0;0;94.1;2;1;0;6.0
M041;01/07/2026;Group Stage;P00304;Julian Andersson;Czechia;Italy;DEF;27;FALSE;16;0;0;76.8;1;0;0;6.2
M041;01/07/2026;Group Stage;P00308;Carlos Benali;Czechia;Italy;DEF;31;FALSE;6;0;0;84.8;1;0;0;6.3
M041;01/07/2026;Group Stage;P00313;Rafael Ibrahim;Czechia;Italy;MID;31;FALSE;8;0;0;88.6;0;0;0;6.3
M041;01/07/2026;Group Stage;P00316;Jonas Balde;Czechia;Italy;MID;23;FALSE;27;0;0;79.9;0;1;0;5.7
M041;01/07/2026;Group Stage;P00311;Ruben Mensah;Czechia;Italy;MID;23;FALSE;9;0;0;81.6;0;2;0;6.6
M041;01/07/2026;Group Stage;P00310;Thiago Schmidt;Czechia;Italy;DEF;20;FALSE;16;0;0;86.0;0;1;0;7.1
M042;01/07/2026;Group Stage;P00577;Elias Farah;Japan;Sweden;GK;28;TRUE;90;0;0;77.0;0;0;4;5.0
M042;01/07/2026;Group Stage;P00586;Karim Mbeki;Japan;Sweden;DEF;27;TRUE;81;0;0;83.2;1;1;0;6.2
M042;01/07/2026;Group Stage;P00588;Ruben Johnson;Japan;Sweden;MID;30;TRUE;79;0;0;99.0;0;1;0;6.7
M042;01/07/2026;Group Stage;P00585;Andres Nkomo;Japan;Sweden;DEF;31;TRUE;71;1;0;81.2;0;2;0;7.0
M042;01/07/2026;Group Stage;P00584;Hugo Andersson;Japan;Sweden;DEF;29;TRUE;86;0;0;80.8;0;2;0;6.8
M042;01/07/2026;Group Stage;P00583;Ali Torres;Japan;Sweden;DEF;33;TRUE;72;0;0;81.8;2;0;0;5.8
M042;01/07/2026;Group Stage;P00591;Josef Balde;Japan;Sweden;MID;25;TRUE;74;0;0;89.5;0;3;0;7.2
M042;01/07/2026;Group Stage;P00590;Jonas Kovacevic;Japan;Sweden;MID;28;TRUE;90;0;0;86.5;0;1;0;5.8
M042;01/07/2026;Group Stage;P00582;Ruben Mbeki;Japan;Sweden;DEF;24;TRUE;90;0;0;84.1;4;2;0;6.2
M042;01/07/2026;Group Stage;P00587;Mohamed Costa;Japan;Sweden;MID;23;TRUE;80;0;0;82.8;1;1;0;6.4
M042;01/07/2026;Group Stage;P00580;Victor Ferreira;Japan;Sweden;DEF;23;TRUE;79;0;1;87.9;4;2;0;7.2
M042;01/07/2026;Group Stage;P00596;Josef Dubois;Japan;Sweden;FWD;22;FALSE;24;0;0;80.4;0;0;0;6.3
M042;01/07/2026;Group Stage;P00581;Marcus Eriksen;Japan;Sweden;DEF;25;FALSE;25;0;0;72.2;1;0;0;6.3
M042;01/07/2026;Group Stage;P00592;Marco Balde;Japan;Sweden;MID;30;FALSE;10;0;0;90.2;2;0;0;5.3
M042;01/07/2026;Group Stage;P00595;Kwame Andersson;Japan;Sweden;FWD;23;FALSE;6;0;0;91.5;1;0;0;6.6
M042;01/07/2026;Group Stage;P00579;Josef Hassan;Japan;Sweden;DEF;26;FALSE;22;0;0;72.5;1;0;0;6.5
M042;01/07/2026;Group Stage;P00594;Nikolai Nkomo;Japan;Sweden;MID;29;FALSE;23;0;0;90.5;0;2;0;6.6
M042;01/07/2026;Group Stage;P00598;Omar Bakker;Japan;Sweden;FWD;27;FALSE;19;0;0;76.4;1;0;0;5.9
M042;01/07/2026;Group Stage;P00946;Elias Dubois;Sweden;Japan;GK;28;TRUE;77;0;0;82.9;0;0;6;6.1
M042;01/07/2026;Group Stage;P00961;Ismael Eriksen;Sweden;Japan;MID;27;TRUE;80;0;0;85.4;1;0;0;7.1
M042;01/07/2026;Group Stage;P00960;Marcus Johnson;Sweden;Japan;MID;23;TRUE;69;0;0;88.5;2;1;0;7.0
M042;01/07/2026;Group Stage;P00951;Adama Wagner;Sweden;Japan;DEF;33;TRUE;74;0;0;94.1;1;2;0;6.3
M042;01/07/2026;Group Stage;P00948;Leon Hassan;Sweden;Japan;DEF;25;TRUE;82;0;0;92.2;2;1;0;6.4
M042;01/07/2026;Group Stage;P00964;Ismael Ferreira;Sweden;Japan;FWD;30;TRUE;78;0;0;88.9;0;0;0;5.8
M042;01/07/2026;Group Stage;P00947;Kevin Farah;Sweden;Japan;DEF;27;TRUE;90;0;0;80.3;1;0;0;6.4
M042;01/07/2026;Group Stage;P00949;Anders Osei;Sweden;Japan;DEF;19;TRUE;74;0;0;90.7;5;0;0;7.1
M042;01/07/2026;Group Stage;P00954;Yuki Popov;Sweden;Japan;DEF;30;TRUE;81;0;1;91.5;2;3;0;6.4
M042;01/07/2026;Group Stage;P00962;Julian Souza;Sweden;Japan;MID;27;TRUE;81;0;0;81.4;0;0;0;5.8
M042;01/07/2026;Group Stage;P00950;Ivan Mensah;Sweden;Japan;DEF;25;TRUE;80;1;0;82.8;3;1;0;7.8
M042;01/07/2026;Group Stage;P00966;Mohamed Muller;Sweden;Japan;FWD;26;FALSE;10;0;0;95.5;0;1;0;6.7
M042;01/07/2026;Group Stage;P00958;Jonas Almeida;Sweden;Japan;MID;28;FALSE;14;0;0;83.4;0;0;0;6.5
M042;01/07/2026;Group Stage;P00955;Carlos Mensah;Sweden;Japan;MID;26;FALSE;7;0;0;92.5;0;0;0;6.6
M042;01/07/2026;Group Stage;P00963;Kofi Eriksen;Sweden;Japan;FWD;29;FALSE;20;0;0;74.3;2;0;0;6.4
M042;01/07/2026;Group Stage;P00959;Marcus Sato;Sweden;Japan;MID;29;FALSE;26;0;0;88.7;0;1;0;6.6
M042;01/07/2026;Group Stage;P00965;Ismael Torres;Sweden;Japan;FWD;30;FALSE;20;0;0;86.0;0;0;0;6.2
M042;01/07/2026;Group Stage;P00953;Daniel Weiss;Sweden;Japan;DEF;23;FALSE;9;0;0;81.2;0;0;0;5.9
M043;02/07/2026;Group Stage;P00393;Elias Popov;England;Austria;GK;22;TRUE;82;0;0;74.3;0;0;3;6.7
M043;02/07/2026;Group Stage;P00396;Adama Petit;England;Austria;DEF;29;TRUE;72;0;0;87.1;2;0;0;6.1
M043;02/07/2026;Group Stage;P00405;Omar Rossi;England;Austria;MID;26;TRUE;85;0;0;95.4;2;2;0;6.5
M043;02/07/2026;Group Stage;P00407;Anders Rossi;England;Austria;MID;31;TRUE;90;0;0;88.2;3;5;0;6.6
M043;02/07/2026;Group Stage;P00399;Carlos Schmidt;England;Austria;DEF;32;TRUE;82;0;1;78.7;0;4;0;7.0
M043;02/07/2026;Group Stage;P00404;Hugo Benali;England;Austria;MID;27;TRUE;75;0;0;85.0;0;1;0;6.1
M043;02/07/2026;Group Stage;P00398;Felix Schmidt;England;Austria;DEF;27;TRUE;87;1;0;96.8;3;1;0;7.5
M043;02/07/2026;Group Stage;P00413;Ruben Lopez;England;Austria;FWD;22;TRUE;90;0;0;80.1;0;0;0;5.8
M043;02/07/2026;Group Stage;P00403;Carlos Mbeki;England;Austria;MID;20;TRUE;86;0;0;85.7;0;1;0;6.4
M043;02/07/2026;Group Stage;P00406;Adama Sato;England;Austria;MID;19;TRUE;86;0;0;87.9;1;0;0;6.6
M043;02/07/2026;Group Stage;P00414;Yusuf Bakker;England;Austria;FWD;19;TRUE;75;1;0;94.1;2;1;0;7.1
M043;02/07/2026;Group Stage;P00401;Adama Dubois;England;Austria;DEF;25;FALSE;27;0;0;96.4;1;0;0;6.7
M043;02/07/2026;Group Stage;P00410;Yuki Lopez;England;Austria;MID;24;FALSE;21;0;0;81.8;1;0;0;5.8
M043;02/07/2026;Group Stage;P00400;Sergio Alves;England;Austria;DEF;30;FALSE;12;0;1;85.5;1;0;0;7.2
M043;02/07/2026;Group Stage;P00408;Omar Haddad;England;Austria;MID;23;FALSE;22;0;0;87.4;1;0;0;6.2
M043;02/07/2026;Group Stage;P00397;Alex Johnson;England;Austria;DEF;26;FALSE;21;0;0;86.3;3;2;0;6.3
M043;02/07/2026;Group Stage;P00412;Ismael Johnson;England;Austria;FWD;31;FALSE;16;0;0;78.3;0;1;0;6.5
M043;02/07/2026;Group Stage;P00411;Marco Tanaka;England;Austria;FWD;29;FALSE;20;0;0;89.0;1;1;0;5.1
M043;02/07/2026;Group Stage;P00070;Elias Tanaka;Austria;England;GK;21;TRUE;80;0;0;68.0;0;0;8;6.8
M043;02/07/2026;Group Stage;P00079;Yusuf Reyes;Austria;England;DEF;25;TRUE;78;0;0;89.2;4;2;0;6.7
M043;02/07/2026;Group Stage;P00089;Karim Andersson;Austria;England;FWD;32;TRUE;90;0;0;89.0;3;1;0;7.2
M043;02/07/2026;Group Stage;P00091;Victor Almeida;Austria;England;FWD;28;TRUE;90;0;0;89.3;3;2;0;6.9
M043;02/07/2026;Group Stage;P00075;Elias Garcia;Austria;England;DEF;32;TRUE;87;0;0;82.2;2;3;0;7.1
M043;02/07/2026;Group Stage;P00082;Sven Sato;Austria;England;MID;29;TRUE;72;0;0;83.7;0;0;0;6.8
M043;02/07/2026;Group Stage;P00080;Andres Farah;Austria;England;DEF;18;TRUE;79;0;0;91.9;4;0;0;6.5
M043;02/07/2026;Group Stage;P00078;Andres Hassan;Austria;England;DEF;28;TRUE;86;0;0;91.7;4;3;0;6.8
M043;02/07/2026;Group Stage;P00073;Chidi Costa;Austria;England;DEF;26;TRUE;77;1;1;96.0;5;0;0;8.2
M043;02/07/2026;Group Stage;P00087;Carlos Nasser;Austria;England;MID;24;TRUE;87;0;0;87.1;2;1;0;7.1
M043;02/07/2026;Group Stage;P00074;Adama Popov;Austria;England;DEF;31;TRUE;82;0;0;88.4;5;3;0;6.3
M043;02/07/2026;Group Stage;P00083;Josef Johnson;Austria;England;MID;27;FALSE;19;0;0;84.7;0;0;0;6.4
M043;02/07/2026;Group Stage;P00088;Anders Ibrahim;Austria;England;MID;31;FALSE;12;0;0;81.6;1;1;0;6.8
M043;02/07/2026;Group Stage;P00084;Ivan Ibrahim;Austria;England;MID;22;FALSE;9;0;0;81.0;0;0;0;6.1
M043;02/07/2026;Group Stage;P00086;Ali Horvat;Austria;England;MID;23;FALSE;10;0;0;84.3;1;0;0;5.5
M043;02/07/2026;Group Stage;P00081;Victor Diallo;Austria;England;MID;28;FALSE;27;0;0;86.2;2;0;0;5.9
M043;02/07/2026;Group Stage;P00090;Carlos Johnson;Austria;England;FWD;28;FALSE;16;1;0;81.5;0;0;0;7.5
M043;02/07/2026;Group Stage;P00076;Lucas Berg;Austria;England;DEF;25;FALSE;21;0;1;89.8;1;0;0;8.1
M044;02/07/2026;Group Stage;P00900;Josef Lopez;South Korea;Jamaica;GK;36;TRUE;75;0;0;68.1;0;0;5;5.9
M044;02/07/2026;Group Stage;P00910;Carlos Kamara;South Korea;Jamaica;MID;27;TRUE;69;1;0;88.2;1;0;0;8.2
M044;02/07/2026;Group Stage;P00902;Mohamed Kim;South Korea;Jamaica;DEF;23;TRUE;69;0;0;89.4;2;1;0;6.8
M044;02/07/2026;Group Stage;P00904;Leon Schmidt;South Korea;Jamaica;DEF;25;TRUE;86;0;0;85.7;2;2;0;6.1
M044;02/07/2026;Group Stage;P00901;Sven Benali;South Korea;Jamaica;DEF;24;TRUE;86;0;0;91.1;4;1;0;6.8
M044;02/07/2026;Group Stage;P00912;Mateus Balde;South Korea;Jamaica;MID;30;TRUE;87;0;0;85.8;3;0;0;6.0
M044;02/07/2026;Group Stage;P00918;Amir Garcia;South Korea;Jamaica;FWD;24;TRUE;84;1;0;87.8;0;1;0;8.6
M044;02/07/2026;Group Stage;P00903;Ruben Balde;South Korea;Jamaica;DEF;23;TRUE;84;0;0;85.1;2;0;0;6.2
M044;02/07/2026;Group Stage;P00911;Carlos Novak;South Korea;Jamaica;MID;32;TRUE;83;0;0;92.0;2;2;0;6.2
M044;02/07/2026;Group Stage;P00905;Samuel Nasser;South Korea;Jamaica;DEF;29;TRUE;66;0;0;85.9;5;1;0;6.7
M044;02/07/2026;Group Stage;P00917;Ali Reyes;South Korea;Jamaica;FWD;21;TRUE;80;0;0;90.6;1;0;0;6.5
M044;02/07/2026;Group Stage;P00908;Kevin Hassan;South Korea;Jamaica;DEF;24;FALSE;19;0;1;84.0;0;1;0;7.9
M044;02/07/2026;Group Stage;P00914;Anders Johnson;South Korea;Jamaica;MID;29;FALSE;28;0;0;92.1;1;0;0;6.9
M044;02/07/2026;Group Stage;P00919;Chidi Berg;South Korea;Jamaica;FWD;26;FALSE;13;0;0;85.2;1;0;0;6.4
M044;02/07/2026;Group Stage;P00909;Ismael Toure;South Korea;Jamaica;MID;20;FALSE;17;0;0;81.1;1;0;0;5.8
M044;02/07/2026;Group Stage;P00915;Emre Berg;South Korea;Jamaica;MID;24;FALSE;18;0;0;85.2;0;1;0;5.7
M044;02/07/2026;Group Stage;P00907;Felix Tanaka;South Korea;Jamaica;DEF;28;FALSE;14;0;0;83.4;1;0;0;5.7
M044;02/07/2026;Group Stage;P00920;Thiago Dubois;South Korea;Jamaica;FWD;25;FALSE;11;0;0;78.7;0;0;0;5.9
M044;02/07/2026;Group Stage;P00553;Bruno Cruz;Jamaica;South Korea;GK;26;TRUE;75;0;0;73.4;0;0;2;7.3
M044;02/07/2026;Group Stage;P00573;Marco Rossi;Jamaica;South Korea;FWD;26;TRUE;80;0;0;95.7;1;1;0;6.3
M044;02/07/2026;Group Stage;P00570;Gabriel Mensah;Jamaica;South Korea;MID;28;TRUE;76;0;0;99.0;2;2;0;7.0
M044;02/07/2026;Group Stage;P00559;Ismael Rossi;Jamaica;South Korea;DEF;21;TRUE;90;0;0;70.9;4;5;0;6.5
M044;02/07/2026;Group Stage;P00575;Ivan Novak;Jamaica;South Korea;FWD;23;TRUE;90;0;0;78.7;0;1;0;6.4
M044;02/07/2026;Group Stage;P00561;Tarek Ferreira;Jamaica;South Korea;DEF;30;TRUE;72;0;0;87.3;4;2;0;5.8
M044;02/07/2026;Group Stage;P00565;Emre Johnson;Jamaica;South Korea;MID;36;TRUE;72;0;1;87.7;0;1;0;6.7
M044;02/07/2026;Group Stage;P00562;Emre Sato;Jamaica;South Korea;DEF;23;TRUE;87;0;0;86.5;2;1;0;6.5
M044;02/07/2026;Group Stage;P00563;Elias Hassan;Jamaica;South Korea;DEF;25;TRUE;73;0;0;77.0;0;0;0;7.0
M044;02/07/2026;Group Stage;P00556;Julian Schmidt;Jamaica;South Korea;DEF;28;TRUE;90;0;0;97.4;5;1;0;7.3
M044;02/07/2026;Group Stage;P00567;Kofi Garcia;Jamaica;South Korea;MID;29;TRUE;84;0;0;88.5;4;1;0;6.2
M044;02/07/2026;Group Stage;P00557;Andres Petit;Jamaica;South Korea;DEF;28;FALSE;26;0;0;77.8;0;0;0;6.0
M044;02/07/2026;Group Stage;P00572;Lucas Haddad;Jamaica;South Korea;FWD;28;FALSE;28;0;1;92.4;1;0;0;7.0
M044;02/07/2026;Group Stage;P00558;Sergio Nakamura;Jamaica;South Korea;DEF;18;FALSE;18;0;0;85.6;0;0;0;5.9
M044;02/07/2026;Group Stage;P00564;Elias Ibrahim;Jamaica;South Korea;MID;20;FALSE;25;0;0;77.0;1;1;0;6.2
M044;02/07/2026;Group Stage;P00568;Adama Torres;Jamaica;South Korea;MID;28;FALSE;28;0;0;84.7;0;1;0;5.6
M044;02/07/2026;Group Stage;P00571;Daniel Schmidt;Jamaica;South Korea;MID;24;FALSE;15;1;0;87.1;1;0;0;8.2
M044;02/07/2026;Group Stage;P00569;Lucas Costa;Jamaica;South Korea;MID;29;FALSE;29;1;0;83.8;0;0;0;6.4
M045;03/07/2026;Group Stage;P00393;Elias Popov;England;South Korea;GK;22;TRUE;88;0;0;75.1;0;0;1;6.1
M045;03/07/2026;Group Stage;P00400;Sergio Alves;England;South Korea;DEF;30;TRUE;73;0;0;80.7;0;3;0;6.5
M045;03/07/2026;Group Stage;P00397;Alex Johnson;England;South Korea;DEF;26;TRUE;90;0;1;88.2;3;1;0;6.8
M045;03/07/2026;Group Stage;P00405;Omar Rossi;England;South Korea;MID;26;TRUE;81;0;0;96.7;0;2;0;6.7
M045;03/07/2026;Group Stage;P00395;Sven Berg;England;South Korea;DEF;19;TRUE;90;0;0;87.2;4;0;0;6.8
M045;03/07/2026;Group Stage;P00410;Yuki Lopez;England;South Korea;MID;24;TRUE;89;0;0;91.1;1;1;0;7.0
M045;03/07/2026;Group Stage;P00399;Carlos Schmidt;England;South Korea;DEF;32;TRUE;81;0;0;88.9;5;3;0;7.0
M045;03/07/2026;Group Stage;P00413;Ruben Lopez;England;South Korea;FWD;22;TRUE;90;1;0;87.0;0;1;0;8.3
M045;03/07/2026;Group Stage;P00409;Sergio Lopez;England;South Korea;MID;28;TRUE;83;1;0;83.9;4;0;0;7.6
M045;03/07/2026;Group Stage;P00396;Adama Petit;England;South Korea;DEF;29;TRUE;77;0;1;76.1;1;0;0;7.2
M045;03/07/2026;Group Stage;P00406;Adama Sato;England;South Korea;MID;19;TRUE;81;0;0;89.8;0;0;0;6.6
M045;03/07/2026;Group Stage;P00403;Carlos Mbeki;England;South Korea;MID;20;FALSE;24;0;0;83.0;2;0;0;5.1
M045;03/07/2026;Group Stage;P00401;Adama Dubois;England;South Korea;DEF;25;FALSE;12;1;0;84.1;1;0;0;6.9
M045;03/07/2026;Group Stage;P00402;Erik Farah;England;South Korea;DEF;29;FALSE;7;0;1;89.2;0;0;0;6.3
M045;03/07/2026;Group Stage;P00414;Yusuf Bakker;England;South Korea;FWD;19;FALSE;18;0;0;95.2;0;1;0;5.6
M045;03/07/2026;Group Stage;P00411;Marco Tanaka;England;South Korea;FWD;29;FALSE;13;1;0;75.0;1;1;0;8.1
M045;03/07/2026;Group Stage;P00404;Hugo Benali;England;South Korea;MID;27;FALSE;26;0;0;75.7;0;0;0;6.0
M045;03/07/2026;Group Stage;P00398;Felix Schmidt;England;South Korea;DEF;27;FALSE;22;0;0;71.4;0;0;0;6.4
M045;03/07/2026;Group Stage;P00899;Samuel Diallo;South Korea;England;GK;20;TRUE;89;0;0;78.5;0;0;2;6.8
M045;03/07/2026;Group Stage;P00913;Kofi Muller;South Korea;England;MID;25;TRUE;90;0;0;96.4;1;2;0;6.7
M045;03/07/2026;Group Stage;P00918;Amir Garcia;South Korea;England;FWD;24;TRUE;75;0;0;93.5;1;0;0;6.8
M045;03/07/2026;Group Stage;P00907;Felix Tanaka;South Korea;England;DEF;28;TRUE;77;0;0;83.4;2;1;0;6.6
M045;03/07/2026;Group Stage;P00905;Samuel Nasser;South Korea;England;DEF;29;TRUE;90;0;0;87.0;2;2;0;6.2
M045;03/07/2026;Group Stage;P00908;Kevin Hassan;South Korea;England;DEF;24;TRUE;90;0;0;98.3;2;0;0;6.5
M045;03/07/2026;Group Stage;P00912;Mateus Balde;South Korea;England;MID;30;TRUE;76;0;1;77.0;1;1;0;7.1
M045;03/07/2026;Group Stage;P00914;Anders Johnson;South Korea;England;MID;29;TRUE;85;1;0;89.4;1;0;0;8.3
M045;03/07/2026;Group Stage;P00909;Ismael Toure;South Korea;England;MID;20;TRUE;84;0;0;82.5;0;1;0;6.3
M045;03/07/2026;Group Stage;P00920;Thiago Dubois;South Korea;England;FWD;25;TRUE;67;0;1;87.5;2;0;0;7.2
M045;03/07/2026;Group Stage;P00904;Leon Schmidt;South Korea;England;DEF;25;TRUE;84;0;0;74.0;1;1;0;7.0
M045;03/07/2026;Group Stage;P00902;Mohamed Kim;South Korea;England;DEF;23;FALSE;5;0;0;84.6;0;0;0;6.9
M045;03/07/2026;Group Stage;P00901;Sven Benali;South Korea;England;DEF;24;FALSE;5;0;0;85.6;0;0;0;5.5
M045;03/07/2026;Group Stage;P00919;Chidi Berg;South Korea;England;FWD;26;FALSE;28;0;0;85.4;2;0;0;6.5
M045;03/07/2026;Group Stage;P00917;Ali Reyes;South Korea;England;FWD;21;FALSE;22;1;0;75.2;2;0;0;8.0
M045;03/07/2026;Group Stage;P00906;Yusuf Cruz;South Korea;England;DEF;29;FALSE;24;0;0;79.5;1;0;0;5.4
M045;03/07/2026;Group Stage;P00910;Carlos Kamara;South Korea;England;MID;27;FALSE;16;0;0;91.6;1;1;0;6.7
M045;03/07/2026;Group Stage;P00916;Daniel Fernandez;South Korea;England;MID;25;FALSE;28;0;0;87.8;1;0;0;6.8
M046;03/07/2026;Group Stage;P00070;Elias Tanaka;Austria;Jamaica;GK;21;TRUE;78;0;0;68.7;0;0;5;5.5
M046;03/07/2026;Group Stage;P00081;Victor Diallo;Austria;Jamaica;MID;28;TRUE;90;0;0;92.5;3;1;0;6.3
M046;03/07/2026;Group Stage;P00073;Chidi Costa;Austria;Jamaica;DEF;26;TRUE;72;0;0;93.1;2;3;0;5.3
M046;03/07/2026;Group Stage;P00086;Ali Horvat;Austria;Jamaica;MID;23;TRUE;79;0;0;93.9;2;0;0;5.8
M046;03/07/2026;Group Stage;P00085;Noah Horvat;Austria;Jamaica;MID;25;TRUE;77;0;0;86.2;1;0;0;7.3
M046;03/07/2026;Group Stage;P00076;Lucas Berg;Austria;Jamaica;DEF;25;TRUE;75;0;0;88.0;4;2;0;6.7
M046;03/07/2026;Group Stage;P00077;Adama Reyes;Austria;Jamaica;DEF;27;TRUE;90;0;0;85.2;3;1;0;6.0
M046;03/07/2026;Group Stage;P00082;Sven Sato;Austria;Jamaica;MID;29;TRUE;90;0;0;80.2;1;0;0;6.1
M046;03/07/2026;Group Stage;P00074;Adama Popov;Austria;Jamaica;DEF;31;TRUE;84;0;0;89.0;1;2;0;5.9
M046;03/07/2026;Group Stage;P00089;Karim Andersson;Austria;Jamaica;FWD;32;TRUE;75;0;0;91.9;1;0;0;6.5
M046;03/07/2026;Group Stage;P00083;Josef Johnson;Austria;Jamaica;MID;27;TRUE;90;0;0;80.5;0;3;0;7.4
M046;03/07/2026;Group Stage;P00092;Omar Cruz;Austria;Jamaica;FWD;28;FALSE;19;0;1;98.1;0;0;0;6.9
M046;03/07/2026;Group Stage;P00080;Andres Farah;Austria;Jamaica;DEF;18;FALSE;26;0;0;87.9;1;0;0;5.9
M046;03/07/2026;Group Stage;P00091;Victor Almeida;Austria;Jamaica;FWD;28;FALSE;16;1;0;85.2;2;0;0;7.4
M046;03/07/2026;Group Stage;P00078;Andres Hassan;Austria;Jamaica;DEF;28;FALSE;25;0;0;85.8;0;0;0;6.7
M046;03/07/2026;Group Stage;P00084;Ivan Ibrahim;Austria;Jamaica;MID;22;FALSE;16;0;0;77.7;0;0;0;5.7
M046;03/07/2026;Group Stage;P00087;Carlos Nasser;Austria;Jamaica;MID;24;FALSE;21;1;0;93.4;0;0;0;6.5
M046;03/07/2026;Group Stage;P00075;Elias Garcia;Austria;Jamaica;DEF;32;FALSE;18;0;0;82.4;1;1;0;5.8
M046;03/07/2026;Group Stage;P00553;Bruno Cruz;Jamaica;Austria;GK;26;TRUE;79;0;0;74.9;0;0;3;5.8
M046;03/07/2026;Group Stage;P00557;Andres Petit;Jamaica;Austria;DEF;28;TRUE;90;0;0;88.7;1;4;0;7.4
M046;03/07/2026;Group Stage;P00562;Emre Sato;Jamaica;Austria;DEF;23;TRUE;86;0;0;89.1;3;0;0;6.7
M046;03/07/2026;Group Stage;P00561;Tarek Ferreira;Jamaica;Austria;DEF;30;TRUE;80;0;0;90.2;1;2;0;5.6
M046;03/07/2026;Group Stage;P00565;Emre Johnson;Jamaica;Austria;MID;36;TRUE;86;1;0;96.7;2;0;0;6.8
M046;03/07/2026;Group Stage;P00566;Kevin Schmidt;Jamaica;Austria;MID;27;TRUE;81;0;0;83.5;0;2;0;6.8
M046;03/07/2026;Group Stage;P00575;Ivan Novak;Jamaica;Austria;FWD;23;TRUE;79;1;0;91.1;1;0;0;6.8
M046;03/07/2026;Group Stage;P00568;Adama Torres;Jamaica;Austria;MID;28;TRUE;77;0;1;90.6;2;2;0;6.7
M046;03/07/2026;Group Stage;P00569;Lucas Costa;Jamaica;Austria;MID;29;TRUE;86;0;0;80.0;4;2;0;6.3
M046;03/07/2026;Group Stage;P00563;Elias Hassan;Jamaica;Austria;DEF;25;TRUE;78;0;0;89.9;4;2;0;7.1
M046;03/07/2026;Group Stage;P00572;Lucas Haddad;Jamaica;Austria;FWD;28;TRUE;78;0;0;84.3;0;0;0;6.0
M046;03/07/2026;Group Stage;P00559;Ismael Rossi;Jamaica;Austria;DEF;21;FALSE;25;0;0;85.1;0;1;0;6.1
M046;03/07/2026;Group Stage;P00556;Julian Schmidt;Jamaica;Austria;DEF;28;FALSE;24;0;0;68.1;0;1;0;5.5
M046;03/07/2026;Group Stage;P00567;Kofi Garcia;Jamaica;Austria;MID;29;FALSE;13;0;0;89.1;2;1;0;7.0
M046;03/07/2026;Group Stage;P00560;Luca Horvat;Jamaica;Austria;DEF;27;FALSE;9;0;0;99.0;0;1;0;6.1
M046;03/07/2026;Group Stage;P00570;Gabriel Mensah;Jamaica;Austria;MID;28;FALSE;21;0;0;90.3;1;0;0;5.7
M046;03/07/2026;Group Stage;P00573;Marco Rossi;Jamaica;Austria;FWD;26;FALSE;11;0;0;88.5;2;0;0;7.1
M046;03/07/2026;Group Stage;P00564;Elias Ibrahim;Jamaica;Austria;MID;20;FALSE;28;0;0;73.7;0;1;0;5.6
M047;04/07/2026;Group Stage;P00392;Josef Nasser;England;Jamaica;GK;29;TRUE;90;0;0;74.7;0;0;1;5.6
M047;04/07/2026;Group Stage;P00406;Adama Sato;England;Jamaica;MID;19;TRUE;81;0;0;78.2;2;0;0;6.9
M047;04/07/2026;Group Stage;P00399;Carlos Schmidt;England;Jamaica;DEF;32;TRUE;88;0;1;85.0;3;2;0;7.1
M047;04/07/2026;Group Stage;P00401;Adama Dubois;England;Jamaica;DEF;25;TRUE;83;0;0;92.4;2;1;0;6.6
M047;04/07/2026;Group Stage;P00412;Ismael Johnson;England;Jamaica;FWD;31;TRUE;77;0;0;95.3;3;0;0;6.3
M047;04/07/2026;Group Stage;P00402;Erik Farah;England;Jamaica;DEF;29;TRUE;82;0;0;87.8;3;3;0;7.1
M047;04/07/2026;Group Stage;P00405;Omar Rossi;England;Jamaica;MID;26;TRUE;68;0;0;93.3;0;2;0;6.6
M047;04/07/2026;Group Stage;P00400;Sergio Alves;England;Jamaica;DEF;30;TRUE;76;1;0;85.3;1;3;0;7.2
M047;04/07/2026;Group Stage;P00414;Yusuf Bakker;England;Jamaica;FWD;19;TRUE;79;1;0;90.5;4;0;0;7.6
M047;04/07/2026;Group Stage;P00396;Adama Petit;England;Jamaica;DEF;29;TRUE;77;0;0;94.1;0;2;0;6.6
M047;04/07/2026;Group Stage;P00395;Sven Berg;England;Jamaica;DEF;19;TRUE;80;0;0;94.8;5;1;0;6.6
M047;04/07/2026;Group Stage;P00410;Yuki Lopez;England;Jamaica;MID;24;FALSE;21;1;0;86.5;0;1;0;7.2
M047;04/07/2026;Group Stage;P00397;Alex Johnson;England;Jamaica;DEF;26;FALSE;7;0;0;87.7;1;2;0;6.6
M047;04/07/2026;Group Stage;P00413;Ruben Lopez;England;Jamaica;FWD;22;FALSE;28;1;1;70.6;1;1;0;7.1
M047;04/07/2026;Group Stage;P00407;Anders Rossi;England;Jamaica;MID;31;FALSE;19;0;0;76.3;0;2;0;5.9
M047;04/07/2026;Group Stage;P00403;Carlos Mbeki;England;Jamaica;MID;20;FALSE;7;0;0;82.3;3;1;0;6.4
M047;04/07/2026;Group Stage;P00411;Marco Tanaka;England;Jamaica;FWD;29;FALSE;8;0;0;86.0;2;0;0;5.8
M047;04/07/2026;Group Stage;P00409;Sergio Lopez;England;Jamaica;MID;28;FALSE;14;0;0;83.9;0;2;0;6.3
M047;04/07/2026;Group Stage;P00555;Chidi Farah;Jamaica;England;GK;21;TRUE;90;0;0;73.9;0;0;5;6.6
M047;04/07/2026;Group Stage;P00561;Tarek Ferreira;Jamaica;England;DEF;30;TRUE;84;0;0;78.3;1;0;0;6.7
M047;04/07/2026;Group Stage;P00571;Daniel Schmidt;Jamaica;England;MID;24;TRUE;86;0;0;92.9;0;0;0;6.4
M047;04/07/2026;Group Stage;P00574;Karim Cruz;Jamaica;England;FWD;31;TRUE;75;0;0;81.1;0;0;0;5.5
M047;04/07/2026;Group Stage;P00560;Luca Horvat;Jamaica;England;DEF;27;TRUE;85;0;0;89.7;3;2;0;6.4
M047;04/07/2026;Group Stage;P00564;Elias Ibrahim;Jamaica;England;MID;20;TRUE;86;0;0;86.1;1;0;0;5.3
M047;04/07/2026;Group Stage;P00569;Lucas Costa;Jamaica;England;MID;29;TRUE;85;0;0;98.0;4;0;0;6.6
M047;04/07/2026;Group Stage;P00567;Kofi Garcia;Jamaica;England;MID;29;TRUE;84;0;0;98.1;4;0;0;6.0
M047;04/07/2026;Group Stage;P00572;Lucas Haddad;Jamaica;England;FWD;28;TRUE;79;0;0;84.5;4;0;0;5.8
M047;04/07/2026;Group Stage;P00556;Julian Schmidt;Jamaica;England;DEF;28;TRUE;71;0;0;84.0;3;0;0;6.8
M047;04/07/2026;Group Stage;P00563;Elias Hassan;Jamaica;England;DEF;25;TRUE;90;0;0;89.0;4;1;0;6.6
M047;04/07/2026;Group Stage;P00575;Ivan Novak;Jamaica;England;FWD;23;FALSE;26;0;0;95.4;0;1;0;6.6
M047;04/07/2026;Group Stage;P00559;Ismael Rossi;Jamaica;England;DEF;21;FALSE;22;0;0;78.4;1;0;0;6.0
M047;04/07/2026;Group Stage;P00568;Adama Torres;Jamaica;England;MID;28;FALSE;28;0;0;83.2;0;2;0;5.7
M047;04/07/2026;Group Stage;P00562;Emre Sato;Jamaica;England;DEF;23;FALSE;24;0;0;70.5;1;0;0;6.5
M047;04/07/2026;Group Stage;P00566;Kevin Schmidt;Jamaica;England;MID;27;FALSE;22;0;0;91.9;1;0;0;6.1
M047;04/07/2026;Group Stage;P00565;Emre Johnson;Jamaica;England;MID;36;FALSE;14;0;0;74.4;1;1;0;6.1
M047;04/07/2026;Group Stage;P00573;Marco Rossi;Jamaica;England;FWD;26;FALSE;18;0;0;83.6;2;1;0;6.8
M048;04/07/2026;Group Stage;P00072;Hugo Hassan;Austria;South Korea;GK;24;TRUE;75;0;0;64.1;0;0;3;6.5
M048;04/07/2026;Group Stage;P00091;Victor Almeida;Austria;South Korea;FWD;28;TRUE;90;0;0;83.2;1;1;0;6.0
M048;04/07/2026;Group Stage;P00090;Carlos Johnson;Austria;South Korea;FWD;28;TRUE;80;0;0;82.1;0;1;0;6.5
M048;04/07/2026;Group Stage;P00076;Lucas Berg;Austria;South Korea;DEF;25;TRUE;79;0;0;89.1;4;0;0;7.0
M048;04/07/2026;Group Stage;P00075;Elias Garcia;Austria;South Korea;DEF;32;TRUE;81;0;0;88.2;4;1;0;5.0
M048;04/07/2026;Group Stage;P00081;Victor Diallo;Austria;South Korea;MID;28;TRUE;79;0;0;78.6;0;2;0;6.8
M048;04/07/2026;Group Stage;P00085;Noah Horvat;Austria;South Korea;MID;25;TRUE;90;0;0;80.3;2;1;0;6.5
M048;04/07/2026;Group Stage;P00086;Ali Horvat;Austria;South Korea;MID;23;TRUE;90;0;0;88.6;0;2;0;7.0
M048;04/07/2026;Group Stage;P00092;Omar Cruz;Austria;South Korea;FWD;28;TRUE;90;0;0;89.3;0;1;0;6.5
M048;04/07/2026;Group Stage;P00087;Carlos Nasser;Austria;South Korea;MID;24;TRUE;90;1;0;99.0;0;0;0;7.7
M048;04/07/2026;Group Stage;P00084;Ivan Ibrahim;Austria;South Korea;MID;22;TRUE;82;0;0;82.4;2;0;0;5.6
M048;04/07/2026;Group Stage;P00089;Karim Andersson;Austria;South Korea;FWD;32;FALSE;7;0;0;86.8;2;1;0;5.9
M048;04/07/2026;Group Stage;P00083;Josef Johnson;Austria;South Korea;MID;27;FALSE;24;0;0;82.3;0;0;0;6.1
M048;04/07/2026;Group Stage;P00078;Andres Hassan;Austria;South Korea;DEF;28;FALSE;24;0;0;79.7;2;0;0;5.9
M048;04/07/2026;Group Stage;P00088;Anders Ibrahim;Austria;South Korea;MID;31;FALSE;10;0;1;94.9;0;1;0;6.1
M048;04/07/2026;Group Stage;P00079;Yusuf Reyes;Austria;South Korea;DEF;25;FALSE;28;0;0;79.6;1;0;0;7.6
M048;04/07/2026;Group Stage;P00073;Chidi Costa;Austria;South Korea;DEF;26;FALSE;18;0;0;94.0;1;0;0;6.2
M048;04/07/2026;Group Stage;P00082;Sven Sato;Austria;South Korea;MID;29;FALSE;9;0;0;84.4;0;0;0;6.5
M048;04/07/2026;Group Stage;P00900;Josef Lopez;South Korea;Austria;GK;36;TRUE;68;0;0;68.9;0;0;3;6.2
M048;04/07/2026;Group Stage;P00911;Carlos Novak;South Korea;Austria;MID;32;TRUE;90;0;0;88.8;2;1;0;6.2
M048;04/07/2026;Group Stage;P00913;Kofi Muller;South Korea;Austria;MID;25;TRUE;90;0;0;92.2;2;0;0;6.7
M048;04/07/2026;Group Stage;P00919;Chidi Berg;South Korea;Austria;FWD;26;TRUE;76;0;0;81.3;1;2;0;6.9
M048;04/07/2026;Group Stage;P00903;Ruben Balde;South Korea;Austria;DEF;23;TRUE;81;0;0;86.0;2;1;0;6.5
M048;04/07/2026;Group Stage;P00908;Kevin Hassan;South Korea;Austria;DEF;24;TRUE;77;0;0;88.9;1;0;0;5.8
M048;04/07/2026;Group Stage;P00920;Thiago Dubois;South Korea;Austria;FWD;25;TRUE;73;0;0;91.5;3;3;0;5.8
M048;04/07/2026;Group Stage;P00915;Emre Berg;South Korea;Austria;MID;24;TRUE;88;0;0;85.7;1;0;0;6.6
M048;04/07/2026;Group Stage;P00918;Amir Garcia;South Korea;Austria;FWD;24;TRUE;78;0;0;95.7;0;0;0;6.7
M048;04/07/2026;Group Stage;P00906;Yusuf Cruz;South Korea;Austria;DEF;29;TRUE;85;0;0;92.3;0;1;0;5.5
M048;04/07/2026;Group Stage;P00914;Anders Johnson;South Korea;Austria;MID;29;TRUE;80;0;0;93.6;0;0;0;6.7
M048;04/07/2026;Group Stage;P00917;Ali Reyes;South Korea;Austria;FWD;21;FALSE;23;0;0;81.5;2;0;0;7.3
M048;04/07/2026;Group Stage;P00910;Carlos Kamara;South Korea;Austria;MID;27;FALSE;13;0;0;75.4;0;1;0;6.9
M048;04/07/2026;Group Stage;P00907;Felix Tanaka;South Korea;Austria;DEF;28;FALSE;12;0;0;96.4;2;1;0;5.7
M048;04/07/2026;Group Stage;P00901;Sven Benali;South Korea;Austria;DEF;24;FALSE;25;0;0;78.0;0;0;0;6.6
M048;04/07/2026;Group Stage;P00904;Leon Schmidt;South Korea;Austria;DEF;25;FALSE;21;0;0;96.6;0;0;0;6.2
M048;04/07/2026;Group Stage;P00905;Samuel Nasser;South Korea;Austria;DEF;29;FALSE;23;0;0;77.2;2;0;0;5.3
M048;04/07/2026;Group Stage;P00916;Daniel Fernandez;South Korea;Austria;MID;25;FALSE;6;0;0;79.3;0;2;0;6.6
M049;05/07/2026;Group Stage;P00139;Adama Mbeki;Brazil;Switzerland;GK;18;TRUE;81;0;0;62.6;0;0;7;5.5
M049;05/07/2026;Group Stage;P00157;Ali Dubois;Brazil;Switzerland;MID;19;TRUE;88;0;0;87.7;1;0;0;6.5
M049;05/07/2026;Group Stage;P00155;Gabriel Diallo;Brazil;Switzerland;MID;30;TRUE;85;0;0;96.6;3;0;0;7.4
M049;05/07/2026;Group Stage;P00160;Samuel Ibrahim;Brazil;Switzerland;FWD;29;TRUE;90;0;0;97.6;1;2;0;5.6
M049;05/07/2026;Group Stage;P00151;Erik Alves;Brazil;Switzerland;MID;26;TRUE;90;0;0;83.7;2;0;0;6.4
M049;05/07/2026;Group Stage;P00156;Gabriel Garcia;Brazil;Switzerland;MID;32;TRUE;83;0;0;80.2;2;2;0;6.5
M049;05/07/2026;Group Stage;P00144;Karim Larsen;Brazil;Switzerland;DEF;21;TRUE;90;0;0;99.0;2;3;0;6.5
M049;05/07/2026;Group Stage;P00147;Alex Diallo;Brazil;Switzerland;DEF;24;TRUE;74;0;0;93.2;0;1;0;7.6
M049;05/07/2026;Group Stage;P00150;Josef Kim;Brazil;Switzerland;MID;19;TRUE;77;0;0;81.4;1;1;0;6.9
M049;05/07/2026;Group Stage;P00145;Julian Nakamura;Brazil;Switzerland;DEF;21;TRUE;78;0;0;84.4;3;1;0;7.0
M049;05/07/2026;Group Stage;P00143;Luca Kovac;Brazil;Switzerland;DEF;23;TRUE;76;0;0;97.0;2;1;0;5.6
M049;05/07/2026;Group Stage;P00153;Marcus Cruz;Brazil;Switzerland;MID;25;FALSE;26;0;0;83.0;0;0;0;7.1
M049;05/07/2026;Group Stage;P00154;Carlos Kim;Brazil;Switzerland;MID;28;FALSE;12;0;0;92.6;0;2;0;6.4
M049;05/07/2026;Group Stage;P00158;Felix Farah;Brazil;Switzerland;FWD;29;FALSE;22;0;0;81.6;1;0;0;6.3
M049;05/07/2026;Group Stage;P00152;Tomas Kim;Brazil;Switzerland;MID;18;FALSE;13;0;0;72.8;0;0;0;6.1
M049;05/07/2026;Group Stage;P00142;Rafael Wagner;Brazil;Switzerland;DEF;27;FALSE;18;0;0;84.3;0;0;0;6.6
M049;05/07/2026;Group Stage;P00148;Omar Garcia;Brazil;Switzerland;DEF;22;FALSE;29;0;0;80.3;1;1;0;6.4
M049;05/07/2026;Group Stage;P00159;Sergio Larsen;Brazil;Switzerland;FWD;30;FALSE;14;0;0;83.2;0;2;0;6.5
M049;05/07/2026;Group Stage;P00967;Kwame Martins;Switzerland;Brazil;GK;28;TRUE;81;0;0;71.2;0;0;6;6.4
M049;05/07/2026;Group Stage;P00978;Miguel Souza;Switzerland;Brazil;MID;26;TRUE;90;0;0;87.6;1;0;0;6.0
M049;05/07/2026;Group Stage;P00975;Miguel Kovacevic;Switzerland;Brazil;DEF;27;TRUE;89;0;0;80.7;4;0;0;6.1
M049;05/07/2026;Group Stage;P00984;Ismael Silva;Switzerland;Brazil;MID;24;TRUE;83;0;0;77.9;2;1;0;7.1
M049;05/07/2026;Group Stage;P00983;Tomas Johnson;Switzerland;Brazil;MID;24;TRUE;89;0;0;73.0;2;0;0;5.9
M049;05/07/2026;Group Stage;P00977;Emre Martins;Switzerland;Brazil;DEF;22;TRUE;76;0;0;99.0;1;1;0;6.9
M049;05/07/2026;Group Stage;P00971;Leon Ibrahim;Switzerland;Brazil;DEF;24;TRUE;90;0;0;85.7;2;2;0;6.4
M049;05/07/2026;Group Stage;P00973;Kevin Kovac;Switzerland;Brazil;DEF;25;TRUE;81;0;0;81.0;1;0;0;5.9
M049;05/07/2026;Group Stage;P00980;Ali Johnson;Switzerland;Brazil;MID;30;TRUE;78;0;0;87.6;0;0;0;6.9
M049;05/07/2026;Group Stage;P00982;Gabriel Kim;Switzerland;Brazil;MID;25;TRUE;89;0;0;82.0;0;4;0;6.3
M049;05/07/2026;Group Stage;P00970;Tarek Benali;Switzerland;Brazil;DEF;28;TRUE;90;0;0;87.7;5;2;0;6.4
M049;05/07/2026;Group Stage;P00986;Carlos Eriksen;Switzerland;Brazil;FWD;35;FALSE;28;0;0;82.5;0;0;0;5.9
M049;05/07/2026;Group Stage;P00976;Kwame Dubois;Switzerland;Brazil;DEF;27;FALSE;8;0;0;84.7;1;1;0;5.6
M049;05/07/2026;Group Stage;P00989;Miguel Costa;Switzerland;Brazil;FWD;31;FALSE;19;0;0;73.1;2;0;0;6.2
M049;05/07/2026;Group Stage;P00988;Andres Wagner;Switzerland;Brazil;FWD;32;FALSE;9;0;0;77.8;1;0;0;6.5
M049;05/07/2026;Group Stage;P00987;Diego Hassan;Switzerland;Brazil;FWD;31;FALSE;29;0;0;86.5;0;0;0;6.1
M049;05/07/2026;Group Stage;P00974;Yusuf Weiss;Switzerland;Brazil;DEF;21;FALSE;9;0;0;91.9;0;0;0;6.6
M049;05/07/2026;Group Stage;P00985;Yusuf Silva;Switzerland;Brazil;MID;28;FALSE;6;0;0;88.4;2;0;0;5.4
M050;05/07/2026;Group Stage;P00990;Nikolai Wagner;Tunisia;Uzbekistan;GK;19;TRUE;85;0;0;72.1;0;0;2;6.5
M050;05/07/2026;Group Stage;P01000;Felix Petit;Tunisia;Uzbekistan;DEF;23;TRUE;72;0;0;83.1;0;3;0;6.7
M050;05/07/2026;Group Stage;P01004;Diego Nkomo;Tunisia;Uzbekistan;MID;26;TRUE;64;0;0;86.2;1;3;0;6.6
M050;05/07/2026;Group Stage;P01005;Samuel Sato;Tunisia;Uzbekistan;MID;29;TRUE;90;0;0;87.3;1;1;0;5.6
M050;05/07/2026;Group Stage;P01002;Kofi Fernandez;Tunisia;Uzbekistan;MID;22;TRUE;75;0;0;87.8;2;0;0;5.0
M050;05/07/2026;Group Stage;P01008;Hugo Lopez;Tunisia;Uzbekistan;MID;22;TRUE;76;0;0;96.4;3;0;0;7.0
M050;05/07/2026;Group Stage;P00998;Ali Benali;Tunisia;Uzbekistan;DEF;24;TRUE;75;0;0;87.0;3;5;0;6.8
M050;05/07/2026;Group Stage;P01001;Leon Wagner;Tunisia;Uzbekistan;MID;29;TRUE;84;0;0;83.0;3;1;0;6.2
M050;05/07/2026;Group Stage;P01010;Gabriel Farah;Tunisia;Uzbekistan;FWD;21;TRUE;83;1;0;83.1;1;0;0;7.5
M050;05/07/2026;Group Stage;P01009;Yuki Cruz;Tunisia;Uzbekistan;FWD;27;TRUE;87;1;0;97.4;1;0;0;6.7
M050;05/07/2026;Group Stage;P00996;Hugo Osei;Tunisia;Uzbekistan;DEF;26;TRUE;79;1;1;88.4;0;3;0;8.3
M050;05/07/2026;Group Stage;P00995;Sergio Garcia;Tunisia;Uzbekistan;DEF;23;FALSE;15;0;0;78.6;0;0;0;6.1
M050;05/07/2026;Group Stage;P01006;Andres Torres;Tunisia;Uzbekistan;MID;32;FALSE;12;0;0;78.4;0;1;0;6.6
M050;05/07/2026;Group Stage;P00993;Emre Mbeki;Tunisia;Uzbekistan;DEF;30;FALSE;18;0;0;94.8;1;0;0;6.7
M050;05/07/2026;Group Stage;P01007;Miguel Alves;Tunisia;Uzbekistan;MID;23;FALSE;24;0;1;76.4;2;1;0;6.5
M050;05/07/2026;Group Stage;P00994;Tarek Souza;Tunisia;Uzbekistan;DEF;32;FALSE;25;0;0;90.5;0;0;0;6.5
M050;05/07/2026;Group Stage;P01011;Kofi Wagner;Tunisia;Uzbekistan;FWD;23;FALSE;7;0;0;72.2;0;0;0;6.2
M050;05/07/2026;Group Stage;P01003;Elias Nakamura;Tunisia;Uzbekistan;MID;30;FALSE;17;0;0;84.5;0;1;0;6.9
M050;05/07/2026;Group Stage;P01082;Andres Martins;Uzbekistan;Tunisia;GK;18;TRUE;73;0;0;66.9;0;0;3;6.2
M050;05/07/2026;Group Stage;P01093;Noah Osei;Uzbekistan;Tunisia;MID;28;TRUE;81;0;1;89.0;1;2;0;7.3
M050;05/07/2026;Group Stage;P01098;Victor Novak;Uzbekistan;Tunisia;MID;24;TRUE;82;0;0;89.9;0;0;0;5.7
M050;05/07/2026;Group Stage;P01087;Noah Bakker;Uzbekistan;Tunisia;DEF;24;TRUE;84;0;0;97.1;1;0;0;5.9
M050;05/07/2026;Group Stage;P01101;Tarek Ibrahim;Uzbekistan;Tunisia;FWD;32;TRUE;84;0;0;80.1;0;2;0;7.0
M050;05/07/2026;Group Stage;P01095;Nikolai Silva;Uzbekistan;Tunisia;MID;31;TRUE;83;0;0;87.8;1;1;0;4.9
M050;05/07/2026;Group Stage;P01092;Alex Andersson;Uzbekistan;Tunisia;DEF;26;TRUE;84;0;0;89.2;1;1;0;6.6
M050;05/07/2026;Group Stage;P01089;Thiago Kim;Uzbekistan;Tunisia;DEF;25;TRUE;79;0;0;91.8;1;2;0;6.9
M050;05/07/2026;Group Stage;P01103;Ivan Garcia;Uzbekistan;Tunisia;FWD;25;TRUE;74;0;0;94.0;2;1;0;7.1
M050;05/07/2026;Group Stage;P01090;Hugo Dubois;Uzbekistan;Tunisia;DEF;29;TRUE;86;0;0;82.7;3;3;0;6.2
M050;05/07/2026;Group Stage;P01097;Yusuf Mensah;Uzbekistan;Tunisia;MID;24;TRUE;80;0;0;86.4;1;0;0;6.8
M050;05/07/2026;Group Stage;P01099;Mohamed Hassan;Uzbekistan;Tunisia;MID;31;FALSE;12;0;0;81.6;1;1;0;5.8
M050;05/07/2026;Group Stage;P01102;Erik Nakamura;Uzbekistan;Tunisia;FWD;18;FALSE;22;0;0;87.9;2;1;0;6.5
M050;05/07/2026;Group Stage;P01085;Elias Muller;Uzbekistan;Tunisia;DEF;23;FALSE;25;0;0;77.4;1;1;0;5.8
M050;05/07/2026;Group Stage;P01096;Mohamed Nkomo;Uzbekistan;Tunisia;MID;32;FALSE;23;0;0;96.6;0;0;0;6.4
M050;05/07/2026;Group Stage;P01091;Ruben Costa;Uzbekistan;Tunisia;DEF;29;FALSE;15;0;0;96.7;0;1;0;5.8
M050;05/07/2026;Group Stage;P01104;Andres Ibrahim;Uzbekistan;Tunisia;FWD;18;FALSE;16;1;0;82.3;0;0;0;6.8
M050;05/07/2026;Group Stage;P01088;Ali Novak;Uzbekistan;Tunisia;DEF;20;FALSE;14;0;0;86.4;0;0;0;5.1
M051;06/07/2026;Group Stage;P00139;Adama Mbeki;Brazil;Tunisia;GK;18;TRUE;83;0;0;71.8;0;0;4;6.7
M051;06/07/2026;Group Stage;P00145;Julian Nakamura;Brazil;Tunisia;DEF;21;TRUE;81;1;1;86.3;3;0;0;8.1
M051;06/07/2026;Group Stage;P00159;Sergio Larsen;Brazil;Tunisia;FWD;30;TRUE;76;0;1;89.5;1;2;0;7.3
M051;06/07/2026;Group Stage;P00154;Carlos Kim;Brazil;Tunisia;MID;28;TRUE;85;0;0;83.2;2;0;0;6.8
M051;06/07/2026;Group Stage;P00156;Gabriel Garcia;Brazil;Tunisia;MID;32;TRUE;89;0;0;89.1;2;0;0;6.2
M051;06/07/2026;Group Stage;P00151;Erik Alves;Brazil;Tunisia;MID;26;TRUE;75;0;0;91.4;2;3;0;5.9
M051;06/07/2026;Group Stage;P00160;Samuel Ibrahim;Brazil;Tunisia;FWD;29;TRUE;75;1;0;90.5;0;0;0;7.8
M051;06/07/2026;Group Stage;P00150;Josef Kim;Brazil;Tunisia;MID;19;TRUE;82;0;0;84.6;3;1;0;5.7
M051;06/07/2026;Group Stage;P00144;Karim Larsen;Brazil;Tunisia;DEF;21;TRUE;81;0;0;87.9;1;3;0;6.5
M051;06/07/2026;Group Stage;P00153;Marcus Cruz;Brazil;Tunisia;MID;25;TRUE;88;0;2;93.2;1;0;0;7.7
M051;06/07/2026;Group Stage;P00157;Ali Dubois;Brazil;Tunisia;MID;19;TRUE;80;0;0;96.7;0;0;0;6.7
M051;06/07/2026;Group Stage;P00155;Gabriel Diallo;Brazil;Tunisia;MID;30;FALSE;10;0;0;83.9;1;0;0;5.8
M051;06/07/2026;Group Stage;P00142;Rafael Wagner;Brazil;Tunisia;DEF;27;FALSE;23;0;0;79.3;0;1;0;6.6
M051;06/07/2026;Group Stage;P00149;Josef Muller;Brazil;Tunisia;DEF;24;FALSE;27;0;0;90.8;2;0;0;6.7
M051;06/07/2026;Group Stage;P00147;Alex Diallo;Brazil;Tunisia;DEF;24;FALSE;21;0;0;90.6;1;0;0;6.4
M051;06/07/2026;Group Stage;P00143;Luca Kovac;Brazil;Tunisia;DEF;23;FALSE;26;2;0;92.4;1;2;0;8.0
M051;06/07/2026;Group Stage;P00158;Felix Farah;Brazil;Tunisia;FWD;29;FALSE;21;1;0;81.7;1;0;0;7.6
M051;06/07/2026;Group Stage;P00146;Rafael Berg;Brazil;Tunisia;DEF;23;FALSE;7;0;0;98.9;2;1;0;6.4
M051;06/07/2026;Group Stage;P00991;Chidi Ibrahim;Tunisia;Brazil;GK;25;TRUE;79;0;0;61.4;0;0;7;7.1
M051;06/07/2026;Group Stage;P01010;Gabriel Farah;Tunisia;Brazil;FWD;21;TRUE;82;1;0;88.2;3;2;0;6.7
M051;06/07/2026;Group Stage;P01006;Andres Torres;Tunisia;Brazil;MID;32;TRUE;72;0;0;93.5;1;0;0;6.8
M051;06/07/2026;Group Stage;P00995;Sergio Garcia;Tunisia;Brazil;DEF;23;TRUE;82;0;1;90.5;1;1;0;6.9
M051;06/07/2026;Group Stage;P01005;Samuel Sato;Tunisia;Brazil;MID;29;TRUE;85;0;0;94.1;0;0;0;6.0
M051;06/07/2026;Group Stage;P01008;Hugo Lopez;Tunisia;Brazil;MID;22;TRUE;83;0;0;83.7;1;2;0;6.5
M051;06/07/2026;Group Stage;P01004;Diego Nkomo;Tunisia;Brazil;MID;26;TRUE;90;0;0;87.8;0;1;0;6.5
M051;06/07/2026;Group Stage;P00998;Ali Benali;Tunisia;Brazil;DEF;24;TRUE;77;0;0;87.1;4;2;0;5.9
M051;06/07/2026;Group Stage;P01007;Miguel Alves;Tunisia;Brazil;MID;23;TRUE;73;0;0;91.8;2;0;0;6.3
M051;06/07/2026;Group Stage;P00997;Thiago Farah;Tunisia;Brazil;DEF;28;TRUE;83;0;0;93.8;3;4;0;6.1
M051;06/07/2026;Group Stage;P01011;Kofi Wagner;Tunisia;Brazil;FWD;23;TRUE;68;0;0;87.4;3;0;0;5.9
M051;06/07/2026;Group Stage;P00996;Hugo Osei;Tunisia;Brazil;DEF;26;FALSE;29;0;0;92.6;3;0;0;5.9
M051;06/07/2026;Group Stage;P01003;Elias Nakamura;Tunisia;Brazil;MID;30;FALSE;24;0;0;99.0;1;1;0;5.6
M051;06/07/2026;Group Stage;P00993;Emre Mbeki;Tunisia;Brazil;DEF;30;FALSE;22;0;0;97.1;1;2;0;6.1
M051;06/07/2026;Group Stage;P01002;Kofi Fernandez;Tunisia;Brazil;MID;22;FALSE;21;0;0;88.1;2;0;0;6.1
M051;06/07/2026;Group Stage;P01000;Felix Petit;Tunisia;Brazil;DEF;23;FALSE;20;0;0;94.2;0;1;0;6.2
M051;06/07/2026;Group Stage;P01012;Kofi Petit;Tunisia;Brazil;FWD;25;FALSE;13;0;0;90.3;0;1;0;6.1
M051;06/07/2026;Group Stage;P00994;Tarek Souza;Tunisia;Brazil;DEF;32;FALSE;8;0;0;87.9;2;0;0;6.9
M052;06/07/2026;Group Stage;P00967;Kwame Martins;Switzerland;Uzbekistan;GK;28;TRUE;84;0;0;64.2;0;0;4;6.4
M052;06/07/2026;Group Stage;P00979;Mateus Silva;Switzerland;Uzbekistan;MID;30;TRUE;88;0;0;85.7;1;3;0;6.4
M052;06/07/2026;Group Stage;P00986;Carlos Eriksen;Switzerland;Uzbekistan;FWD;35;TRUE;86;0;0;91.1;3;1;0;6.9
M052;06/07/2026;Group Stage;P00975;Miguel Kovacevic;Switzerland;Uzbekistan;DEF;27;TRUE;88;0;0;86.1;0;0;0;7.2
M052;06/07/2026;Group Stage;P00989;Miguel Costa;Switzerland;Uzbekistan;FWD;31;TRUE;83;0;0;79.5;2;1;0;6.2
M052;06/07/2026;Group Stage;P00971;Leon Ibrahim;Switzerland;Uzbekistan;DEF;24;TRUE;72;0;0;81.1;2;2;0;6.1
M052;06/07/2026;Group Stage;P00988;Andres Wagner;Switzerland;Uzbekistan;FWD;32;TRUE;69;1;0;90.2;0;1;0;7.8
M052;06/07/2026;Group Stage;P00974;Yusuf Weiss;Switzerland;Uzbekistan;DEF;21;TRUE;84;0;0;92.8;2;1;0;6.4
M052;06/07/2026;Group Stage;P00976;Kwame Dubois;Switzerland;Uzbekistan;DEF;27;TRUE;80;0;0;99.0;2;2;0;6.0
M052;06/07/2026;Group Stage;P00987;Diego Hassan;Switzerland;Uzbekistan;FWD;31;TRUE;90;0;0;86.4;0;0;0;6.4
M052;06/07/2026;Group Stage;P00972;Victor Mensah;Switzerland;Uzbekistan;DEF;22;TRUE;87;0;1;83.3;3;0;0;7.9
M052;06/07/2026;Group Stage;P00980;Ali Johnson;Switzerland;Uzbekistan;MID;30;FALSE;14;0;0;91.7;0;0;0;5.7
M052;06/07/2026;Group Stage;P00985;Yusuf Silva;Switzerland;Uzbekistan;MID;28;FALSE;16;0;0;87.2;1;0;0;5.7
M052;06/07/2026;Group Stage;P00983;Tomas Johnson;Switzerland;Uzbekistan;MID;24;FALSE;23;0;0;75.4;0;0;0;6.6
M052;06/07/2026;Group Stage;P00973;Kevin Kovac;Switzerland;Uzbekistan;DEF;25;FALSE;16;0;0;75.8;1;0;0;6.2
M052;06/07/2026;Group Stage;P00984;Ismael Silva;Switzerland;Uzbekistan;MID;24;FALSE;13;0;0;85.5;0;0;0;6.7
M052;06/07/2026;Group Stage;P00977;Emre Martins;Switzerland;Uzbekistan;DEF;22;FALSE;24;0;0;92.5;0;1;0;5.9
M052;06/07/2026;Group Stage;P00978;Miguel Souza;Switzerland;Uzbekistan;MID;26;FALSE;27;0;0;87.7;2;0;0;6.8
M052;06/07/2026;Group Stage;P01083;Noah Kovac;Uzbekistan;Switzerland;GK;20;TRUE;82;0;0;67.2;0;0;5;6.6
M052;06/07/2026;Group Stage;P01097;Yusuf Mensah;Uzbekistan;Switzerland;MID;24;TRUE;85;0;0;99.0;0;0;0;6.6
M052;06/07/2026;Group Stage;P01095;Nikolai Silva;Uzbekistan;Switzerland;MID;31;TRUE;88;0;0;86.5;0;1;0;6.7
M052;06/07/2026;Group Stage;P01104;Andres Ibrahim;Uzbekistan;Switzerland;FWD;18;TRUE;79;0;0;93.0;1;1;0;5.8
M052;06/07/2026;Group Stage;P01100;Mohamed Kovacevic;Uzbekistan;Switzerland;MID;32;TRUE;77;0;0;92.0;3;2;0;6.4
M052;06/07/2026;Group Stage;P01093;Noah Osei;Uzbekistan;Switzerland;MID;28;TRUE;81;0;0;82.9;0;0;0;6.9
M052;06/07/2026;Group Stage;P01086;Kevin Ferreira;Uzbekistan;Switzerland;DEF;25;TRUE;90;0;0;90.1;3;0;0;6.3
M052;06/07/2026;Group Stage;P01088;Ali Novak;Uzbekistan;Switzerland;DEF;20;TRUE;88;0;0;88.4;3;0;0;7.2
M052;06/07/2026;Group Stage;P01094;Luca Berg;Uzbekistan;Switzerland;MID;29;TRUE;80;0;0;84.3;1;0;0;6.2
M052;06/07/2026;Group Stage;P01092;Alex Andersson;Uzbekistan;Switzerland;DEF;26;TRUE;90;0;0;84.5;3;0;0;5.7
M052;06/07/2026;Group Stage;P01101;Tarek Ibrahim;Uzbekistan;Switzerland;FWD;32;TRUE;70;1;0;96.2;0;1;0;7.1
M052;06/07/2026;Group Stage;P01098;Victor Novak;Uzbekistan;Switzerland;MID;24;FALSE;10;0;0;93.4;2;0;0;5.7
M052;06/07/2026;Group Stage;P01089;Thiago Kim;Uzbekistan;Switzerland;DEF;25;FALSE;16;0;0;98.9;1;1;0;6.2
M052;06/07/2026;Group Stage;P01096;Mohamed Nkomo;Uzbekistan;Switzerland;MID;32;FALSE;17;0;0;81.5;3;0;0;5.4
M052;06/07/2026;Group Stage;P01085;Elias Muller;Uzbekistan;Switzerland;DEF;23;FALSE;23;0;0;72.2;2;1;0;5.9
M052;06/07/2026;Group Stage;P01087;Noah Bakker;Uzbekistan;Switzerland;DEF;24;FALSE;23;0;1;88.5;1;1;0;6.4
M052;06/07/2026;Group Stage;P01102;Erik Nakamura;Uzbekistan;Switzerland;FWD;18;FALSE;26;0;0;92.8;0;0;0;7.0
M052;06/07/2026;Group Stage;P01090;Hugo Dubois;Uzbekistan;Switzerland;DEF;29;FALSE;13;0;0;79.7;1;0;0;6.4
M053;07/07/2026;Group Stage;P00139;Adama Mbeki;Brazil;Uzbekistan;GK;18;TRUE;90;0;0;75.1;0;0;3;5.8
M053;07/07/2026;Group Stage;P00150;Josef Kim;Brazil;Uzbekistan;MID;19;TRUE;90;0;0;90.9;0;0;0;6.6
M053;07/07/2026;Group Stage;P00154;Carlos Kim;Brazil;Uzbekistan;MID;28;TRUE;89;0;0;94.1;2;0;0;5.7
M053;07/07/2026;Group Stage;P00153;Marcus Cruz;Brazil;Uzbekistan;MID;25;TRUE;84;0;0;86.5;3;0;0;6.6
M053;07/07/2026;Group Stage;P00160;Samuel Ibrahim;Brazil;Uzbekistan;FWD;29;TRUE;90;0;0;99.0;1;1;0;5.7
M053;07/07/2026;Group Stage;P00151;Erik Alves;Brazil;Uzbekistan;MID;26;TRUE;70;0;0;92.7;3;2;0;6.5
M053;07/07/2026;Group Stage;P00155;Gabriel Diallo;Brazil;Uzbekistan;MID;30;TRUE;87;0;0;79.2;0;0;0;6.0
M053;07/07/2026;Group Stage;P00152;Tomas Kim;Brazil;Uzbekistan;MID;18;TRUE;84;0;0;88.2;2;3;0;7.3
M053;07/07/2026;Group Stage;P00143;Luca Kovac;Brazil;Uzbekistan;DEF;23;TRUE;74;0;0;82.0;2;1;0;6.9
M053;07/07/2026;Group Stage;P00146;Rafael Berg;Brazil;Uzbekistan;DEF;23;TRUE;79;0;0;92.7;1;1;0;5.4
M053;07/07/2026;Group Stage;P00149;Josef Muller;Brazil;Uzbekistan;DEF;24;TRUE;90;0;0;91.8;1;0;0;5.9
M053;07/07/2026;Group Stage;P00142;Rafael Wagner;Brazil;Uzbekistan;DEF;27;FALSE;9;0;0;75.6;0;0;0;6.8
M053;07/07/2026;Group Stage;P00161;Yusuf Osei;Brazil;Uzbekistan;FWD;22;FALSE;26;1;0;79.6;2;0;0;6.6
M053;07/07/2026;Group Stage;P00148;Omar Garcia;Brazil;Uzbekistan;DEF;22;FALSE;8;0;0;83.1;0;0;0;6.0
M053;07/07/2026;Group Stage;P00145;Julian Nakamura;Brazil;Uzbekistan;DEF;21;FALSE;25;0;0;86.9;1;0;0;5.8
M053;07/07/2026;Group Stage;P00158;Felix Farah;Brazil;Uzbekistan;FWD;29;FALSE;6;0;0;76.6;0;0;0;6.5
M053;07/07/2026;Group Stage;P00157;Ali Dubois;Brazil;Uzbekistan;MID;19;FALSE;18;0;0;82.4;0;2;0;6.8
M053;07/07/2026;Group Stage;P00156;Gabriel Garcia;Brazil;Uzbekistan;MID;32;FALSE;19;0;0;80.4;1;3;0;6.9
M053;07/07/2026;Group Stage;P01082;Andres Martins;Uzbekistan;Brazil;GK;18;TRUE;84;0;0;70.0;0;0;5;6.1
M053;07/07/2026;Group Stage;P01102;Erik Nakamura;Uzbekistan;Brazil;FWD;18;TRUE;82;0;0;86.4;2;0;0;6.3
M053;07/07/2026;Group Stage;P01088;Ali Novak;Uzbekistan;Brazil;DEF;20;TRUE;81;0;0;78.2;3;0;0;6.3
M053;07/07/2026;Group Stage;P01098;Victor Novak;Uzbekistan;Brazil;MID;24;TRUE;83;0;0;99.0;0;0;0;5.3
M053;07/07/2026;Group Stage;P01103;Ivan Garcia;Uzbekistan;Brazil;FWD;25;TRUE;80;0;0;97.7;3;1;0;6.0
M053;07/07/2026;Group Stage;P01094;Luca Berg;Uzbekistan;Brazil;MID;29;TRUE;80;0;0;85.1;1;3;0;7.1
M053;07/07/2026;Group Stage;P01087;Noah Bakker;Uzbekistan;Brazil;DEF;24;TRUE;79;0;0;99.0;1;2;0;5.8
M053;07/07/2026;Group Stage;P01095;Nikolai Silva;Uzbekistan;Brazil;MID;31;TRUE;88;0;0;83.5;3;0;0;6.0
M053;07/07/2026;Group Stage;P01099;Mohamed Hassan;Uzbekistan;Brazil;MID;31;TRUE;85;0;0;97.8;1;0;0;6.3
M053;07/07/2026;Group Stage;P01096;Mohamed Nkomo;Uzbekistan;Brazil;MID;32;TRUE;72;0;0;88.8;0;0;0;7.4
M053;07/07/2026;Group Stage;P01104;Andres Ibrahim;Uzbekistan;Brazil;FWD;18;TRUE;90;0;0;83.9;3;0;0;6.2
M053;07/07/2026;Group Stage;P01086;Kevin Ferreira;Uzbekistan;Brazil;DEF;25;FALSE;21;0;0;82.0;2;2;0;7.1
M053;07/07/2026;Group Stage;P01093;Noah Osei;Uzbekistan;Brazil;MID;28;FALSE;8;0;0;82.9;1;1;0;5.9
M053;07/07/2026;Group Stage;P01100;Mohamed Kovacevic;Uzbekistan;Brazil;MID;32;FALSE;5;0;0;85.9;1;1;0;6.6
M053;07/07/2026;Group Stage;P01097;Yusuf Mensah;Uzbekistan;Brazil;MID;24;FALSE;25;0;0;90.1;1;2;0;6.7
M053;07/07/2026;Group Stage;P01092;Alex Andersson;Uzbekistan;Brazil;DEF;26;FALSE;15;0;0;89.4;0;0;0;7.1
M053;07/07/2026;Group Stage;P01089;Thiago Kim;Uzbekistan;Brazil;DEF;25;FALSE;25;0;0;81.6;0;0;0;6.2
M053;07/07/2026;Group Stage;P01090;Hugo Dubois;Uzbekistan;Brazil;DEF;29;FALSE;22;0;0;88.5;1;0;0;5.9
M054;07/07/2026;Group Stage;P00968;Emre Muller;Switzerland;Tunisia;GK;21;TRUE;79;0;0;64.7;0;0;3;6.8
M054;07/07/2026;Group Stage;P00985;Yusuf Silva;Switzerland;Tunisia;MID;28;TRUE;79;0;0;76.0;2;0;0;7.0
M054;07/07/2026;Group Stage;P00980;Ali Johnson;Switzerland;Tunisia;MID;30;TRUE;90;0;0;90.6;1;0;0;6.2
M054;07/07/2026;Group Stage;P00981;Victor Reyes;Switzerland;Tunisia;MID;30;TRUE;89;0;0;80.0;1;0;0;6.1
M054;07/07/2026;Group Stage;P00975;Miguel Kovacevic;Switzerland;Tunisia;DEF;27;TRUE;76;0;0;88.3;3;1;0;6.5
M054;07/07/2026;Group Stage;P00974;Yusuf Weiss;Switzerland;Tunisia;DEF;21;TRUE;77;0;0;95.7;4;0;0;6.5
M054;07/07/2026;Group Stage;P00978;Miguel Souza;Switzerland;Tunisia;MID;26;TRUE;76;0;0;81.1;0;0;0;7.3
M054;07/07/2026;Group Stage;P00987;Diego Hassan;Switzerland;Tunisia;FWD;31;TRUE;90;0;0;88.4;1;2;0;6.0
M054;07/07/2026;Group Stage;P00984;Ismael Silva;Switzerland;Tunisia;MID;24;TRUE;77;0;0;88.4;3;0;0;7.0
M054;07/07/2026;Group Stage;P00976;Kwame Dubois;Switzerland;Tunisia;DEF;27;TRUE;90;0;0;88.0;3;0;0;6.3
M054;07/07/2026;Group Stage;P00988;Andres Wagner;Switzerland;Tunisia;FWD;32;TRUE;78;0;0;90.6;0;1;0;6.5
M054;07/07/2026;Group Stage;P00977;Emre Martins;Switzerland;Tunisia;DEF;22;FALSE;5;0;0;91.5;0;0;0;6.2
M054;07/07/2026;Group Stage;P00972;Victor Mensah;Switzerland;Tunisia;DEF;22;FALSE;19;0;0;80.4;1;0;0;6.5
M054;07/07/2026;Group Stage;P00973;Kevin Kovac;Switzerland;Tunisia;DEF;25;FALSE;13;0;0;81.6;1;0;0;6.9
M054;07/07/2026;Group Stage;P00986;Carlos Eriksen;Switzerland;Tunisia;FWD;35;FALSE;28;0;0;90.8;1;1;0;5.8
M054;07/07/2026;Group Stage;P00979;Mateus Silva;Switzerland;Tunisia;MID;30;FALSE;27;0;0;93.8;0;0;0;6.4
M054;07/07/2026;Group Stage;P00970;Tarek Benali;Switzerland;Tunisia;DEF;28;FALSE;9;0;0;84.7;1;1;0;6.6
M054;07/07/2026;Group Stage;P00983;Tomas Johnson;Switzerland;Tunisia;MID;24;FALSE;28;0;0;77.8;0;1;0;5.9
M054;07/07/2026;Group Stage;P00990;Nikolai Wagner;Tunisia;Switzerland;GK;19;TRUE;71;0;0;69.4;0;0;3;7.0
M054;07/07/2026;Group Stage;P01009;Yuki Cruz;Tunisia;Switzerland;FWD;27;TRUE;81;0;0;86.7;0;2;0;6.1
M054;07/07/2026;Group Stage;P00993;Emre Mbeki;Tunisia;Switzerland;DEF;30;TRUE;89;0;0;83.0;2;2;0;7.1
M054;07/07/2026;Group Stage;P01000;Felix Petit;Tunisia;Switzerland;DEF;23;TRUE;89;0;0;81.4;3;1;0;6.1
M054;07/07/2026;Group Stage;P01006;Andres Torres;Tunisia;Switzerland;MID;32;TRUE;79;0;0;94.0;0;0;0;5.9
M054;07/07/2026;Group Stage;P01005;Samuel Sato;Tunisia;Switzerland;MID;29;TRUE;83;0;0;86.5;0;0;0;6.3
M054;07/07/2026;Group Stage;P00996;Hugo Osei;Tunisia;Switzerland;DEF;26;TRUE;80;0;0;88.7;4;1;0;6.4
M054;07/07/2026;Group Stage;P01002;Kofi Fernandez;Tunisia;Switzerland;MID;22;TRUE;88;1;0;86.7;1;0;0;7.2
M054;07/07/2026;Group Stage;P01004;Diego Nkomo;Tunisia;Switzerland;MID;26;TRUE;77;0;0;89.0;0;0;0;6.5
M054;07/07/2026;Group Stage;P00997;Thiago Farah;Tunisia;Switzerland;DEF;28;TRUE;90;0;0;96.5;0;0;0;6.3
M054;07/07/2026;Group Stage;P01003;Elias Nakamura;Tunisia;Switzerland;MID;30;TRUE;68;0;0;83.6;1;0;0;5.5
M054;07/07/2026;Group Stage;P00998;Ali Benali;Tunisia;Switzerland;DEF;24;FALSE;7;1;0;83.8;1;0;0;7.7
M054;07/07/2026;Group Stage;P01012;Kofi Petit;Tunisia;Switzerland;FWD;25;FALSE;17;0;0;84.2;1;1;0;6.6
M054;07/07/2026;Group Stage;P00999;Marcus Garcia;Tunisia;Switzerland;DEF;23;FALSE;8;0;0;92.8;2;0;0;5.6
M054;07/07/2026;Group Stage;P01007;Miguel Alves;Tunisia;Switzerland;MID;23;FALSE;12;0;0;89.8;1;1;0;6.0
M054;07/07/2026;Group Stage;P00995;Sergio Garcia;Tunisia;Switzerland;DEF;23;FALSE;18;0;0;65.4;1;0;0;5.6
M054;07/07/2026;Group Stage;P01001;Leon Wagner;Tunisia;Switzerland;MID;29;FALSE;6;0;0;81.7;1;1;0;6.3
M054;07/07/2026;Group Stage;P00994;Tarek Souza;Tunisia;Switzerland;DEF;32;FALSE;11;0;0;79.8;1;1;0;6.8
M055;08/07/2026;Group Stage;P00026;Miguel Osei;Argentina;Uruguay;GK;20;TRUE;77;0;0;82.6;0;0;3;6.7
M055;08/07/2026;Group Stage;P00039;Emre Costa;Argentina;Uruguay;MID;33;TRUE;72;0;0;95.5;2;0;0;6.9
M055;08/07/2026;Group Stage;P00036;Pedro Nkomo;Argentina;Uruguay;MID;23;TRUE;84;0;0;92.5;2;0;0;6.6
M055;08/07/2026;Group Stage;P00031;Marcus Novak;Argentina;Uruguay;DEF;23;TRUE;85;0;2;93.8;2;1;0;7.6
M055;08/07/2026;Group Stage;P00046;Jonas Martins;Argentina;Uruguay;FWD;18;TRUE;80;0;0;91.7;1;2;0;6.9
M055;08/07/2026;Group Stage;P00035;Pedro Toure;Argentina;Uruguay;MID;18;TRUE;81;1;0;78.1;0;0;0;7.1
M055;08/07/2026;Group Stage;P00038;Mohamed Souza;Argentina;Uruguay;MID;31;TRUE;82;0;0;83.8;2;0;0;7.1
M055;08/07/2026;Group Stage;P00028;Marco Reyes;Argentina;Uruguay;DEF;18;TRUE;89;0;0;87.2;1;2;0;6.9
M055;08/07/2026;Group Stage;P00043;Alex Berg;Argentina;Uruguay;FWD;28;TRUE;83;1;0;92.2;1;0;0;7.9
M055;08/07/2026;Group Stage;P00045;Mateus Dubois;Argentina;Uruguay;FWD;19;TRUE;90;0;0;99.0;3;0;0;6.5
M055;08/07/2026;Group Stage;P00041;Leon Kovacevic;Argentina;Uruguay;MID;29;TRUE;83;0;0;93.2;0;0;0;6.7
M055;08/07/2026;Group Stage;P00042;Elias Alves;Argentina;Uruguay;MID;25;FALSE;16;1;0;74.8;1;0;0;7.5
M055;08/07/2026;Group Stage;P00033;Daniel Haddad;Argentina;Uruguay;DEF;19;FALSE;9;0;1;74.1;0;0;0;7.2
M055;08/07/2026;Group Stage;P00032;Elias Eriksen;Argentina;Uruguay;DEF;30;FALSE;27;0;0;84.9;0;2;0;6.7
M055;08/07/2026;Group Stage;P00029;Tarek Rossi;Argentina;Uruguay;DEF;30;FALSE;19;0;0;87.9;0;0;0;6.2
M055;08/07/2026;Group Stage;P00030;Miguel Tanaka;Argentina;Uruguay;DEF;24;FALSE;11;0;0;94.7;1;0;0;6.0
M055;08/07/2026;Group Stage;P00027;Erik Nkomo;Argentina;Uruguay;DEF;24;FALSE;13;0;0;84.4;0;0;0;5.8
M055;08/07/2026;Group Stage;P00034;Emre Schmidt;Argentina;Uruguay;DEF;28;FALSE;26;0;0;71.8;0;1;0;5.3
M055;08/07/2026;Group Stage;P01059;Mohamed Mensah;Uruguay;Argentina;GK;21;TRUE;79;0;0;81.5;0;0;5;6.1
M055;08/07/2026;Group Stage;P01062;Karim Bakker;Uruguay;Argentina;DEF;28;TRUE;85;0;0;86.5;4;3;0;5.2
M055;08/07/2026;Group Stage;P01076;Kevin Horvat;Uruguay;Argentina;MID;26;TRUE;76;0;0;89.8;0;2;0;5.9
M055;08/07/2026;Group Stage;P01066;Kevin Torres;Uruguay;Argentina;DEF;28;TRUE;71;0;0;88.4;2;0;0;6.7
M055;08/07/2026;Group Stage;P01080;Tarek Berg;Uruguay;Argentina;FWD;22;TRUE;82;1;0;86.1;0;2;0;7.5
M055;08/07/2026;Group Stage;P01070;Sven Silva;Uruguay;Argentina;MID;25;TRUE;80;0;0;90.0;1;1;0;6.4
M055;08/07/2026;Group Stage;P01077;Samuel Dubois;Uruguay;Argentina;MID;18;TRUE;84;0;0;88.4;2;1;0;5.5
M055;08/07/2026;Group Stage;P01081;Nikolai Johnson;Uruguay;Argentina;FWD;21;TRUE;85;0;0;90.8;0;2;0;6.1
M055;08/07/2026;Group Stage;P01069;Anders Berg;Uruguay;Argentina;DEF;31;TRUE;70;0;0;83.1;2;2;0;5.3
M055;08/07/2026;Group Stage;P01071;Pedro Farah;Uruguay;Argentina;MID;32;TRUE;83;0;0;83.0;0;0;0;6.8
M055;08/07/2026;Group Stage;P01078;Noah Alves;Uruguay;Argentina;FWD;28;TRUE;74;0;0;92.0;2;0;0;6.5
M055;08/07/2026;Group Stage;P01079;Josef Mbeki;Uruguay;Argentina;FWD;19;FALSE;19;1;0;88.8;1;1;0;7.2
M055;08/07/2026;Group Stage;P01063;Tarek Mbeki;Uruguay;Argentina;DEF;30;FALSE;7;0;1;75.4;0;0;0;7.1
M055;08/07/2026;Group Stage;P01075;Felix Kovac;Uruguay;Argentina;MID;30;FALSE;25;0;0;76.7;0;0;0;6.0
M055;08/07/2026;Group Stage;P01068;Sven Mbeki;Uruguay;Argentina;DEF;18;FALSE;29;0;0;78.7;1;2;0;5.5
M055;08/07/2026;Group Stage;P01067;Carlos Larsen;Uruguay;Argentina;DEF;30;FALSE;5;0;0;84.5;0;0;0;5.8
M055;08/07/2026;Group Stage;P01074;Mateus Cruz;Uruguay;Argentina;MID;26;FALSE;14;0;0;95.3;2;0;0;6.2
M055;08/07/2026;Group Stage;P01072;Erik Mensah;Uruguay;Argentina;MID;24;FALSE;7;0;0;70.0;0;0;0;6.7
M056;08/07/2026;Group Stage;P00003;Yuki Rossi;Algeria;Saudi Arabia;GK;26;TRUE;85;0;0;69.5;0;0;2;6.6
M056;08/07/2026;Group Stage;P00022;Diego Weiss;Algeria;Saudi Arabia;FWD;26;TRUE;80;0;0;97.5;1;0;0;6.9
M056;08/07/2026;Group Stage;P00011;Thiago Haddad;Algeria;Saudi Arabia;DEF;23;TRUE;84;0;0;84.7;3;1;0;7.2
M056;08/07/2026;Group Stage;P00010;Ruben Garcia;Algeria;Saudi Arabia;DEF;28;TRUE;75;1;0;96.8;0;1;0;7.4
M056;08/07/2026;Group Stage;P00021;Noah Almeida;Algeria;Saudi Arabia;FWD;32;TRUE;80;0;0;98.9;1;0;0;5.9
M056;08/07/2026;Group Stage;P00013;Diego Horvat;Algeria;Saudi Arabia;MID;28;TRUE;90;0;0;80.6;1;2;0;6.3
M056;08/07/2026;Group Stage;P00017;Adama Tanaka;Algeria;Saudi Arabia;MID;28;TRUE;82;1;0;93.9;2;0;0;7.3
M056;08/07/2026;Group Stage;P00016;Miguel Toure;Algeria;Saudi Arabia;MID;20;TRUE;83;1;0;95.8;0;0;0;7.6
M056;08/07/2026;Group Stage;P00019;Thiago Hassan;Algeria;Saudi Arabia;MID;27;TRUE;82;0;0;86.9;0;0;0;7.1
M056;08/07/2026;Group Stage;P00012;Yuki Weiss;Algeria;Saudi Arabia;MID;25;TRUE;82;0;0;91.3;2;0;0;6.6
M056;08/07/2026;Group Stage;P00004;Daniel Muller;Algeria;Saudi Arabia;DEF;27;TRUE;74;0;1;87.7;3;3;0;6.7
M056;08/07/2026;Group Stage;P00008;Ivan Haddad;Algeria;Saudi Arabia;DEF;18;FALSE;17;0;0;72.4;1;0;0;5.9
M056;08/07/2026;Group Stage;P00007;Tomas Mensah;Algeria;Saudi Arabia;DEF;25;FALSE;26;0;0;81.8;1;1;0;6.8
M056;08/07/2026;Group Stage;P00005;Omar Toure;Algeria;Saudi Arabia;DEF;22;FALSE;15;0;1;91.5;3;0;0;7.0
M056;08/07/2026;Group Stage;P00015;Anders Tanaka;Algeria;Saudi Arabia;MID;25;FALSE;13;0;0;88.7;0;1;0;5.8
M056;08/07/2026;Group Stage;P00009;Victor Rossi;Algeria;Saudi Arabia;DEF;30;FALSE;29;0;1;90.7;1;1;0;7.1
M056;08/07/2026;Group Stage;P00020;Hugo Martins;Algeria;Saudi Arabia;FWD;19;FALSE;25;1;0;83.9;2;1;0;6.4
M056;08/07/2026;Group Stage;P00023;Leon Reyes;Algeria;Saudi Arabia;FWD;24;FALSE;16;0;0;89.4;0;0;0;6.2
M056;08/07/2026;Group Stage;P00806;Elias Toure;Saudi Arabia;Algeria;GK;26;TRUE;70;0;0;71.9;0;0;5;6.3
M056;08/07/2026;Group Stage;P00810;Tomas Souza;Saudi Arabia;Algeria;DEF;26;TRUE;90;0;0;90.9;2;1;0;5.6
M056;08/07/2026;Group Stage;P00820;Josef Ferreira;Saudi Arabia;Algeria;MID;25;TRUE;85;0;0;86.1;2;3;0;6.4
M056;08/07/2026;Group Stage;P00826;Thiago Mbeki;Saudi Arabia;Algeria;FWD;24;TRUE;90;0;0;84.5;0;0;0;6.5
M056;08/07/2026;Group Stage;P00819;Jonas Fernandez;Saudi Arabia;Algeria;MID;29;TRUE;66;0;0;89.3;2;2;0;6.6
M056;08/07/2026;Group Stage;P00817;Omar Novak;Saudi Arabia;Algeria;MID;29;TRUE;88;0;0;92.0;1;1;0;6.1
M056;08/07/2026;Group Stage;P00828;Pedro Berg;Saudi Arabia;Algeria;FWD;25;TRUE;81;1;0;96.7;0;2;0;7.9
M056;08/07/2026;Group Stage;P00825;Nikolai Kamara;Saudi Arabia;Algeria;FWD;24;TRUE;70;0;1;78.2;0;1;0;6.8
M056;08/07/2026;Group Stage;P00816;Gabriel Kovac;Saudi Arabia;Algeria;DEF;22;TRUE;88;0;0;86.7;0;2;0;6.8
M056;08/07/2026;Group Stage;P00818;Yusuf Almeida;Saudi Arabia;Algeria;MID;29;TRUE;80;0;0;86.4;0;2;0;7.2
M056;08/07/2026;Group Stage;P00811;Lucas Dubois;Saudi Arabia;Algeria;DEF;25;TRUE;83;0;0;79.6;0;1;0;5.7
M056;08/07/2026;Group Stage;P00822;Kwame Diallo;Saudi Arabia;Algeria;MID;21;FALSE;10;0;0;90.0;0;0;0;6.4
M056;08/07/2026;Group Stage;P00823;Anders Schmidt;Saudi Arabia;Algeria;MID;29;FALSE;18;0;0;91.3;2;2;0;5.4
M056;08/07/2026;Group Stage;P00824;Amir Johnson;Saudi Arabia;Algeria;MID;18;FALSE;20;0;0;88.8;1;0;0;6.7
M056;08/07/2026;Group Stage;P00812;Ivan Nasser;Saudi Arabia;Algeria;DEF;25;FALSE;29;0;0;80.6;2;0;0;6.0
M056;08/07/2026;Group Stage;P00813;Julian Reyes;Saudi Arabia;Algeria;DEF;24;FALSE;22;0;0;83.4;2;0;0;6.2
M056;08/07/2026;Group Stage;P00815;Marco Popov;Saudi Arabia;Algeria;DEF;26;FALSE;14;0;0;82.3;1;1;0;5.6
M056;08/07/2026;Group Stage;P00827;Kevin Fernandez;Saudi Arabia;Algeria;FWD;29;FALSE;21;0;0;79.6;1;1;0;6.1
M057;09/07/2026;Group Stage;P00025;Marco Toure;Argentina;Algeria;GK;25;TRUE;83;0;0;78.4;0;0;1;5.6
M057;09/07/2026;Group Stage;P00033;Daniel Haddad;Argentina;Algeria;DEF;19;TRUE;90;0;0;92.8;4;0;0;6.0
M057;09/07/2026;Group Stage;P00029;Tarek Rossi;Argentina;Algeria;DEF;30;TRUE;78;0;0;92.4;3;0;0;6.6
M057;09/07/2026;Group Stage;P00043;Alex Berg;Argentina;Algeria;FWD;28;TRUE;80;0;0;88.1;3;1;0;7.0
M057;09/07/2026;Group Stage;P00027;Erik Nkomo;Argentina;Algeria;DEF;24;TRUE;89;0;0;77.7;3;1;0;5.8
M057;09/07/2026;Group Stage;P00041;Leon Kovacevic;Argentina;Algeria;MID;29;TRUE;78;0;0;79.0;0;2;0;6.2
M057;09/07/2026;Group Stage;P00039;Emre Costa;Argentina;Algeria;MID;33;TRUE;90;0;0;88.7;1;0;0;6.8
M057;09/07/2026;Group Stage;P00030;Miguel Tanaka;Argentina;Algeria;DEF;24;TRUE;86;1;0;90.4;4;0;0;7.9
M057;09/07/2026;Group Stage;P00042;Elias Alves;Argentina;Algeria;MID;25;TRUE;80;0;1;80.4;2;0;0;7.3
M057;09/07/2026;Group Stage;P00038;Mohamed Souza;Argentina;Algeria;MID;31;TRUE;87;0;0;89.1;1;1;0;6.1
M057;09/07/2026;Group Stage;P00040;Ivan Weiss;Argentina;Algeria;MID;24;TRUE;84;0;0;87.2;1;0;0;6.6
M057;09/07/2026;Group Stage;P00035;Pedro Toure;Argentina;Algeria;MID;18;FALSE;14;0;0;88.1;2;0;0;5.2
M057;09/07/2026;Group Stage;P00034;Emre Schmidt;Argentina;Algeria;DEF;28;FALSE;15;0;0;89.9;0;0;0;6.1
M057;09/07/2026;Group Stage;P00046;Jonas Martins;Argentina;Algeria;FWD;18;FALSE;20;0;0;77.1;2;1;0;6.6
M057;09/07/2026;Group Stage;P00036;Pedro Nkomo;Argentina;Algeria;MID;23;FALSE;5;0;0;79.9;0;1;0;5.7
M057;09/07/2026;Group Stage;P00028;Marco Reyes;Argentina;Algeria;DEF;18;FALSE;26;0;0;88.1;1;0;0;5.8
M057;09/07/2026;Group Stage;P00044;Hugo Nakamura;Argentina;Algeria;FWD;22;FALSE;18;0;0;72.7;1;1;0;6.3
M057;09/07/2026;Group Stage;P00037;Leon Costa;Argentina;Algeria;MID;21;FALSE;17;0;0;82.7;0;1;0;5.5
M057;09/07/2026;Group Stage;P00002;Adama Balde;Algeria;Argentina;GK;24;TRUE;82;0;0;72.7;0;0;2;6.8
M057;09/07/2026;Group Stage;P00004;Daniel Muller;Algeria;Argentina;DEF;27;TRUE;80;2;0;90.4;2;0;0;8.3
M057;09/07/2026;Group Stage;P00021;Noah Almeida;Algeria;Argentina;FWD;32;TRUE;88;0;0;75.5;0;2;0;6.1
M057;09/07/2026;Group Stage;P00012;Yuki Weiss;Algeria;Argentina;MID;25;TRUE;90;0;0;95.9;3;0;0;6.7
M057;09/07/2026;Group Stage;P00015;Anders Tanaka;Algeria;Argentina;MID;25;TRUE;84;0;0;85.6;2;1;0;6.8
M057;09/07/2026;Group Stage;P00009;Victor Rossi;Algeria;Argentina;DEF;30;TRUE;78;0;1;83.1;5;3;0;7.3
M057;09/07/2026;Group Stage;P00013;Diego Horvat;Algeria;Argentina;MID;28;TRUE;80;0;0;90.7;2;1;0;6.1
M057;09/07/2026;Group Stage;P00014;Ismael Osei;Algeria;Argentina;MID;24;TRUE;81;0;0;92.7;3;0;0;6.9
M057;09/07/2026;Group Stage;P00019;Thiago Hassan;Algeria;Argentina;MID;27;TRUE;79;0;0;92.1;0;0;0;5.6
M057;09/07/2026;Group Stage;P00016;Miguel Toure;Algeria;Argentina;MID;20;TRUE;86;0;0;95.0;1;2;0;5.9
M057;09/07/2026;Group Stage;P00008;Ivan Haddad;Algeria;Argentina;DEF;18;TRUE;85;0;0;92.5;2;3;0;6.3
M057;09/07/2026;Group Stage;P00006;Yuki Bakker;Algeria;Argentina;DEF;26;FALSE;14;0;0;81.5;1;1;0;5.9
M057;09/07/2026;Group Stage;P00005;Omar Toure;Algeria;Argentina;DEF;22;FALSE;5;0;0;83.9;1;0;0;6.4
M057;09/07/2026;Group Stage;P00007;Tomas Mensah;Algeria;Argentina;DEF;25;FALSE;9;0;0;70.4;0;0;0;6.4
M057;09/07/2026;Group Stage;P00017;Adama Tanaka;Algeria;Argentina;MID;28;FALSE;11;0;0;91.8;0;1;0;6.9
M057;09/07/2026;Group Stage;P00020;Hugo Martins;Algeria;Argentina;FWD;19;FALSE;28;0;0;93.3;1;0;0;6.2
M057;09/07/2026;Group Stage;P00010;Ruben Garcia;Algeria;Argentina;DEF;28;FALSE;13;0;0;94.8;2;1;0;6.2
M057;09/07/2026;Group Stage;P00022;Diego Weiss;Algeria;Argentina;FWD;26;FALSE;23;0;0;98.1;0;0;0;5.7
M058;09/07/2026;Group Stage;P01060;Karim Diallo;Uruguay;Saudi Arabia;GK;24;TRUE;90;0;0;70.2;0;0;4;6.5
M058;09/07/2026;Group Stage;P01065;Marco Johnson;Uruguay;Saudi Arabia;DEF;24;TRUE;87;0;1;81.7;0;2;0;7.1
M058;09/07/2026;Group Stage;P01066;Kevin Torres;Uruguay;Saudi Arabia;DEF;28;TRUE;89;0;0;88.0;2;1;0;6.5
M058;09/07/2026;Group Stage;P01073;Lucas Horvat;Uruguay;Saudi Arabia;MID;22;TRUE;80;0;0;85.8;3;2;0;6.4
M058;09/07/2026;Group Stage;P01077;Samuel Dubois;Uruguay;Saudi Arabia;MID;18;TRUE;90;0;0;85.3;3;2;0;6.3
M058;09/07/2026;Group Stage;P01078;Noah Alves;Uruguay;Saudi Arabia;FWD;28;TRUE;90;0;0;81.7;1;0;0;7.1
M058;09/07/2026;Group Stage;P01063;Tarek Mbeki;Uruguay;Saudi Arabia;DEF;30;TRUE;86;0;0;83.9;2;1;0;7.0
M058;09/07/2026;Group Stage;P01067;Carlos Larsen;Uruguay;Saudi Arabia;DEF;30;TRUE;77;0;0;83.7;3;1;0;6.5
M058;09/07/2026;Group Stage;P01074;Mateus Cruz;Uruguay;Saudi Arabia;MID;26;TRUE;84;0;0;85.3;0;0;0;6.5
M058;09/07/2026;Group Stage;P01075;Felix Kovac;Uruguay;Saudi Arabia;MID;30;TRUE;80;0;0;91.3;2;1;0;6.2
M058;09/07/2026;Group Stage;P01069;Anders Berg;Uruguay;Saudi Arabia;DEF;31;TRUE;89;0;0;69.6;0;2;0;6.3
M058;09/07/2026;Group Stage;P01068;Sven Mbeki;Uruguay;Saudi Arabia;DEF;18;FALSE;25;0;0;79.5;1;0;0;6.3
M058;09/07/2026;Group Stage;P01064;Gabriel Torres;Uruguay;Saudi Arabia;DEF;21;FALSE;13;0;0;88.9;0;1;0;6.4
M058;09/07/2026;Group Stage;P01071;Pedro Farah;Uruguay;Saudi Arabia;MID;32;FALSE;5;0;0;73.4;0;0;0;7.0
M058;09/07/2026;Group Stage;P01079;Josef Mbeki;Uruguay;Saudi Arabia;FWD;19;FALSE;10;1;0;78.2;2;0;0;7.2
M058;09/07/2026;Group Stage;P01070;Sven Silva;Uruguay;Saudi Arabia;MID;25;FALSE;17;0;0;79.9;0;1;0;6.2
M058;09/07/2026;Group Stage;P01080;Tarek Berg;Uruguay;Saudi Arabia;FWD;22;FALSE;7;0;0;90.4;1;0;0;6.0
M058;09/07/2026;Group Stage;P01081;Nikolai Johnson;Uruguay;Saudi Arabia;FWD;21;FALSE;9;0;0;74.4;1;2;0;5.6
M058;09/07/2026;Group Stage;P00806;Elias Toure;Saudi Arabia;Uruguay;GK;26;TRUE;86;0;0;85.1;0;0;4;5.9
M058;09/07/2026;Group Stage;P00817;Omar Novak;Saudi Arabia;Uruguay;MID;29;TRUE;86;0;0;88.2;1;2;0;5.8
M058;09/07/2026;Group Stage;P00825;Nikolai Kamara;Saudi Arabia;Uruguay;FWD;24;TRUE;87;0;1;82.7;3;1;0;8.2
M058;09/07/2026;Group Stage;P00822;Kwame Diallo;Saudi Arabia;Uruguay;MID;21;TRUE;90;0;1;89.2;0;0;0;7.1
M058;09/07/2026;Group Stage;P00821;Kofi Torres;Saudi Arabia;Uruguay;MID;25;TRUE;80;0;0;93.8;0;1;0;6.1
M058;09/07/2026;Group Stage;P00814;Kevin Diallo;Saudi Arabia;Uruguay;DEF;27;TRUE;86;0;0;90.1;0;1;0;6.9
M058;09/07/2026;Group Stage;P00827;Kevin Fernandez;Saudi Arabia;Uruguay;FWD;29;TRUE;86;0;0;95.5;0;0;0;6.0
M058;09/07/2026;Group Stage;P00826;Thiago Mbeki;Saudi Arabia;Uruguay;FWD;24;TRUE;73;0;0;97.8;2;2;0;7.2
M058;09/07/2026;Group Stage;P00815;Marco Popov;Saudi Arabia;Uruguay;DEF;26;TRUE;84;0;0;75.7;0;2;0;6.8
M058;09/07/2026;Group Stage;P00811;Lucas Dubois;Saudi Arabia;Uruguay;DEF;25;TRUE;74;1;0;90.8;3;1;0;6.9
M058;09/07/2026;Group Stage;P00820;Josef Ferreira;Saudi Arabia;Uruguay;MID;25;TRUE;90;0;0;82.0;2;0;0;6.0
M058;09/07/2026;Group Stage;P00809;Lucas Andersson;Saudi Arabia;Uruguay;DEF;25;FALSE;11;0;0;83.5;2;0;0;6.0
M058;09/07/2026;Group Stage;P00810;Tomas Souza;Saudi Arabia;Uruguay;DEF;26;FALSE;15;0;0;87.3;1;0;0;7.0
M058;09/07/2026;Group Stage;P00813;Julian Reyes;Saudi Arabia;Uruguay;DEF;24;FALSE;24;0;0;87.6;0;0;0;5.9
M058;09/07/2026;Group Stage;P00818;Yusuf Almeida;Saudi Arabia;Uruguay;MID;29;FALSE;14;1;0;71.1;1;0;0;7.1
M058;09/07/2026;Group Stage;P00816;Gabriel Kovac;Saudi Arabia;Uruguay;DEF;22;FALSE;5;0;0;73.6;1;1;0;6.7
M058;09/07/2026;Group Stage;P00819;Jonas Fernandez;Saudi Arabia;Uruguay;MID;29;FALSE;12;0;0;91.6;0;0;0;5.8
M058;09/07/2026;Group Stage;P00823;Anders Schmidt;Saudi Arabia;Uruguay;MID;29;FALSE;22;0;0;76.0;1;0;0;6.5
M059;10/07/2026;Group Stage;P00024;Sven Ibrahim;Argentina;Saudi Arabia;GK;34;TRUE;82;0;0;74.1;0;0;3;6.0
M059;10/07/2026;Group Stage;P00045;Mateus Dubois;Argentina;Saudi Arabia;FWD;19;TRUE;90;1;0;90.6;3;0;0;7.2
M059;10/07/2026;Group Stage;P00044;Hugo Nakamura;Argentina;Saudi Arabia;FWD;22;TRUE;85;0;0;89.2;3;2;0;5.7
M059;10/07/2026;Group Stage;P00029;Tarek Rossi;Argentina;Saudi Arabia;DEF;30;TRUE;67;0;0;94.8;1;1;0;6.7
M059;10/07/2026;Group Stage;P00037;Leon Costa;Argentina;Saudi Arabia;MID;21;TRUE;83;0;0;87.9;2;0;0;6.3
M059;10/07/2026;Group Stage;P00043;Alex Berg;Argentina;Saudi Arabia;FWD;28;TRUE;79;0;0;89.5;0;2;0;6.6
M059;10/07/2026;Group Stage;P00036;Pedro Nkomo;Argentina;Saudi Arabia;MID;23;TRUE;81;0;1;93.6;2;2;0;7.3
M059;10/07/2026;Group Stage;P00035;Pedro Toure;Argentina;Saudi Arabia;MID;18;TRUE;72;0;0;94.8;3;0;0;7.6
M059;10/07/2026;Group Stage;P00034;Emre Schmidt;Argentina;Saudi Arabia;DEF;28;TRUE;72;0;0;94.1;2;1;0;6.8
M059;10/07/2026;Group Stage;P00039;Emre Costa;Argentina;Saudi Arabia;MID;33;TRUE;90;0;0;92.9;0;2;0;6.1
M059;10/07/2026;Group Stage;P00042;Elias Alves;Argentina;Saudi Arabia;MID;25;TRUE;81;0;0;89.1;0;2;0;6.3
M059;10/07/2026;Group Stage;P00031;Marcus Novak;Argentina;Saudi Arabia;DEF;23;FALSE;10;0;0;77.4;2;0;0;6.0
M059;10/07/2026;Group Stage;P00027;Erik Nkomo;Argentina;Saudi Arabia;DEF;24;FALSE;5;1;0;81.1;1;1;0;8.4
M059;10/07/2026;Group Stage;P00046;Jonas Martins;Argentina;Saudi Arabia;FWD;18;FALSE;18;0;0;90.9;1;0;0;6.6
M059;10/07/2026;Group Stage;P00028;Marco Reyes;Argentina;Saudi Arabia;DEF;18;FALSE;27;0;0;97.0;1;1;0;7.3
M059;10/07/2026;Group Stage;P00030;Miguel Tanaka;Argentina;Saudi Arabia;DEF;24;FALSE;15;0;0;80.7;0;0;0;6.1
M059;10/07/2026;Group Stage;P00040;Ivan Weiss;Argentina;Saudi Arabia;MID;24;FALSE;23;0;0;85.1;0;0;0;6.2
M059;10/07/2026;Group Stage;P00041;Leon Kovacevic;Argentina;Saudi Arabia;MID;29;FALSE;23;0;0;87.9;0;0;0;5.6
M059;10/07/2026;Group Stage;P00807;Rafael Bakker;Saudi Arabia;Argentina;GK;24;TRUE;89;0;0;76.7;0;0;5;5.9
M059;10/07/2026;Group Stage;P00823;Anders Schmidt;Saudi Arabia;Argentina;MID;29;TRUE;88;0;0;96.6;0;0;0;6.6
M059;10/07/2026;Group Stage;P00827;Kevin Fernandez;Saudi Arabia;Argentina;FWD;29;TRUE;90;0;0;88.0;2;0;0;6.5
M059;10/07/2026;Group Stage;P00828;Pedro Berg;Saudi Arabia;Argentina;FWD;25;TRUE;81;0;1;89.2;2;1;0;6.9
M059;10/07/2026;Group Stage;P00811;Lucas Dubois;Saudi Arabia;Argentina;DEF;25;TRUE;70;0;0;76.8;1;1;0;6.2
M059;10/07/2026;Group Stage;P00810;Tomas Souza;Saudi Arabia;Argentina;DEF;26;TRUE;83;0;0;86.1;1;1;0;6.3
M059;10/07/2026;Group Stage;P00822;Kwame Diallo;Saudi Arabia;Argentina;MID;21;TRUE;88;0;0;86.2;0;0;0;6.0
M059;10/07/2026;Group Stage;P00816;Gabriel Kovac;Saudi Arabia;Argentina;DEF;22;TRUE;83;0;0;93.8;0;0;0;6.0
M059;10/07/2026;Group Stage;P00825;Nikolai Kamara;Saudi Arabia;Argentina;FWD;24;TRUE;90;0;0;83.6;2;2;0;6.2
M059;10/07/2026;Group Stage;P00815;Marco Popov;Saudi Arabia;Argentina;DEF;26;TRUE;81;0;0;87.6;2;0;0;6.5
M059;10/07/2026;Group Stage;P00819;Jonas Fernandez;Saudi Arabia;Argentina;MID;29;TRUE;78;0;0;83.6;3;0;0;6.9
M059;10/07/2026;Group Stage;P00814;Kevin Diallo;Saudi Arabia;Argentina;DEF;27;FALSE;12;0;0;85.6;0;0;0;6.0
M059;10/07/2026;Group Stage;P00821;Kofi Torres;Saudi Arabia;Argentina;MID;25;FALSE;21;0;0;88.8;0;0;0;5.5
M059;10/07/2026;Group Stage;P00824;Amir Johnson;Saudi Arabia;Argentina;MID;18;FALSE;27;1;0;90.7;0;0;0;6.4
M059;10/07/2026;Group Stage;P00817;Omar Novak;Saudi Arabia;Argentina;MID;29;FALSE;15;0;0;82.7;0;0;0;6.3
M059;10/07/2026;Group Stage;P00812;Ivan Nasser;Saudi Arabia;Argentina;DEF;25;FALSE;12;0;0;86.8;0;1;0;6.4
M059;10/07/2026;Group Stage;P00809;Lucas Andersson;Saudi Arabia;Argentina;DEF;25;FALSE;11;0;0;79.8;1;1;0;6.7
M059;10/07/2026;Group Stage;P00826;Thiago Mbeki;Saudi Arabia;Argentina;FWD;24;FALSE;12;0;0;90.3;0;0;0;6.5
M060;10/07/2026;Group Stage;P01061;Luca Tanaka;Uruguay;Algeria;GK;25;TRUE;76;0;0;70.8;0;0;1;5.5
M060;10/07/2026;Group Stage;P01069;Anders Berg;Uruguay;Algeria;DEF;31;TRUE;66;0;0;88.6;2;4;0;5.8
M060;10/07/2026;Group Stage;P01081;Nikolai Johnson;Uruguay;Algeria;FWD;21;TRUE;85;0;0;96.3;0;4;0;6.6
M060;10/07/2026;Group Stage;P01062;Karim Bakker;Uruguay;Algeria;DEF;28;TRUE;79;0;0;84.1;2;0;0;5.8
M060;10/07/2026;Group Stage;P01074;Mateus Cruz;Uruguay;Algeria;MID;26;TRUE;76;1;0;88.9;1;0;0;8.3
M060;10/07/2026;Group Stage;P01080;Tarek Berg;Uruguay;Algeria;FWD;22;TRUE;88;0;0;82.4;1;3;0;5.8
M060;10/07/2026;Group Stage;P01072;Erik Mensah;Uruguay;Algeria;MID;24;TRUE;86;0;0;91.3;0;0;0;6.6
M060;10/07/2026;Group Stage;P01073;Lucas Horvat;Uruguay;Algeria;MID;22;TRUE;87;0;0;88.8;3;0;0;5.9
M060;10/07/2026;Group Stage;P01075;Felix Kovac;Uruguay;Algeria;MID;30;TRUE;90;0;1;93.5;0;0;0;7.1
M060;10/07/2026;Group Stage;P01076;Kevin Horvat;Uruguay;Algeria;MID;26;TRUE;70;1;0;89.9;0;2;0;7.6
M060;10/07/2026;Group Stage;P01079;Josef Mbeki;Uruguay;Algeria;FWD;19;TRUE;76;1;0;79.4;1;0;0;7.3
M060;10/07/2026;Group Stage;P01066;Kevin Torres;Uruguay;Algeria;DEF;28;FALSE;19;0;0;87.6;1;1;0;6.4
M060;10/07/2026;Group Stage;P01064;Gabriel Torres;Uruguay;Algeria;DEF;21;FALSE;6;0;0;92.5;2;0;0;6.1
M060;10/07/2026;Group Stage;P01078;Noah Alves;Uruguay;Algeria;FWD;28;FALSE;23;0;0;93.7;1;1;0;6.2
M060;10/07/2026;Group Stage;P01070;Sven Silva;Uruguay;Algeria;MID;25;FALSE;17;0;0;99.0;2;1;0;5.8
M060;10/07/2026;Group Stage;P01063;Tarek Mbeki;Uruguay;Algeria;DEF;30;FALSE;11;0;0;89.0;2;1;0;6.0
M060;10/07/2026;Group Stage;P01068;Sven Mbeki;Uruguay;Algeria;DEF;18;FALSE;13;0;0;80.9;2;0;0;6.1
M060;10/07/2026;Group Stage;P01071;Pedro Farah;Uruguay;Algeria;MID;32;FALSE;16;0;0;87.4;0;0;0;5.6
M060;10/07/2026;Group Stage;P00003;Yuki Rossi;Algeria;Uruguay;GK;26;TRUE;83;0;0;68.6;0;0;8;5.2
M060;10/07/2026;Group Stage;P00005;Omar Toure;Algeria;Uruguay;DEF;22;TRUE;87;0;0;83.5;0;1;0;5.7
M060;10/07/2026;Group Stage;P00021;Noah Almeida;Algeria;Uruguay;FWD;32;TRUE;89;1;0;85.3;1;2;0;6.6
M060;10/07/2026;Group Stage;P00017;Adama Tanaka;Algeria;Uruguay;MID;28;TRUE;83;0;0;93.5;2;0;0;6.6
M060;10/07/2026;Group Stage;P00012;Yuki Weiss;Algeria;Uruguay;MID;25;TRUE;90;0;0;82.4;0;1;0;6.4
M060;10/07/2026;Group Stage;P00023;Leon Reyes;Algeria;Uruguay;FWD;24;TRUE;81;0;0;98.1;0;2;0;5.8
M060;10/07/2026;Group Stage;P00006;Yuki Bakker;Algeria;Uruguay;DEF;26;TRUE;59;0;0;87.5;3;1;0;7.2
M060;10/07/2026;Group Stage;P00011;Thiago Haddad;Algeria;Uruguay;DEF;23;TRUE;83;0;0;91.5;2;0;0;7.0
M060;10/07/2026;Group Stage;P00004;Daniel Muller;Algeria;Uruguay;DEF;27;TRUE;90;0;0;96.2;4;3;0;6.9
M060;10/07/2026;Group Stage;P00022;Diego Weiss;Algeria;Uruguay;FWD;26;TRUE;90;0;0;89.9;0;1;0;6.9
M060;10/07/2026;Group Stage;P00019;Thiago Hassan;Algeria;Uruguay;MID;27;TRUE;77;0;0;87.8;3;0;0;7.7
M060;10/07/2026;Group Stage;P00008;Ivan Haddad;Algeria;Uruguay;DEF;18;FALSE;24;0;0;94.9;1;1;0;6.3
M060;10/07/2026;Group Stage;P00009;Victor Rossi;Algeria;Uruguay;DEF;30;FALSE;26;0;0;86.7;0;0;0;5.5
M060;10/07/2026;Group Stage;P00018;Josef Mensah;Algeria;Uruguay;MID;26;FALSE;27;0;0;81.8;1;0;0;6.1
M060;10/07/2026;Group Stage;P00015;Anders Tanaka;Algeria;Uruguay;MID;25;FALSE;14;0;1;80.4;0;1;0;6.5
M060;10/07/2026;Group Stage;P00013;Diego Horvat;Algeria;Uruguay;MID;28;FALSE;22;0;0;94.4;0;0;0;5.9
M060;10/07/2026;Group Stage;P00020;Hugo Martins;Algeria;Uruguay;FWD;19;FALSE;6;0;0;86.7;0;2;0;7.1
M060;10/07/2026;Group Stage;P00016;Miguel Toure;Algeria;Uruguay;MID;20;FALSE;25;0;0;79.7;0;0;0;7.0
M061;11/07/2026;Group Stage;P00415;Kevin Larsen;France;Iran;GK;25;TRUE;72;0;0;70.8;0;0;3;6.5
M061;11/07/2026;Group Stage;P00420;Alex Garcia;France;Iran;DEF;18;TRUE;72;0;0;83.0;1;1;0;6.5
M061;11/07/2026;Group Stage;P00418;Sergio Osei;France;Iran;DEF;23;TRUE;80;0;0;78.2;2;3;0;6.4
M061;11/07/2026;Group Stage;P00435;Diego Fernandez;France;Iran;FWD;27;TRUE;79;1;0;87.9;2;0;0;8.3
M061;11/07/2026;Group Stage;P00437;Jonas Nasser;France;Iran;FWD;28;TRUE;80;0;2;99.0;0;0;0;7.7
M061;11/07/2026;Group Stage;P00434;Ali Popov;France;Iran;FWD;28;TRUE;90;0;0;91.0;2;1;0;6.5
M061;11/07/2026;Group Stage;P00429;Leon Benali;France;Iran;MID;23;TRUE;90;0;0;87.8;2;0;0;6.3
M061;11/07/2026;Group Stage;P00436;Gabriel Fernandez;France;Iran;FWD;22;TRUE;77;1;1;86.4;1;0;0;8.6
M061;11/07/2026;Group Stage;P00428;Bruno Andersson;France;Iran;MID;25;TRUE;86;0;0;91.5;5;0;0;6.6
M061;11/07/2026;Group Stage;P00426;Ahmed Fernandez;France;Iran;MID;24;TRUE;84;0;0;94.8;0;0;0;5.9
M061;11/07/2026;Group Stage;P00427;Samuel Martins;France;Iran;MID;20;TRUE;88;1;0;99.0;0;1;0;7.6
M061;11/07/2026;Group Stage;P00424;Hugo Nasser;France;Iran;DEF;23;FALSE;19;0;0;80.6;2;0;0;5.8
M061;11/07/2026;Group Stage;P00431;Gabriel Benali;France;Iran;MID;23;FALSE;6;0;0;82.4;0;1;0;6.9
M061;11/07/2026;Group Stage;P00430;Chidi Mbeki;France;Iran;MID;24;FALSE;16;0;0;81.6;2;0;0;6.8
M061;11/07/2026;Group Stage;P00425;Yuki Reyes;France;Iran;DEF;21;FALSE;21;1;0;81.1;0;0;0;7.2
M061;11/07/2026;Group Stage;P00419;Thiago Novak;France;Iran;DEF;27;FALSE;5;0;0;83.9;0;1;0;6.8
M061;11/07/2026;Group Stage;P00433;Samuel Reyes;France;Iran;MID;25;FALSE;21;0;1;95.8;1;0;0;6.0
M061;11/07/2026;Group Stage;P00421;Yuki Wagner;France;Iran;DEF;23;FALSE;15;0;0;75.1;1;1;0;6.6
M061;11/07/2026;Group Stage;P00486;Diego Muller;Iran;France;GK;23;TRUE;90;0;0;70.5;0;0;6;6.4
M061;11/07/2026;Group Stage;P00503;Sven Balde;Iran;France;FWD;27;TRUE;88;0;0;79.4;0;2;0;5.7
M061;11/07/2026;Group Stage;P00498;Ruben Kovac;Iran;France;MID;25;TRUE;73;0;0;80.0;0;0;0;6.1
M061;11/07/2026;Group Stage;P00490;Karim Horvat;Iran;France;DEF;26;TRUE;73;0;0;84.2;2;0;0;6.2
M061;11/07/2026;Group Stage;P00489;Erik Sato;Iran;France;DEF;24;TRUE;80;0;0;77.1;4;1;0;6.3
M061;11/07/2026;Group Stage;P00494;Andres Schmidt;Iran;France;DEF;24;TRUE;86;0;0;89.5;1;1;0;5.8
M061;11/07/2026;Group Stage;P00500;Gabriel Petit;Iran;France;MID;27;TRUE;85;0;0;88.7;0;1;0;7.1
M061;11/07/2026;Group Stage;P00501;Yuki Kovac;Iran;France;MID;32;TRUE;72;0;0;98.4;3;2;0;6.3
M061;11/07/2026;Group Stage;P00488;Amir Toure;Iran;France;DEF;25;TRUE;90;0;0;86.2;3;1;0;5.7
M061;11/07/2026;Group Stage;P00499;Victor Farah;Iran;France;MID;20;TRUE;87;0;0;96.1;0;1;0;6.1
M061;11/07/2026;Group Stage;P00492;Carlos Almeida;Iran;France;DEF;29;TRUE;75;0;0;85.5;3;3;0;6.6
M061;11/07/2026;Group Stage;P00496;Samuel Kovacevic;Iran;France;MID;28;FALSE;28;0;0;99.0;2;0;0;5.9
M061;11/07/2026;Group Stage;P00506;Omar Horvat;Iran;France;FWD;27;FALSE;6;0;0;73.0;1;0;0;6.3
M061;11/07/2026;Group Stage;P00505;Ali Haddad;Iran;France;FWD;22;FALSE;25;0;0;73.9;1;2;0;6.0
M061;11/07/2026;Group Stage;P00502;Erik Nasser;Iran;France;MID;18;FALSE;23;0;0;81.2;2;1;0;5.6
M061;11/07/2026;Group Stage;P00493;Leon Ferreira;Iran;France;DEF;30;FALSE;11;0;0;78.4;0;1;0;6.3
M061;11/07/2026;Group Stage;P00491;Kofi Silva;Iran;France;DEF;23;FALSE;7;0;0;78.0;1;1;0;6.8
M061;11/07/2026;Group Stage;P00495;Gabriel Costa;Iran;France;MID;20;FALSE;26;0;0;91.0;2;0;0;6.3
M062;11/07/2026;Group Stage;P00463;Yusuf Petit;Ghana;Panama;GK;20;TRUE;87;0;0;72.8;0;0;1;5.5
M062;11/07/2026;Group Stage;P00482;Kwame Balde;Ghana;Panama;FWD;29;TRUE;87;0;0;93.1;2;0;0;6.6
M062;11/07/2026;Group Stage;P00474;Amir Eriksen;Ghana;Panama;MID;26;TRUE;69;1;0;92.2;4;0;0;6.7
M062;11/07/2026;Group Stage;P00470;Amir Ferreira;Ghana;Panama;DEF;25;TRUE;81;0;0;90.4;1;0;0;6.9
M062;11/07/2026;Group Stage;P00464;Luca Hassan;Ghana;Panama;DEF;22;TRUE;82;0;0;91.0;3;2;0;7.0
M062;11/07/2026;Group Stage;P00466;Tarek Torres;Ghana;Panama;DEF;30;TRUE;88;0;0;82.5;2;0;0;6.6
M062;11/07/2026;Group Stage;P00465;Kwame Haddad;Ghana;Panama;DEF;28;TRUE;71;0;0;88.1;3;1;0;6.3
M062;11/07/2026;Group Stage;P00480;Carlos Hassan;Ghana;Panama;FWD;22;TRUE;71;0;0;96.5;3;1;0;5.5
M062;11/07/2026;Group Stage;P00478;Ivan Reyes;Ghana;Panama;MID;21;TRUE;82;0;0;81.2;1;0;0;5.6
M062;11/07/2026;Group Stage;P00483;Tarek Petit;Ghana;Panama;FWD;25;TRUE;90;0;0;93.3;3;2;0;6.0
M062;11/07/2026;Group Stage;P00473;Noah Johnson;Ghana;Panama;MID;23;TRUE;83;0;0;83.7;2;2;0;6.0
M062;11/07/2026;Group Stage;P00471;Nikolai Costa;Ghana;Panama;DEF;28;FALSE;18;0;0;86.0;0;1;0;6.7
M062;11/07/2026;Group Stage;P00479;Emre Mensah;Ghana;Panama;MID;27;FALSE;6;0;0;71.9;0;0;0;6.5
M062;11/07/2026;Group Stage;P00476;Julian Balde;Ghana;Panama;MID;29;FALSE;28;0;0;98.3;1;2;0;6.1
M062;11/07/2026;Group Stage;P00481;Josef Weiss;Ghana;Panama;FWD;30;FALSE;14;2;0;75.9;1;0;0;7.6
M062;11/07/2026;Group Stage;P00477;Sergio Ferreira;Ghana;Panama;MID;30;FALSE;11;0;0;96.4;1;0;0;7.1
M062;11/07/2026;Group Stage;P00472;Marco Horvat;Ghana;Panama;MID;26;FALSE;11;0;0;75.8;2;0;0;5.6
M062;11/07/2026;Group Stage;P00468;Elias Silva;Ghana;Panama;DEF;22;FALSE;28;0;0;97.4;0;0;0;5.2
M062;11/07/2026;Group Stage;P00714;Noah Andersson;Panama;Ghana;GK;34;TRUE;90;0;0;62.4;0;0;4;6.4
M062;11/07/2026;Group Stage;P00718;Elias Horvat;Panama;Ghana;DEF;20;TRUE;76;0;0;88.3;0;2;0;7.1
M062;11/07/2026;Group Stage;P00717;Jonas Nkomo;Panama;Ghana;DEF;24;TRUE;83;0;0;81.7;0;0;0;6.9
M062;11/07/2026;Group Stage;P00721;Leon Muller;Panama;Ghana;DEF;18;TRUE;77;0;0;78.4;6;3;0;7.1
M062;11/07/2026;Group Stage;P00730;Ali Lopez;Panama;Ghana;MID;21;TRUE;77;0;0;92.5;0;0;0;6.7
M062;11/07/2026;Group Stage;P00736;Elias Costa;Panama;Ghana;FWD;29;TRUE;73;0;0;87.6;0;2;0;6.2
M062;11/07/2026;Group Stage;P00719;Kwame Kovac;Panama;Ghana;DEF;25;TRUE;83;0;1;89.0;1;1;0;6.6
M062;11/07/2026;Group Stage;P00726;Ahmed Novak;Panama;Ghana;MID;21;TRUE;62;0;0;88.7;3;2;0;6.3
M062;11/07/2026;Group Stage;P00734;Nikolai Nakamura;Panama;Ghana;FWD;23;TRUE;89;1;0;82.2;1;0;0;7.2
M062;11/07/2026;Group Stage;P00724;Victor Toure;Panama;Ghana;DEF;26;TRUE;86;0;0;78.5;2;4;0;6.8
M062;11/07/2026;Group Stage;P00729;Noah Berg;Panama;Ghana;MID;25;TRUE;83;0;0;95.5;2;0;0;7.9
M062;11/07/2026;Group Stage;P00723;Daniel Horvat;Panama;Ghana;DEF;18;FALSE;22;0;0;81.3;0;0;0;6.3
M062;11/07/2026;Group Stage;P00727;Samuel Fernandez;Panama;Ghana;MID;24;FALSE;15;0;0;82.7;1;0;0;5.9
M062;11/07/2026;Group Stage;P00733;Gabriel Toure;Panama;Ghana;FWD;29;FALSE;27;0;0;84.0;1;1;0;6.8
M062;11/07/2026;Group Stage;P00731;Adama Benali;Panama;Ghana;MID;20;FALSE;23;0;0;74.4;0;0;0;6.9
M062;11/07/2026;Group Stage;P00735;Amir Wagner;Panama;Ghana;FWD;30;FALSE;27;0;0;93.4;0;0;0;6.8
M062;11/07/2026;Group Stage;P00720;Yuki Silva;Panama;Ghana;DEF;32;FALSE;6;0;0;90.8;0;1;0;5.9
M062;11/07/2026;Group Stage;P00728;Ruben Farah;Panama;Ghana;MID;31;FALSE;14;0;0;80.1;0;0;0;6.2
M063;12/07/2026;Group Stage;P00416;Emre Nkomo;France;Ghana;GK;29;TRUE;78;0;0;76.0;0;0;1;6.4
M063;12/07/2026;Group Stage;P00423;Ahmed Balde;France;Ghana;DEF;27;TRUE;84;0;0;88.2;0;0;0;5.6
M063;12/07/2026;Group Stage;P00433;Samuel Reyes;France;Ghana;MID;25;TRUE;59;0;0;88.3;4;0;0;7.1
M063;12/07/2026;Group Stage;P00428;Bruno Andersson;France;Ghana;MID;25;TRUE;77;0;0;79.8;0;1;0;5.8
M063;12/07/2026;Group Stage;P00426;Ahmed Fernandez;France;Ghana;MID;24;TRUE;77;1;1;94.4;0;1;0;8.9
M063;12/07/2026;Group Stage;P00425;Yuki Reyes;France;Ghana;DEF;21;TRUE;84;0;1;95.5;2;1;0;6.9
M063;12/07/2026;Group Stage;P00418;Sergio Osei;France;Ghana;DEF;23;TRUE;90;0;0;88.5;3;0;0;6.1
M063;12/07/2026;Group Stage;P00424;Hugo Nasser;France;Ghana;DEF;23;TRUE;78;0;0;87.6;6;0;0;6.1
M063;12/07/2026;Group Stage;P00434;Ali Popov;France;Ghana;FWD;28;TRUE;78;1;0;91.7;0;1;0;7.7
M063;12/07/2026;Group Stage;P00432;Ruben Petit;France;Ghana;MID;29;TRUE;75;1;0;82.8;2;2;0;8.2
M063;12/07/2026;Group Stage;P00437;Jonas Nasser;France;Ghana;FWD;28;TRUE;90;2;0;84.0;2;0;0;9.0
M063;12/07/2026;Group Stage;P00422;Victor Berg;France;Ghana;DEF;20;FALSE;23;1;0;87.1;0;0;0;7.9
M063;12/07/2026;Group Stage;P00435;Diego Fernandez;France;Ghana;FWD;27;FALSE;10;0;2;79.8;0;0;0;6.9
M063;12/07/2026;Group Stage;P00429;Leon Benali;France;Ghana;MID;23;FALSE;10;0;0;86.1;0;0;0;6.0
M063;12/07/2026;Group Stage;P00430;Chidi Mbeki;France;Ghana;MID;24;FALSE;28;0;0;92.9;1;1;0;5.9
M063;12/07/2026;Group Stage;P00421;Yuki Wagner;France;Ghana;DEF;23;FALSE;19;0;0;90.8;0;0;0;6.3
M063;12/07/2026;Group Stage;P00419;Thiago Novak;France;Ghana;DEF;27;FALSE;26;0;0;88.9;1;1;0;6.5
M063;12/07/2026;Group Stage;P00420;Alex Garcia;France;Ghana;DEF;18;FALSE;7;0;0;78.5;2;1;0;6.2
M063;12/07/2026;Group Stage;P00462;Gabriel Berg;Ghana;France;GK;24;TRUE;75;0;0;67.2;0;0;5;5.2
M063;12/07/2026;Group Stage;P00469;Mateus Popov;Ghana;France;DEF;26;TRUE;81;0;0;83.1;1;0;0;7.4
M063;12/07/2026;Group Stage;P00470;Amir Ferreira;Ghana;France;DEF;25;TRUE;89;0;0;92.3;1;2;0;6.4
M063;12/07/2026;Group Stage;P00480;Carlos Hassan;Ghana;France;FWD;22;TRUE;80;0;0;78.6;1;0;0;6.0
M063;12/07/2026;Group Stage;P00465;Kwame Haddad;Ghana;France;DEF;28;TRUE;64;0;0;90.0;3;2;0;5.7
M063;12/07/2026;Group Stage;P00471;Nikolai Costa;Ghana;France;DEF;28;TRUE;90;0;0;99.0;1;0;0;6.1
M063;12/07/2026;Group Stage;P00478;Ivan Reyes;Ghana;France;MID;21;TRUE;77;0;0;92.9;0;1;0;6.4
M063;12/07/2026;Group Stage;P00482;Kwame Balde;Ghana;France;FWD;29;TRUE;74;1;0;87.9;1;1;0;7.6
M063;12/07/2026;Group Stage;P00472;Marco Horvat;Ghana;France;MID;26;TRUE;79;0;0;90.1;0;0;0;7.0
M063;12/07/2026;Group Stage;P00475;Marco Wagner;Ghana;France;MID;21;TRUE;85;0;0;85.8;0;0;0;6.3
M063;12/07/2026;Group Stage;P00474;Amir Eriksen;Ghana;France;MID;26;TRUE;67;0;0;85.3;1;0;0;5.5
M063;12/07/2026;Group Stage;P00466;Tarek Torres;Ghana;France;DEF;30;FALSE;6;0;0;88.9;0;0;0;7.6
M063;12/07/2026;Group Stage;P00468;Elias Silva;Ghana;France;DEF;22;FALSE;16;0;0;92.7;1;1;0;6.8
M063;12/07/2026;Group Stage;P00481;Josef Weiss;Ghana;France;FWD;30;FALSE;29;0;0;90.5;0;0;0;6.1
M063;12/07/2026;Group Stage;P00467;Samuel Toure;Ghana;France;DEF;26;FALSE;16;0;0;85.6;2;1;0;6.0
M063;12/07/2026;Group Stage;P00464;Luca Hassan;Ghana;France;DEF;22;FALSE;20;0;0;76.8;2;0;0;6.5
M063;12/07/2026;Group Stage;P00477;Sergio Ferreira;Ghana;France;MID;30;FALSE;10;0;0;79.8;0;0;0;6.7
M063;12/07/2026;Group Stage;P00479;Emre Mensah;Ghana;France;MID;27;FALSE;9;0;0;86.0;0;0;0;6.1
M064;12/07/2026;Group Stage;P00484;Ahmed Osei;Iran;Panama;GK;29;TRUE;90;0;0;69.3;0;0;0;5.5
M064;12/07/2026;Group Stage;P00506;Omar Horvat;Iran;Panama;FWD;27;TRUE;80;0;0;77.8;3;1;0;7.3
M064;12/07/2026;Group Stage;P00501;Yuki Kovac;Iran;Panama;MID;32;TRUE;72;1;0;81.7;1;1;0;6.8
M064;12/07/2026;Group Stage;P00492;Carlos Almeida;Iran;Panama;DEF;29;TRUE;82;0;2;85.2;3;2;0;9.1
M064;12/07/2026;Group Stage;P00496;Samuel Kovacevic;Iran;Panama;MID;28;TRUE;83;0;0;91.0;2;1;0;5.9
M064;12/07/2026;Group Stage;P00499;Victor Farah;Iran;Panama;MID;20;TRUE;76;0;1;80.6;1;2;0;7.4
M064;12/07/2026;Group Stage;P00490;Karim Horvat;Iran;Panama;DEF;26;TRUE;80;0;0;99.0;1;1;0;6.4
M064;12/07/2026;Group Stage;P00504;Victor Garcia;Iran;Panama;FWD;24;TRUE;79;1;0;83.1;2;0;0;7.3
M064;12/07/2026;Group Stage;P00491;Kofi Silva;Iran;Panama;DEF;23;TRUE;86;0;0;85.8;5;1;0;6.6
M064;12/07/2026;Group Stage;P00487;Mateus Petit;Iran;Panama;DEF;23;TRUE;76;0;0;84.8;1;0;0;5.0
M064;12/07/2026;Group Stage;P00488;Amir Toure;Iran;Panama;DEF;25;TRUE;70;0;1;86.2;2;2;0;7.3
M064;12/07/2026;Group Stage;P00495;Gabriel Costa;Iran;Panama;MID;20;FALSE;13;1;0;91.3;0;1;0;7.0
M064;12/07/2026;Group Stage;P00497;Ruben Reyes;Iran;Panama;MID;30;FALSE;11;0;0;85.7;1;0;0;6.0
M064;12/07/2026;Group Stage;P00494;Andres Schmidt;Iran;Panama;DEF;24;FALSE;11;0;0;86.8;0;2;0;5.6
M064;12/07/2026;Group Stage;P00498;Ruben Kovac;Iran;Panama;MID;25;FALSE;14;0;0;88.0;0;0;0;7.8
M064;12/07/2026;Group Stage;P00489;Erik Sato;Iran;Panama;DEF;24;FALSE;7;0;0;80.8;2;0;0;5.7
M064;12/07/2026;Group Stage;P00503;Sven Balde;Iran;Panama;FWD;27;FALSE;27;1;0;90.5;0;1;0;6.6
M064;12/07/2026;Group Stage;P00500;Gabriel Petit;Iran;Panama;MID;27;FALSE;21;1;1;78.5;0;0;0;8.3
M064;12/07/2026;Group Stage;P00716;Yusuf Martins;Panama;Iran;GK;29;TRUE;76;0;0;75.5;0;0;7;6.4
M064;12/07/2026;Group Stage;P00733;Gabriel Toure;Panama;Iran;FWD;29;TRUE;82;0;0;74.1;3;1;0;6.4
M064;12/07/2026;Group Stage;P00725;Leon Toure;Panama;Iran;MID;29;TRUE;73;0;0;95.4;0;1;0;6.2
M064;12/07/2026;Group Stage;P00731;Adama Benali;Panama;Iran;MID;20;TRUE;79;1;0;91.0;2;2;0;7.2
M064;12/07/2026;Group Stage;P00722;Amir Diallo;Panama;Iran;DEF;24;TRUE;88;0;0;81.5;2;0;0;6.3
M064;12/07/2026;Group Stage;P00720;Yuki Silva;Panama;Iran;DEF;32;TRUE;80;0;0;83.1;1;1;0;6.9
M064;12/07/2026;Group Stage;P00721;Leon Muller;Panama;Iran;DEF;18;TRUE;81;0;0;87.7;2;3;0;6.9
M064;12/07/2026;Group Stage;P00734;Nikolai Nakamura;Panama;Iran;FWD;23;TRUE;86;0;0;77.4;2;0;0;6.6
M064;12/07/2026;Group Stage;P00723;Daniel Horvat;Panama;Iran;DEF;18;TRUE;76;0;0;90.9;1;1;0;6.5
M064;12/07/2026;Group Stage;P00729;Noah Berg;Panama;Iran;MID;25;TRUE;71;0;1;94.5;1;0;0;6.5
M064;12/07/2026;Group Stage;P00719;Kwame Kovac;Panama;Iran;DEF;25;TRUE;87;0;0;81.2;4;0;0;6.4
M064;12/07/2026;Group Stage;P00732;Gabriel Reyes;Panama;Iran;MID;18;FALSE;17;0;0;82.2;2;0;0;6.8
M064;12/07/2026;Group Stage;P00718;Elias Horvat;Panama;Iran;DEF;20;FALSE;7;0;0;75.9;0;1;0;6.2
M064;12/07/2026;Group Stage;P00736;Elias Costa;Panama;Iran;FWD;29;FALSE;14;0;0;83.7;0;1;0;7.5
M064;12/07/2026;Group Stage;P00724;Victor Toure;Panama;Iran;DEF;26;FALSE;7;0;0;77.9;0;1;0;6.5
M064;12/07/2026;Group Stage;P00730;Ali Lopez;Panama;Iran;MID;21;FALSE;25;0;0;90.5;1;0;0;6.0
M064;12/07/2026;Group Stage;P00735;Amir Wagner;Panama;Iran;FWD;30;FALSE;23;0;0;81.5;0;0;0;6.5
M064;12/07/2026;Group Stage;P00717;Jonas Nkomo;Panama;Iran;DEF;24;FALSE;9;0;0;89.3;2;0;0;6.3
M065;13/07/2026;Group Stage;P00415;Kevin Larsen;France;Panama;GK;25;TRUE;88;0;0;69.0;0;0;5;6.1
M065;13/07/2026;Group Stage;P00424;Hugo Nasser;France;Panama;DEF;23;TRUE;88;0;0;94.2;1;2;0;6.4
M065;13/07/2026;Group Stage;P00429;Leon Benali;France;Panama;MID;23;TRUE;82;0;0;82.6;3;1;0;6.9
M065;13/07/2026;Group Stage;P00428;Bruno Andersson;France;Panama;MID;25;TRUE;78;0;0;80.8;3;1;0;6.5
M065;13/07/2026;Group Stage;P00426;Ahmed Fernandez;France;Panama;MID;24;TRUE;72;0;0;79.8;0;1;0;7.2
M065;13/07/2026;Group Stage;P00418;Sergio Osei;France;Panama;DEF;23;TRUE;78;0;0;87.8;2;2;0;7.1
M065;13/07/2026;Group Stage;P00431;Gabriel Benali;France;Panama;MID;23;TRUE;78;0;0;93.5;1;1;0;5.8
M065;13/07/2026;Group Stage;P00421;Yuki Wagner;France;Panama;DEF;23;TRUE;80;0;0;87.3;4;2;0;6.7
M065;13/07/2026;Group Stage;P00419;Thiago Novak;France;Panama;DEF;27;TRUE;81;0;0;97.7;3;1;0;7.0
M065;13/07/2026;Group Stage;P00430;Chidi Mbeki;France;Panama;MID;24;TRUE;87;0;0;98.7;1;0;0;7.0
M065;13/07/2026;Group Stage;P00420;Alex Garcia;France;Panama;DEF;18;TRUE;74;0;0;99.0;2;2;0;6.6
M065;13/07/2026;Group Stage;P00437;Jonas Nasser;France;Panama;FWD;28;FALSE;6;0;0;83.2;2;1;0;6.5
M065;13/07/2026;Group Stage;P00432;Ruben Petit;France;Panama;MID;29;FALSE;18;0;0;82.3;0;1;0;5.5
M065;13/07/2026;Group Stage;P00436;Gabriel Fernandez;France;Panama;FWD;22;FALSE;17;0;0;80.3;1;1;0;6.1
M065;13/07/2026;Group Stage;P00423;Ahmed Balde;France;Panama;DEF;27;FALSE;22;0;0;74.5;2;0;0;6.6
M065;13/07/2026;Group Stage;P00422;Victor Berg;France;Panama;DEF;20;FALSE;21;0;0;95.8;0;0;0;6.6
M065;13/07/2026;Group Stage;P00434;Ali Popov;France;Panama;FWD;28;FALSE;17;0;0;93.3;0;0;0;6.0
M065;13/07/2026;Group Stage;P00427;Samuel Martins;France;Panama;MID;20;FALSE;26;0;0;84.6;0;0;0;6.3
M065;13/07/2026;Group Stage;P00714;Noah Andersson;Panama;France;GK;34;TRUE;84;0;0;75.2;0;0;6;6.5
M065;13/07/2026;Group Stage;P00718;Elias Horvat;Panama;France;DEF;20;TRUE;80;0;0;84.4;2;2;0;5.5
M065;13/07/2026;Group Stage;P00729;Noah Berg;Panama;France;MID;25;TRUE;66;0;0;78.3;2;0;0;5.5
M065;13/07/2026;Group Stage;P00725;Leon Toure;Panama;France;MID;29;TRUE;89;0;0;87.6;1;1;0;6.2
M065;13/07/2026;Group Stage;P00719;Kwame Kovac;Panama;France;DEF;25;TRUE;83;0;0;79.6;3;4;0;5.9
M065;13/07/2026;Group Stage;P00724;Victor Toure;Panama;France;DEF;26;TRUE;71;0;0;86.3;2;1;0;6.8
M065;13/07/2026;Group Stage;P00717;Jonas Nkomo;Panama;France;DEF;24;TRUE;90;0;0;86.8;4;1;0;6.8
M065;13/07/2026;Group Stage;P00736;Elias Costa;Panama;France;FWD;29;TRUE;90;0;0;89.1;1;0;0;6.5
M065;13/07/2026;Group Stage;P00721;Leon Muller;Panama;France;DEF;18;TRUE;83;0;0;78.9;6;2;0;6.7
M065;13/07/2026;Group Stage;P00731;Adama Benali;Panama;France;MID;20;TRUE;88;0;0;81.6;2;3;0;6.5
M065;13/07/2026;Group Stage;P00735;Amir Wagner;Panama;France;FWD;30;TRUE;80;0;0;93.8;0;1;0;5.3
M065;13/07/2026;Group Stage;P00723;Daniel Horvat;Panama;France;DEF;18;FALSE;23;0;0;76.2;1;0;0;6.3
M065;13/07/2026;Group Stage;P00728;Ruben Farah;Panama;France;MID;31;FALSE;25;0;0;80.7;1;0;0;6.2
M065;13/07/2026;Group Stage;P00733;Gabriel Toure;Panama;France;FWD;29;FALSE;18;0;0;87.7;0;0;0;5.9
M065;13/07/2026;Group Stage;P00727;Samuel Fernandez;Panama;France;MID;24;FALSE;18;0;0;90.6;0;0;0;6.3
M065;13/07/2026;Group Stage;P00732;Gabriel Reyes;Panama;France;MID;18;FALSE;13;0;0;93.1;0;2;0;6.6
M065;13/07/2026;Group Stage;P00722;Amir Diallo;Panama;France;DEF;24;FALSE;24;0;0;71.7;0;0;0;6.2
M065;13/07/2026;Group Stage;P00730;Ali Lopez;Panama;France;MID;21;FALSE;22;0;0;83.7;2;1;0;7.3
M066;13/07/2026;Group Stage;P00485;Julian Torres;Iran;Ghana;GK;24;TRUE;83;0;0;65.8;0;0;5;6.6
M066;13/07/2026;Group Stage;P00495;Gabriel Costa;Iran;Ghana;MID;20;TRUE;87;0;0;86.3;0;2;0;5.8
M066;13/07/2026;Group Stage;P00498;Ruben Kovac;Iran;Ghana;MID;25;TRUE;90;0;0;88.3;2;0;0;6.5
M066;13/07/2026;Group Stage;P00505;Ali Haddad;Iran;Ghana;FWD;22;TRUE;77;0;0;91.9;1;0;0;6.0
M066;13/07/2026;Group Stage;P00492;Carlos Almeida;Iran;Ghana;DEF;29;TRUE;84;0;0;91.5;3;0;0;6.4
M066;13/07/2026;Group Stage;P00490;Karim Horvat;Iran;Ghana;DEF;26;TRUE;87;0;0;81.2;2;1;0;6.4
M066;13/07/2026;Group Stage;P00500;Gabriel Petit;Iran;Ghana;MID;27;TRUE;86;0;0;82.9;3;1;0;7.0
M066;13/07/2026;Group Stage;P00502;Erik Nasser;Iran;Ghana;MID;18;TRUE;75;0;0;83.0;1;0;0;6.2
M066;13/07/2026;Group Stage;P00499;Victor Farah;Iran;Ghana;MID;20;TRUE;90;0;0;97.1;1;0;0;7.4
M066;13/07/2026;Group Stage;P00489;Erik Sato;Iran;Ghana;DEF;24;TRUE;76;0;0;79.7;2;2;0;6.6
M066;13/07/2026;Group Stage;P00491;Kofi Silva;Iran;Ghana;DEF;23;TRUE;81;0;0;87.0;3;0;0;6.6
M066;13/07/2026;Group Stage;P00501;Yuki Kovac;Iran;Ghana;MID;32;FALSE;23;0;0;87.7;2;1;0;6.4
M066;13/07/2026;Group Stage;P00487;Mateus Petit;Iran;Ghana;DEF;23;FALSE;26;0;0;88.7;2;0;0;6.6
M066;13/07/2026;Group Stage;P00494;Andres Schmidt;Iran;Ghana;DEF;24;FALSE;5;0;0;81.8;0;0;0;6.9
M066;13/07/2026;Group Stage;P00497;Ruben Reyes;Iran;Ghana;MID;30;FALSE;16;0;0;93.7;0;1;0;5.6
M066;13/07/2026;Group Stage;P00488;Amir Toure;Iran;Ghana;DEF;25;FALSE;24;0;0;74.3;1;0;0;6.0
M066;13/07/2026;Group Stage;P00506;Omar Horvat;Iran;Ghana;FWD;27;FALSE;6;0;0;75.5;2;1;0;5.4
M066;13/07/2026;Group Stage;P00503;Sven Balde;Iran;Ghana;FWD;27;FALSE;28;0;0;82.7;0;1;0;6.1
M066;13/07/2026;Group Stage;P00462;Gabriel Berg;Ghana;Iran;GK;24;TRUE;81;0;0;82.4;0;0;3;6.7
M066;13/07/2026;Group Stage;P00471;Nikolai Costa;Ghana;Iran;DEF;28;TRUE;84;0;0;85.2;1;3;0;5.3
M066;13/07/2026;Group Stage;P00479;Emre Mensah;Ghana;Iran;MID;27;TRUE;90;0;0;90.5;4;2;0;6.3
M066;13/07/2026;Group Stage;P00472;Marco Horvat;Ghana;Iran;MID;26;TRUE;90;1;0;95.3;2;0;0;7.7
M066;13/07/2026;Group Stage;P00464;Luca Hassan;Ghana;Iran;DEF;22;TRUE;90;0;0;97.6;3;1;0;6.7
M066;13/07/2026;Group Stage;P00465;Kwame Haddad;Ghana;Iran;DEF;28;TRUE;72;0;0;88.5;2;0;0;5.8
M066;13/07/2026;Group Stage;P00482;Kwame Balde;Ghana;Iran;FWD;29;TRUE;88;0;0;85.2;0;2;0;6.2
M066;13/07/2026;Group Stage;P00474;Amir Eriksen;Ghana;Iran;MID;26;TRUE;74;0;0;94.8;3;1;0;5.8
M066;13/07/2026;Group Stage;P00470;Amir Ferreira;Ghana;Iran;DEF;25;TRUE;83;0;0;99.0;0;3;0;6.4
M066;13/07/2026;Group Stage;P00469;Mateus Popov;Ghana;Iran;DEF;26;TRUE;90;0;0;96.4;2;1;0;6.2
M066;13/07/2026;Group Stage;P00467;Samuel Toure;Ghana;Iran;DEF;26;TRUE;73;0;0;83.3;0;0;0;7.0
M066;13/07/2026;Group Stage;P00476;Julian Balde;Ghana;Iran;MID;29;FALSE;25;0;0;91.7;0;0;0;6.8
M066;13/07/2026;Group Stage;P00466;Tarek Torres;Ghana;Iran;DEF;30;FALSE;28;0;0;81.7;2;2;0;7.2
M066;13/07/2026;Group Stage;P00480;Carlos Hassan;Ghana;Iran;FWD;22;FALSE;7;0;0;96.7;1;0;0;5.6
M066;13/07/2026;Group Stage;P00475;Marco Wagner;Ghana;Iran;MID;21;FALSE;21;0;0;87.3;2;0;0;5.2
M066;13/07/2026;Group Stage;P00478;Ivan Reyes;Ghana;Iran;MID;21;FALSE;15;0;0;78.9;1;0;0;6.4
M066;13/07/2026;Group Stage;P00481;Josef Weiss;Ghana;Iran;FWD;30;FALSE;15;0;0;80.8;0;0;0;5.3
M066;13/07/2026;Group Stage;P00483;Tarek Petit;Ghana;Iran;FWD;25;FALSE;26;0;1;94.0;0;1;0;7.5
M067;14/07/2026;Group Stage;P00645;Lucas Osei;Morocco;Colombia;GK;24;TRUE;81;0;0;69.1;0;0;3;5.9
M067;14/07/2026;Group Stage;P00660;Ismael Yilmaz;Morocco;Colombia;MID;18;TRUE;78;0;0;93.2;2;1;0;6.5
M067;14/07/2026;Group Stage;P00651;Lucas Sato;Morocco;Colombia;DEF;25;TRUE;89;0;0;92.7;1;0;0;7.3
M067;14/07/2026;Group Stage;P00663;Yusuf Sato;Morocco;Colombia;MID;32;TRUE;82;1;0;92.2;0;0;0;7.1
M067;14/07/2026;Group Stage;P00665;Luca Silva;Morocco;Colombia;FWD;24;TRUE;90;0;0;85.1;3;1;0;5.8
M067;14/07/2026;Group Stage;P00653;Noah Costa;Morocco;Colombia;DEF;23;TRUE;76;0;0;89.2;4;2;0;5.3
M067;14/07/2026;Group Stage;P00662;Anders Costa;Morocco;Colombia;MID;21;TRUE;87;0;0;86.4;2;2;0;5.9
M067;14/07/2026;Group Stage;P00666;Pedro Costa;Morocco;Colombia;FWD;20;TRUE;90;0;0;86.7;0;1;0;5.9
M067;14/07/2026;Group Stage;P00654;Alex Larsen;Morocco;Colombia;DEF;26;TRUE;75;0;0;83.3;3;3;0;6.1
M067;14/07/2026;Group Stage;P00655;Kwame Reyes;Morocco;Colombia;DEF;32;TRUE;90;0;0;87.0;3;2;0;6.4
M067;14/07/2026;Group Stage;P00648;Erik Kim;Morocco;Colombia;DEF;25;TRUE;73;0;0;88.6;1;0;0;5.8
M067;14/07/2026;Group Stage;P00650;Adama Kovacevic;Morocco;Colombia;DEF;25;FALSE;18;0;0;86.6;2;0;0;6.8
M067;14/07/2026;Group Stage;P00656;Sergio Eriksen;Morocco;Colombia;MID;26;FALSE;27;0;1;77.4;1;0;0;7.2
M067;14/07/2026;Group Stage;P00667;Nikolai Torres;Morocco;Colombia;FWD;27;FALSE;10;0;0;73.4;0;0;0;5.8
M067;14/07/2026;Group Stage;P00652;Rafael Dubois;Morocco;Colombia;DEF;31;FALSE;24;0;0;84.3;1;0;0;6.6
M067;14/07/2026;Group Stage;P00659;Pedro Reyes;Morocco;Colombia;MID;33;FALSE;6;0;0;87.2;0;1;0;5.8
M067;14/07/2026;Group Stage;P00664;Ali Nkomo;Morocco;Colombia;FWD;27;FALSE;24;0;0;74.4;0;1;0;7.2
M067;14/07/2026;Group Stage;P00657;Kevin Dubois;Morocco;Colombia;MID;28;FALSE;6;0;0;75.7;0;0;0;5.6
M067;14/07/2026;Group Stage;P00210;Luca Torres;Colombia;Morocco;GK;25;TRUE;75;0;0;64.1;0;0;0;5.9
M067;14/07/2026;Group Stage;P00212;Kevin Cruz;Colombia;Morocco;DEF;24;TRUE;80;0;0;88.9;1;0;0;5.9
M067;14/07/2026;Group Stage;P00213;Jonas Nakamura;Colombia;Morocco;DEF;28;TRUE;90;0;0;82.8;2;1;0;6.5
M067;14/07/2026;Group Stage;P00227;Diego Yilmaz;Colombia;Morocco;FWD;28;TRUE;88;1;1;76.5;1;2;0;7.6
M067;14/07/2026;Group Stage;P00218;Julian Kovacevic;Colombia;Morocco;DEF;26;TRUE;76;0;0;88.0;3;0;0;6.8
M067;14/07/2026;Group Stage;P00226;Ali Petit;Colombia;Morocco;MID;26;TRUE;81;0;0;87.9;2;0;0;6.9
M067;14/07/2026;Group Stage;P00222;Diego Popov;Colombia;Morocco;MID;32;TRUE;81;1;0;89.8;1;1;0;7.5
M067;14/07/2026;Group Stage;P00214;Jonas Larsen;Colombia;Morocco;DEF;24;TRUE;72;0;0;92.3;0;2;0;6.5
M067;14/07/2026;Group Stage;P00220;Erik Berg;Colombia;Morocco;MID;28;TRUE;74;0;0;87.9;1;1;0;5.9
M067;14/07/2026;Group Stage;P00223;Nikolai Schmidt;Colombia;Morocco;MID;25;TRUE;90;0;0;88.7;3;0;0;6.0
M067;14/07/2026;Group Stage;P00217;Daniel Kim;Colombia;Morocco;DEF;23;TRUE;85;0;0;79.6;1;3;0;6.1
M067;14/07/2026;Group Stage;P00215;Julian Lopez;Colombia;Morocco;DEF;27;FALSE;10;0;1;72.5;1;1;0;7.8
M067;14/07/2026;Group Stage;P00211;Mateus Berg;Colombia;Morocco;DEF;21;FALSE;9;0;0;77.5;0;0;0;6.3
M067;14/07/2026;Group Stage;P00225;Ruben Haddad;Colombia;Morocco;MID;21;FALSE;29;0;0;88.0;0;0;0;6.8
M067;14/07/2026;Group Stage;P00221;Ahmed Martins;Colombia;Morocco;MID;26;FALSE;25;0;0;93.5;0;1;0;6.6
M067;14/07/2026;Group Stage;P00229;Gabriel Kamara;Colombia;Morocco;FWD;25;FALSE;12;0;0;85.4;0;1;0;6.2
M067;14/07/2026;Group Stage;P00230;Omar Johnson;Colombia;Morocco;FWD;28;FALSE;22;0;1;91.5;1;1;0;7.2
M067;14/07/2026;Group Stage;P00228;Noah Farah;Colombia;Morocco;FWD;23;FALSE;12;2;0;87.9;0;0;0;9.1
M068;14/07/2026;Group Stage;P00531;Pedro Mensah;Ivory Coast;Bosnia and Herzegovina;GK;28;TRUE;90;0;0;78.5;0;0;2;6.5
M068;14/07/2026;Group Stage;P00537;Thiago Torres;Ivory Coast;Bosnia and Herzegovina;DEF;31;TRUE;73;0;1;87.7;2;1;0;7.7
M068;14/07/2026;Group Stage;P00535;Ivan Diallo;Ivory Coast;Bosnia and Herzegovina;DEF;26;TRUE;90;0;1;81.3;3;0;0;7.2
M068;14/07/2026;Group Stage;P00547;Ruben Osei;Ivory Coast;Bosnia and Herzegovina;MID;25;TRUE;88;0;0;96.3;0;3;0;5.9
M068;14/07/2026;Group Stage;P00543;Erik Schmidt;Ivory Coast;Bosnia and Herzegovina;MID;29;TRUE;88;1;0;82.2;1;1;0;7.4
M068;14/07/2026;Group Stage;P00536;Victor Dubois;Ivory Coast;Bosnia and Herzegovina;DEF;21;TRUE;87;0;0;85.3;1;0;0;5.7
M068;14/07/2026;Group Stage;P00548;Emre Popov;Ivory Coast;Bosnia and Herzegovina;MID;26;TRUE;82;1;0;84.5;4;0;0;8.1
M068;14/07/2026;Group Stage;P00552;Omar Lopez;Ivory Coast;Bosnia and Herzegovina;FWD;22;TRUE;61;0;0;90.7;2;2;0;7.3
M068;14/07/2026;Group Stage;P00549;Kwame Sato;Ivory Coast;Bosnia and Herzegovina;FWD;27;TRUE;86;0;0;98.0;1;0;0;6.9
M068;14/07/2026;Group Stage;P00538;Tomas Sato;Ivory Coast;Bosnia and Herzegovina;DEF;26;TRUE;85;0;0;94.8;1;1;0;6.5
M068;14/07/2026;Group Stage;P00534;Ivan Lopez;Ivory Coast;Bosnia and Herzegovina;DEF;20;TRUE;82;0;0;93.5;6;1;0;7.1
M068;14/07/2026;Group Stage;P00539;Leon Haddad;Ivory Coast;Bosnia and Herzegovina;DEF;21;FALSE;14;0;0;83.5;0;0;0;6.6
M068;14/07/2026;Group Stage;P00546;Ismael Martins;Ivory Coast;Bosnia and Herzegovina;MID;27;FALSE;14;0;0;84.3;0;0;0;5.6
M068;14/07/2026;Group Stage;P00550;Chidi Rossi;Ivory Coast;Bosnia and Herzegovina;FWD;25;FALSE;19;0;0;93.9;2;1;0;7.2
M068;14/07/2026;Group Stage;P00540;Ivan Tanaka;Ivory Coast;Bosnia and Herzegovina;DEF;24;FALSE;27;0;0;83.4;2;0;0;6.4
M068;14/07/2026;Group Stage;P00551;Kofi Alves;Ivory Coast;Bosnia and Herzegovina;FWD;29;FALSE;17;0;0;81.9;1;0;0;5.7
M068;14/07/2026;Group Stage;P00542;Daniel Berg;Ivory Coast;Bosnia and Herzegovina;MID;25;FALSE;5;0;0;81.9;0;0;0;6.2
M068;14/07/2026;Group Stage;P00533;Alex Sato;Ivory Coast;Bosnia and Herzegovina;DEF;22;FALSE;16;0;0;79.5;0;0;0;6.2
M068;14/07/2026;Group Stage;P00118;Leon Garcia;Bosnia and Herzegovina;Ivory Coast;GK;24;TRUE;74;0;0;77.3;0;0;0;6.1
M068;14/07/2026;Group Stage;P00126;Noah Souza;Bosnia and Herzegovina;Ivory Coast;DEF;29;TRUE;78;0;0;90.6;0;3;0;6.0
M068;14/07/2026;Group Stage;P00134;Daniel Yilmaz;Bosnia and Herzegovina;Ivory Coast;MID;26;TRUE;67;1;1;88.1;0;0;0;7.6
M068;14/07/2026;Group Stage;P00123;Lucas Kovacevic;Bosnia and Herzegovina;Ivory Coast;DEF;28;TRUE;82;0;0;90.2;0;1;0;5.9
M068;14/07/2026;Group Stage;P00130;Karim Kovacevic;Bosnia and Herzegovina;Ivory Coast;MID;27;TRUE;80;0;0;91.0;2;2;0;5.9
M068;14/07/2026;Group Stage;P00136;Ismael Horvat;Bosnia and Herzegovina;Ivory Coast;FWD;18;TRUE;82;0;1;90.1;0;0;0;6.2
M068;14/07/2026;Group Stage;P00125;Amir Nkomo;Bosnia and Herzegovina;Ivory Coast;DEF;25;TRUE;70;0;0;98.7;1;1;0;6.5
M068;14/07/2026;Group Stage;P00131;Omar Fernandez;Bosnia and Herzegovina;Ivory Coast;MID;23;TRUE;79;0;0;88.6;2;0;0;7.0
M068;14/07/2026;Group Stage;P00124;Luca Novak;Bosnia and Herzegovina;Ivory Coast;DEF;26;TRUE;83;0;0;85.2;2;3;0;7.2
M068;14/07/2026;Group Stage;P00135;Jonas Alves;Bosnia and Herzegovina;Ivory Coast;FWD;21;TRUE;78;0;0;90.3;0;0;0;6.4
M068;14/07/2026;Group Stage;P00119;Noah Muller;Bosnia and Herzegovina;Ivory Coast;DEF;23;TRUE;86;0;0;99.0;1;0;0;5.3
M068;14/07/2026;Group Stage;P00129;Ivan Souza;Bosnia and Herzegovina;Ivory Coast;MID;29;FALSE;26;0;1;86.7;1;1;0;6.3
M068;14/07/2026;Group Stage;P00122;Samuel Souza;Bosnia and Herzegovina;Ivory Coast;DEF;22;FALSE;18;1;0;91.2;0;1;0;8.0
M068;14/07/2026;Group Stage;P00127;Daniel Kovac;Bosnia and Herzegovina;Ivory Coast;MID;27;FALSE;15;2;0;91.6;0;0;0;9.2
M068;14/07/2026;Group Stage;P00120;Chidi Alves;Bosnia and Herzegovina;Ivory Coast;DEF;32;FALSE;12;0;0;76.2;1;1;0;6.6
M068;14/07/2026;Group Stage;P00128;Sergio Kovacevic;Bosnia and Herzegovina;Ivory Coast;MID;27;FALSE;14;0;0;89.1;1;1;0;5.3
M068;14/07/2026;Group Stage;P00133;Josef Almeida;Bosnia and Herzegovina;Ivory Coast;MID;23;FALSE;6;0;0;89.2;0;0;0;6.8
M068;14/07/2026;Group Stage;P00132;Rafael Yilmaz;Bosnia and Herzegovina;Ivory Coast;MID;24;FALSE;27;0;0;73.8;0;0;0;6.3
M069;15/07/2026;Group Stage;P00647;Adama Cruz;Morocco;Ivory Coast;GK;27;TRUE;90;0;0;68.7;0;0;3;6.4
M069;15/07/2026;Group Stage;P00654;Alex Larsen;Morocco;Ivory Coast;DEF;26;TRUE;71;0;0;86.3;5;1;0;6.6
M069;15/07/2026;Group Stage;P00650;Adama Kovacevic;Morocco;Ivory Coast;DEF;25;TRUE;78;0;0;75.9;2;2;0;6.6
M069;15/07/2026;Group Stage;P00660;Ismael Yilmaz;Morocco;Ivory Coast;MID;18;TRUE;81;0;0;90.2;1;0;0;5.9
M069;15/07/2026;Group Stage;P00648;Erik Kim;Morocco;Ivory Coast;DEF;25;TRUE;79;0;0;87.0;3;2;0;6.8
M069;15/07/2026;Group Stage;P00653;Noah Costa;Morocco;Ivory Coast;DEF;23;TRUE;73;0;0;81.9;1;3;0;7.1
M069;15/07/2026;Group Stage;P00664;Ali Nkomo;Morocco;Ivory Coast;FWD;27;TRUE;90;0;0;82.4;3;2;0;5.7
M069;15/07/2026;Group Stage;P00663;Yusuf Sato;Morocco;Ivory Coast;MID;32;TRUE;74;0;0;84.0;1;0;0;6.6
M069;15/07/2026;Group Stage;P00655;Kwame Reyes;Morocco;Ivory Coast;DEF;32;TRUE;76;0;0;98.6;2;0;0;5.8
M069;15/07/2026;Group Stage;P00651;Lucas Sato;Morocco;Ivory Coast;DEF;25;TRUE;86;0;0;83.1;0;2;0;6.2
M069;15/07/2026;Group Stage;P00649;Mohamed Weiss;Morocco;Ivory Coast;DEF;28;TRUE;80;0;0;84.9;1;2;0;6.3
M069;15/07/2026;Group Stage;P00665;Luca Silva;Morocco;Ivory Coast;FWD;24;FALSE;9;0;0;87.6;1;0;0;6.0
M069;15/07/2026;Group Stage;P00661;Victor Petit;Morocco;Ivory Coast;MID;21;FALSE;19;0;0;98.6;0;2;0;6.1
M069;15/07/2026;Group Stage;P00667;Nikolai Torres;Morocco;Ivory Coast;FWD;27;FALSE;16;1;0;78.8;0;0;0;7.5
M069;15/07/2026;Group Stage;P00666;Pedro Costa;Morocco;Ivory Coast;FWD;20;FALSE;9;0;0;82.0;0;0;0;6.8
M069;15/07/2026;Group Stage;P00656;Sergio Eriksen;Morocco;Ivory Coast;MID;26;FALSE;25;0;0;77.6;2;1;0;6.2
M069;15/07/2026;Group Stage;P00659;Pedro Reyes;Morocco;Ivory Coast;MID;33;FALSE;11;0;0;91.8;2;1;0;6.5
M069;15/07/2026;Group Stage;P00662;Anders Costa;Morocco;Ivory Coast;MID;21;FALSE;11;0;1;91.1;0;2;0;5.6
M069;15/07/2026;Group Stage;P00530;Mohamed Balde;Ivory Coast;Morocco;GK;26;TRUE;85;0;0;73.6;0;0;5;6.2
M069;15/07/2026;Group Stage;P00542;Daniel Berg;Ivory Coast;Morocco;MID;25;TRUE;89;0;0;93.3;0;3;0;6.5
M069;15/07/2026;Group Stage;P00547;Ruben Osei;Ivory Coast;Morocco;MID;25;TRUE;74;0;0;88.9;3;2;0;6.2
M069;15/07/2026;Group Stage;P00541;Tarek Kim;Ivory Coast;Morocco;MID;23;TRUE;76;0;0;90.8;0;2;0;6.2
M069;15/07/2026;Group Stage;P00540;Ivan Tanaka;Ivory Coast;Morocco;DEF;24;TRUE;72;0;0;93.5;0;4;0;5.7
M069;15/07/2026;Group Stage;P00543;Erik Schmidt;Ivory Coast;Morocco;MID;29;TRUE;76;0;0;83.5;0;1;0;5.7
M069;15/07/2026;Group Stage;P00533;Alex Sato;Ivory Coast;Morocco;DEF;22;TRUE;84;0;0;92.8;1;2;0;6.0
M069;15/07/2026;Group Stage;P00539;Leon Haddad;Ivory Coast;Morocco;DEF;21;TRUE;83;0;0;89.7;3;2;0;6.5
M069;15/07/2026;Group Stage;P00535;Ivan Diallo;Ivory Coast;Morocco;DEF;26;TRUE;90;0;0;92.0;3;1;0;6.3
M069;15/07/2026;Group Stage;P00538;Tomas Sato;Ivory Coast;Morocco;DEF;26;TRUE;85;0;0;83.8;0;3;0;6.2
M069;15/07/2026;Group Stage;P00546;Ismael Martins;Ivory Coast;Morocco;MID;27;TRUE;84;0;0;90.5;0;2;0;6.2
M069;15/07/2026;Group Stage;P00534;Ivan Lopez;Ivory Coast;Morocco;DEF;20;FALSE;18;0;0;86.1;0;2;0;6.2
M069;15/07/2026;Group Stage;P00548;Emre Popov;Ivory Coast;Morocco;MID;26;FALSE;28;0;0;89.3;0;2;0;7.5
M069;15/07/2026;Group Stage;P00537;Thiago Torres;Ivory Coast;Morocco;DEF;31;FALSE;22;0;0;84.6;0;0;0;6.0
M069;15/07/2026;Group Stage;P00536;Victor Dubois;Ivory Coast;Morocco;DEF;21;FALSE;21;0;0;76.8;3;0;0;6.0
M069;15/07/2026;Group Stage;P00552;Omar Lopez;Ivory Coast;Morocco;FWD;22;FALSE;28;0;0;80.4;0;0;0;6.3
M069;15/07/2026;Group Stage;P00549;Kwame Sato;Ivory Coast;Morocco;FWD;27;FALSE;14;0;0;85.4;1;0;0;6.6
M069;15/07/2026;Group Stage;P00550;Chidi Rossi;Ivory Coast;Morocco;FWD;25;FALSE;17;0;0;96.2;0;1;0;7.0
M070;15/07/2026;Group Stage;P00210;Luca Torres;Colombia;Bosnia and Herzegovina;GK;25;TRUE;84;0;0;75.6;0;0;7;6.3
M070;15/07/2026;Group Stage;P00225;Ruben Haddad;Colombia;Bosnia and Herzegovina;MID;21;TRUE;71;0;0;87.2;0;1;0;6.5
M070;15/07/2026;Group Stage;P00226;Ali Petit;Colombia;Bosnia and Herzegovina;MID;26;TRUE;90;1;0;83.9;0;1;0;7.3
M070;15/07/2026;Group Stage;P00228;Noah Farah;Colombia;Bosnia and Herzegovina;FWD;23;TRUE;79;0;0;82.1;0;1;0;6.3
M070;15/07/2026;Group Stage;P00223;Nikolai Schmidt;Colombia;Bosnia and Herzegovina;MID;25;TRUE;84;0;0;99.0;3;1;0;6.9
M070;15/07/2026;Group Stage;P00215;Julian Lopez;Colombia;Bosnia and Herzegovina;DEF;27;TRUE;76;0;0;82.6;2;2;0;6.5
M070;15/07/2026;Group Stage;P00229;Gabriel Kamara;Colombia;Bosnia and Herzegovina;FWD;25;TRUE;90;0;0;80.2;3;1;0;6.8
M070;15/07/2026;Group Stage;P00214;Jonas Larsen;Colombia;Bosnia and Herzegovina;DEF;24;TRUE;79;0;0;82.8;2;1;0;5.7
M070;15/07/2026;Group Stage;P00219;Karim Reyes;Colombia;Bosnia and Herzegovina;MID;25;TRUE;87;0;0;82.7;0;1;0;6.4
M070;15/07/2026;Group Stage;P00212;Kevin Cruz;Colombia;Bosnia and Herzegovina;DEF;24;TRUE;72;0;0;84.6;1;0;0;5.8
M070;15/07/2026;Group Stage;P00230;Omar Johnson;Colombia;Bosnia and Herzegovina;FWD;28;TRUE;81;0;0;90.4;0;2;0;6.5
M070;15/07/2026;Group Stage;P00221;Ahmed Martins;Colombia;Bosnia and Herzegovina;MID;26;FALSE;7;0;0;93.8;2;1;0;6.2
M070;15/07/2026;Group Stage;P00216;Nikolai Bakker;Colombia;Bosnia and Herzegovina;DEF;23;FALSE;11;0;0;87.0;1;0;0;6.5
M070;15/07/2026;Group Stage;P00224;Mateus Kamara;Colombia;Bosnia and Herzegovina;MID;25;FALSE;5;0;0;75.1;0;1;0;6.5
M070;15/07/2026;Group Stage;P00218;Julian Kovacevic;Colombia;Bosnia and Herzegovina;DEF;26;FALSE;15;0;0;77.8;1;0;0;7.0
M070;15/07/2026;Group Stage;P00213;Jonas Nakamura;Colombia;Bosnia and Herzegovina;DEF;28;FALSE;27;0;0;85.0;0;0;0;6.0
M070;15/07/2026;Group Stage;P00227;Diego Yilmaz;Colombia;Bosnia and Herzegovina;FWD;28;FALSE;7;0;0;89.8;0;0;0;5.9
M070;15/07/2026;Group Stage;P00222;Diego Popov;Colombia;Bosnia and Herzegovina;MID;32;FALSE;28;0;0;80.0;0;1;0;6.6
M070;15/07/2026;Group Stage;P00116;Elias Ferreira;Bosnia and Herzegovina;Colombia;GK;26;TRUE;79;0;0;75.0;0;0;5;6.1
M070;15/07/2026;Group Stage;P00124;Luca Novak;Bosnia and Herzegovina;Colombia;DEF;26;TRUE;79;0;0;89.3;1;5;0;6.1
M070;15/07/2026;Group Stage;P00126;Noah Souza;Bosnia and Herzegovina;Colombia;DEF;29;TRUE;90;0;0;91.1;2;1;0;5.7
M070;15/07/2026;Group Stage;P00132;Rafael Yilmaz;Bosnia and Herzegovina;Colombia;MID;24;TRUE;90;0;0;89.2;1;1;0;6.3
M070;15/07/2026;Group Stage;P00138;Erik Costa;Bosnia and Herzegovina;Colombia;FWD;20;TRUE;78;0;0;86.0;0;2;0;5.9
M070;15/07/2026;Group Stage;P00121;Chidi Benali;Bosnia and Herzegovina;Colombia;DEF;24;TRUE;70;0;0;97.2;2;1;0;6.7
M070;15/07/2026;Group Stage;P00128;Sergio Kovacevic;Bosnia and Herzegovina;Colombia;MID;27;TRUE;87;0;0;86.6;2;2;0;6.3
M070;15/07/2026;Group Stage;P00136;Ismael Horvat;Bosnia and Herzegovina;Colombia;FWD;18;TRUE;84;0;0;87.4;2;1;0;6.0
M070;15/07/2026;Group Stage;P00137;Marcus Torres;Bosnia and Herzegovina;Colombia;FWD;26;TRUE;78;0;0;87.5;1;2;0;6.6
M070;15/07/2026;Group Stage;P00125;Amir Nkomo;Bosnia and Herzegovina;Colombia;DEF;25;TRUE;80;0;0;86.1;1;1;0;7.4
M070;15/07/2026;Group Stage;P00123;Lucas Kovacevic;Bosnia and Herzegovina;Colombia;DEF;28;TRUE;79;0;0;87.6;2;3;0;6.1
M070;15/07/2026;Group Stage;P00135;Jonas Alves;Bosnia and Herzegovina;Colombia;FWD;21;FALSE;13;0;0;84.9;1;0;0;6.0
M070;15/07/2026;Group Stage;P00127;Daniel Kovac;Bosnia and Herzegovina;Colombia;MID;27;FALSE;5;0;0;82.4;2;0;0;6.0
M070;15/07/2026;Group Stage;P00122;Samuel Souza;Bosnia and Herzegovina;Colombia;DEF;22;FALSE;9;0;0;76.8;0;0;0;6.3
M070;15/07/2026;Group Stage;P00130;Karim Kovacevic;Bosnia and Herzegovina;Colombia;MID;27;FALSE;11;0;0;78.5;0;1;0;7.0
M070;15/07/2026;Group Stage;P00133;Josef Almeida;Bosnia and Herzegovina;Colombia;MID;23;FALSE;20;0;0;87.8;0;1;0;5.4
M070;15/07/2026;Group Stage;P00134;Daniel Yilmaz;Bosnia and Herzegovina;Colombia;MID;26;FALSE;6;0;0;89.1;1;0;0;7.2
M070;15/07/2026;Group Stage;P00119;Noah Muller;Bosnia and Herzegovina;Colombia;DEF;23;FALSE;10;0;0;90.2;0;0;0;6.9
M071;16/07/2026;Group Stage;P00645;Lucas Osei;Morocco;Bosnia and Herzegovina;GK;24;TRUE;73;0;0;62.4;0;0;0;5.9
M071;16/07/2026;Group Stage;P00661;Victor Petit;Morocco;Bosnia and Herzegovina;MID;21;TRUE;85;0;0;93.9;0;2;0;6.1
M071;16/07/2026;Group Stage;P00651;Lucas Sato;Morocco;Bosnia and Herzegovina;DEF;25;TRUE;72;0;0;89.4;3;1;0;6.4
M071;16/07/2026;Group Stage;P00648;Erik Kim;Morocco;Bosnia and Herzegovina;DEF;25;TRUE;86;0;0;90.7;1;1;0;7.8
M071;16/07/2026;Group Stage;P00657;Kevin Dubois;Morocco;Bosnia and Herzegovina;MID;28;TRUE;87;0;0;82.5;2;1;0;6.7
M071;16/07/2026;Group Stage;P00650;Adama Kovacevic;Morocco;Bosnia and Herzegovina;DEF;25;TRUE;70;0;0;86.1;3;2;0;7.0
M071;16/07/2026;Group Stage;P00652;Rafael Dubois;Morocco;Bosnia and Herzegovina;DEF;31;TRUE;84;0;0;82.9;5;0;0;6.4
M071;16/07/2026;Group Stage;P00660;Ismael Yilmaz;Morocco;Bosnia and Herzegovina;MID;18;TRUE;90;0;0;87.4;3;1;0;6.8
M071;16/07/2026;Group Stage;P00663;Yusuf Sato;Morocco;Bosnia and Herzegovina;MID;32;TRUE;90;0;0;89.8;0;2;0;6.7
M071;16/07/2026;Group Stage;P00667;Nikolai Torres;Morocco;Bosnia and Herzegovina;FWD;27;TRUE;85;0;0;90.0;1;0;0;6.7
M071;16/07/2026;Group Stage;P00654;Alex Larsen;Morocco;Bosnia and Herzegovina;DEF;26;TRUE;76;0;0;92.9;1;1;0;5.9
M071;16/07/2026;Group Stage;P00653;Noah Costa;Morocco;Bosnia and Herzegovina;DEF;23;FALSE;25;0;0;81.9;2;2;0;6.7
M071;16/07/2026;Group Stage;P00665;Luca Silva;Morocco;Bosnia and Herzegovina;FWD;24;FALSE;24;2;0;76.3;2;0;0;8.1
M071;16/07/2026;Group Stage;P00662;Anders Costa;Morocco;Bosnia and Herzegovina;MID;21;FALSE;18;0;1;85.0;2;2;0;6.9
M071;16/07/2026;Group Stage;P00664;Ali Nkomo;Morocco;Bosnia and Herzegovina;FWD;27;FALSE;24;0;0;88.1;2;1;0;7.0
M071;16/07/2026;Group Stage;P00655;Kwame Reyes;Morocco;Bosnia and Herzegovina;DEF;32;FALSE;25;1;0;74.1;0;0;0;7.6
M071;16/07/2026;Group Stage;P00658;Felix Nakamura;Morocco;Bosnia and Herzegovina;MID;23;FALSE;24;0;0;77.8;2;0;0;6.9
M071;16/07/2026;Group Stage;P00649;Mohamed Weiss;Morocco;Bosnia and Herzegovina;DEF;28;FALSE;14;0;1;82.2;1;1;0;6.5
M071;16/07/2026;Group Stage;P00118;Leon Garcia;Bosnia and Herzegovina;Morocco;GK;24;TRUE;88;0;0;74.3;0;0;6;7.4
M071;16/07/2026;Group Stage;P00125;Amir Nkomo;Bosnia and Herzegovina;Morocco;DEF;25;TRUE;78;0;0;94.9;3;2;0;6.8
M071;16/07/2026;Group Stage;P00132;Rafael Yilmaz;Bosnia and Herzegovina;Morocco;MID;24;TRUE;90;0;0;88.2;1;0;0;6.9
M071;16/07/2026;Group Stage;P00121;Chidi Benali;Bosnia and Herzegovina;Morocco;DEF;24;TRUE;90;0;0;95.7;3;2;0;6.2
M071;16/07/2026;Group Stage;P00127;Daniel Kovac;Bosnia and Herzegovina;Morocco;MID;27;TRUE;88;0;0;87.0;1;0;0;5.9
M071;16/07/2026;Group Stage;P00131;Omar Fernandez;Bosnia and Herzegovina;Morocco;MID;23;TRUE;86;0;0;88.8;3;1;0;7.8
M071;16/07/2026;Group Stage;P00136;Ismael Horvat;Bosnia and Herzegovina;Morocco;FWD;18;TRUE;86;0;0;86.8;3;1;0;7.1
M071;16/07/2026;Group Stage;P00137;Marcus Torres;Bosnia and Herzegovina;Morocco;FWD;26;TRUE;77;0;0;81.8;5;2;0;6.7
M071;16/07/2026;Group Stage;P00130;Karim Kovacevic;Bosnia and Herzegovina;Morocco;MID;27;TRUE;80;0;0;85.4;1;1;0;6.6
M071;16/07/2026;Group Stage;P00123;Lucas Kovacevic;Bosnia and Herzegovina;Morocco;DEF;28;TRUE;71;0;0;96.1;3;3;0;5.9
M071;16/07/2026;Group Stage;P00129;Ivan Souza;Bosnia and Herzegovina;Morocco;MID;29;TRUE;81;0;0;85.6;1;0;0;6.9
M071;16/07/2026;Group Stage;P00124;Luca Novak;Bosnia and Herzegovina;Morocco;DEF;26;FALSE;14;0;0;74.9;0;0;0;6.8
M071;16/07/2026;Group Stage;P00133;Josef Almeida;Bosnia and Herzegovina;Morocco;MID;23;FALSE;20;0;0;82.1;0;1;0;5.7
M071;16/07/2026;Group Stage;P00128;Sergio Kovacevic;Bosnia and Herzegovina;Morocco;MID;27;FALSE;13;0;0;89.9;0;0;0;5.9
M071;16/07/2026;Group Stage;P00126;Noah Souza;Bosnia and Herzegovina;Morocco;DEF;29;FALSE;9;0;0;85.8;1;0;0;6.0
M071;16/07/2026;Group Stage;P00122;Samuel Souza;Bosnia and Herzegovina;Morocco;DEF;22;FALSE;8;0;0;78.8;2;0;0;7.2
M071;16/07/2026;Group Stage;P00119;Noah Muller;Bosnia and Herzegovina;Morocco;DEF;23;FALSE;8;0;0;86.5;1;1;0;6.4
M071;16/07/2026;Group Stage;P00135;Jonas Alves;Bosnia and Herzegovina;Morocco;FWD;21;FALSE;27;0;0;86.2;0;1;0;6.6
M072;16/07/2026;Group Stage;P00210;Luca Torres;Colombia;Ivory Coast;GK;25;TRUE;84;0;0;64.3;0;0;3;6.1
M072;16/07/2026;Group Stage;P00226;Ali Petit;Colombia;Ivory Coast;MID;26;TRUE;90;0;0;78.7;2;0;0;6.3
M072;16/07/2026;Group Stage;P00217;Daniel Kim;Colombia;Ivory Coast;DEF;23;TRUE;90;1;0;81.9;0;3;0;8.2
M072;16/07/2026;Group Stage;P00221;Ahmed Martins;Colombia;Ivory Coast;MID;26;TRUE;90;1;0;82.5;2;2;0;7.6
M072;16/07/2026;Group Stage;P00211;Mateus Berg;Colombia;Ivory Coast;DEF;21;TRUE;83;0;0;83.5;3;3;0;6.7
M072;16/07/2026;Group Stage;P00225;Ruben Haddad;Colombia;Ivory Coast;MID;21;TRUE;90;0;0;86.0;0;1;0;6.0
M072;16/07/2026;Group Stage;P00218;Julian Kovacevic;Colombia;Ivory Coast;DEF;26;TRUE;76;0;1;78.5;2;2;0;6.8
M072;16/07/2026;Group Stage;P00216;Nikolai Bakker;Colombia;Ivory Coast;DEF;23;TRUE;67;0;0;90.5;3;3;0;6.5
M072;16/07/2026;Group Stage;P00228;Noah Farah;Colombia;Ivory Coast;FWD;23;TRUE;81;0;0;95.0;1;1;0;6.7
M072;16/07/2026;Group Stage;P00222;Diego Popov;Colombia;Ivory Coast;MID;32;TRUE;78;0;0;91.2;2;3;0;5.7
M072;16/07/2026;Group Stage;P00223;Nikolai Schmidt;Colombia;Ivory Coast;MID;25;TRUE;75;1;0;97.4;3;0;0;7.2
M072;16/07/2026;Group Stage;P00214;Jonas Larsen;Colombia;Ivory Coast;DEF;24;FALSE;6;0;0;91.6;0;1;0;6.1
M072;16/07/2026;Group Stage;P00227;Diego Yilmaz;Colombia;Ivory Coast;FWD;28;FALSE;6;0;0;84.6;1;1;0;5.7
M072;16/07/2026;Group Stage;P00220;Erik Berg;Colombia;Ivory Coast;MID;28;FALSE;6;0;0;72.8;1;0;0;5.6
M072;16/07/2026;Group Stage;P00224;Mateus Kamara;Colombia;Ivory Coast;MID;25;FALSE;13;0;0;80.3;3;0;0;5.5
M072;16/07/2026;Group Stage;P00213;Jonas Nakamura;Colombia;Ivory Coast;DEF;28;FALSE;10;0;1;85.4;1;0;0;6.3
M072;16/07/2026;Group Stage;P00215;Julian Lopez;Colombia;Ivory Coast;DEF;27;FALSE;9;0;0;84.5;1;0;0;6.8
M072;16/07/2026;Group Stage;P00212;Kevin Cruz;Colombia;Ivory Coast;DEF;24;FALSE;22;0;0;87.6;1;1;0;6.9
M072;16/07/2026;Group Stage;P00532;Leon Kamara;Ivory Coast;Colombia;GK;27;TRUE;79;0;0;73.7;0;0;0;6.8
M072;16/07/2026;Group Stage;P00540;Ivan Tanaka;Ivory Coast;Colombia;DEF;24;TRUE;90;0;0;96.6;0;2;0;5.9
M072;16/07/2026;Group Stage;P00544;Omar Mbeki;Ivory Coast;Colombia;MID;20;TRUE;81;0;0;81.1;0;1;0;6.2
M072;16/07/2026;Group Stage;P00551;Kofi Alves;Ivory Coast;Colombia;FWD;29;TRUE;80;1;0;88.6;2;1;0;7.8
M072;16/07/2026;Group Stage;P00545;Samuel Kovac;Ivory Coast;Colombia;MID;18;TRUE;90;0;1;91.9;2;1;0;7.2
M072;16/07/2026;Group Stage;P00548;Emre Popov;Ivory Coast;Colombia;MID;26;TRUE;83;0;0;77.2;4;2;0;7.0
M072;16/07/2026;Group Stage;P00549;Kwame Sato;Ivory Coast;Colombia;FWD;27;TRUE;86;0;0;93.9;1;0;0;6.0
M072;16/07/2026;Group Stage;P00538;Tomas Sato;Ivory Coast;Colombia;DEF;26;TRUE;79;0;0;96.5;4;3;0;6.3
M072;16/07/2026;Group Stage;P00535;Ivan Diallo;Ivory Coast;Colombia;DEF;26;TRUE;90;0;0;87.1;2;3;0;7.0
M072;16/07/2026;Group Stage;P00536;Victor Dubois;Ivory Coast;Colombia;DEF;21;TRUE;83;0;0;78.6;1;3;0;7.1
M072;16/07/2026;Group Stage;P00543;Erik Schmidt;Ivory Coast;Colombia;MID;29;TRUE;87;0;0;88.7;0;1;0;6.6
M072;16/07/2026;Group Stage;P00539;Leon Haddad;Ivory Coast;Colombia;DEF;21;FALSE;14;0;0;91.3;1;0;0;6.5
M072;16/07/2026;Group Stage;P00541;Tarek Kim;Ivory Coast;Colombia;MID;23;FALSE;5;1;1;74.7;1;1;0;7.5
M072;16/07/2026;Group Stage;P00534;Ivan Lopez;Ivory Coast;Colombia;DEF;20;FALSE;14;0;0;88.1;1;1;0;6.5
M072;16/07/2026;Group Stage;P00533;Alex Sato;Ivory Coast;Colombia;DEF;22;FALSE;27;0;0;80.7;1;0;0;6.2
M072;16/07/2026;Group Stage;P00550;Chidi Rossi;Ivory Coast;Colombia;FWD;25;FALSE;20;0;0;81.6;0;0;0;6.4
M072;16/07/2026;Group Stage;P00547;Ruben Osei;Ivory Coast;Colombia;MID;25;FALSE;10;1;1;90.8;1;1;0;8.8
M072;16/07/2026;Group Stage;P00552;Omar Lopez;Ivory Coast;Colombia;FWD;22;FALSE;5;1;0;86.3;2;0;0;7.3
M073;17/07/2026;Round of 32;P01037;Tomas Larsen;USA;Mexico;GK;27;TRUE;90;0;0;65.1;0;0;3;7.1
M073;17/07/2026;Round of 32;P01052;Thiago Nkomo;USA;Mexico;MID;28;TRUE;84;0;0;81.9;1;2;0;6.9
M073;17/07/2026;Round of 32;P01049;Karim Mensah;USA;Mexico;MID;21;TRUE;77;0;0;87.2;4;2;0;7.3
M073;17/07/2026;Round of 32;P01044;Tomas Weiss;USA;Mexico;DEF;26;TRUE;90;0;0;87.1;3;1;0;6.6
M073;17/07/2026;Round of 32;P01054;Kofi Osei;USA;Mexico;MID;29;TRUE;90;0;0;92.5;1;0;0;6.5
M073;17/07/2026;Round of 32;P01039;Elias Nkomo;USA;Mexico;DEF;29;TRUE;65;0;0;87.9;4;1;0;5.6
M073;17/07/2026;Round of 32;P01057;Ali Bakker;USA;Mexico;FWD;26;TRUE;82;0;0;85.0;3;0;0;6.5
M073;17/07/2026;Round of 32;P01053;Elias Rossi;USA;Mexico;MID;22;TRUE;78;0;0;94.3;2;0;0;6.8
M073;17/07/2026;Round of 32;P01051;Yuki Mensah;USA;Mexico;MID;20;TRUE;81;0;0;95.0;2;2;0;6.3
M073;17/07/2026;Round of 32;P01041;Kevin Nakamura;USA;Mexico;DEF;24;TRUE;81;0;0;85.8;2;0;0;7.2
M073;17/07/2026;Round of 32;P01045;Karim Yilmaz;USA;Mexico;DEF;20;TRUE;84;0;0;88.9;0;0;0;5.9
M073;17/07/2026;Round of 32;P01048;Kofi Hassan;USA;Mexico;MID;20;FALSE;10;0;0;90.0;1;0;0;5.9
M073;17/07/2026;Round of 32;P01042;Andres Kovacevic;USA;Mexico;DEF;20;FALSE;28;0;0;89.7;0;0;0;6.2
M073;17/07/2026;Round of 32;P01047;Emre Toure;USA;Mexico;MID;25;FALSE;24;0;0;96.8;1;1;0;6.8
M073;17/07/2026;Round of 32;P01050;Mohamed Sato;USA;Mexico;MID;22;FALSE;14;1;0;81.8;3;1;0;6.6
M073;17/07/2026;Round of 32;P01055;Karim Schmidt;USA;Mexico;FWD;29;FALSE;17;0;0;86.6;1;0;0;6.0
M073;17/07/2026;Round of 32;P01056;Miguel Horvat;USA;Mexico;FWD;21;FALSE;26;0;0;99.0;1;0;0;6.4
M073;17/07/2026;Round of 32;P01058;Omar Costa;USA;Mexico;FWD;24;FALSE;25;0;0;83.9;1;0;0;6.6
M073;17/07/2026;Round of 32;P00622;Victor Andersson;Mexico;USA;GK;28;TRUE;90;0;0;77.1;0;0;3;6.9
M073;17/07/2026;Round of 32;P00636;Marcus Nkomo;Mexico;USA;MID;21;TRUE;80;0;1;92.0;2;2;0;8.2
M073;17/07/2026;Round of 32;P00634;Carlos Tanaka;Mexico;USA;MID;25;TRUE;90;0;0;91.9;0;0;0;5.6
M073;17/07/2026;Round of 32;P00633;Miguel Nkomo;Mexico;USA;MID;30;TRUE;79;0;0;94.3;4;1;0;5.5
M073;17/07/2026;Round of 32;P00630;Yusuf Fernandez;Mexico;USA;DEF;31;TRUE;90;0;0;94.1;2;0;0;7.0
M073;17/07/2026;Round of 32;P00627;Luca Yilmaz;Mexico;USA;DEF;22;TRUE;82;0;0;89.3;0;0;0;7.1
M073;17/07/2026;Round of 32;P00643;Ivan Farah;Mexico;USA;FWD;21;TRUE;75;0;0;91.8;1;1;0;6.7
M073;17/07/2026;Round of 32;P00632;Ivan Popov;Mexico;USA;DEF;25;TRUE;76;0;0;88.9;2;0;0;6.6
M073;17/07/2026;Round of 32;P00635;Gabriel Popov;Mexico;USA;MID;28;TRUE;80;0;0;80.7;4;2;0;6.3
M073;17/07/2026;Round of 32;P00639;Lucas Rossi;Mexico;USA;MID;25;TRUE;86;0;0;79.1;1;1;0;6.6
M073;17/07/2026;Round of 32;P00625;Miguel Diallo;Mexico;USA;DEF;28;TRUE;73;0;0;87.2;2;0;0;7.4
M073;17/07/2026;Round of 32;P00631;Yusuf Dubois;Mexico;USA;DEF;25;FALSE;6;0;0;83.2;1;1;0;6.1
M073;17/07/2026;Round of 32;P00626;Victor Martins;Mexico;USA;DEF;28;FALSE;15;0;0;74.1;2;1;0;6.3
M073;17/07/2026;Round of 32;P00640;Elias Torres;Mexico;USA;MID;30;FALSE;24;0;0;70.8;2;0;0;6.1
M073;17/07/2026;Round of 32;P00638;Rafael Andersson;Mexico;USA;MID;20;FALSE;10;0;0;81.1;0;0;0;6.3
M073;17/07/2026;Round of 32;P00637;Lucas Johnson;Mexico;USA;MID;23;FALSE;11;1;0;87.1;2;0;0;7.5
M073;17/07/2026;Round of 32;P00629;Erik Popov;Mexico;USA;DEF;20;FALSE;12;0;0;82.7;0;1;0;6.2
M073;17/07/2026;Round of 32;P00642;Ismael Sato;Mexico;USA;FWD;29;FALSE;20;1;0;85.2;0;1;0;8.0
M074;17/07/2026;Round of 32;P00921;Karim Martins;Spain;Norway;GK;29;TRUE;78;0;0;68.3;0;0;6;6.5
M074;17/07/2026;Round of 32;P00931;Mohamed Osei;Spain;Norway;DEF;26;TRUE;73;0;0;92.4;5;4;0;6.6
M074;17/07/2026;Round of 32;P00924;Elias Fernandez;Spain;Norway;DEF;24;TRUE;88;0;0;83.9;3;1;0;6.4
M074;17/07/2026;Round of 32;P00929;Miguel Nasser;Spain;Norway;DEF;27;TRUE;84;0;0;91.7;2;3;0;6.2
M074;17/07/2026;Round of 32;P00943;Jonas Lopez;Spain;Norway;FWD;30;TRUE;90;0;0;90.3;1;2;0;6.6
M074;17/07/2026;Round of 32;P00941;Yusuf Alves;Spain;Norway;FWD;31;TRUE;78;0;0;93.7;0;1;0;5.8
M074;17/07/2026;Round of 32;P00928;Pedro Souza;Spain;Norway;DEF;26;TRUE;86;0;0;73.5;0;1;0;6.7
M074;17/07/2026;Round of 32;P00935;Sergio Johnson;Spain;Norway;MID;32;TRUE;76;0;0;95.1;1;0;0;5.5
M074;17/07/2026;Round of 32;P00936;Kwame Novak;Spain;Norway;MID;30;TRUE;90;0;0;85.1;1;1;0;7.0
M074;17/07/2026;Round of 32;P00927;Lucas Schmidt;Spain;Norway;DEF;22;TRUE;83;0;0;94.8;2;1;0;6.6
M074;17/07/2026;Round of 32;P00942;Adama Alves;Spain;Norway;FWD;30;TRUE;90;1;0;92.3;0;2;0;7.9
M074;17/07/2026;Round of 32;P00925;Daniel Nakamura;Spain;Norway;DEF;23;FALSE;24;0;0;83.3;1;1;0;6.7
M074;17/07/2026;Round of 32;P00926;Chidi Silva;Spain;Norway;DEF;23;FALSE;11;0;1;75.0;0;0;0;6.8
M074;17/07/2026;Round of 32;P00939;Emre Kovacevic;Spain;Norway;MID;23;FALSE;24;1;0;82.7;0;1;0;7.0
M074;17/07/2026;Round of 32;P00940;Thiago Yilmaz;Spain;Norway;FWD;26;FALSE;25;0;0;86.6;0;1;0;6.0
M074;17/07/2026;Round of 32;P00938;Bruno Kim;Spain;Norway;MID;22;FALSE;23;0;1;79.5;0;1;0;6.1
M074;17/07/2026;Round of 32;P00934;Kwame Eriksen;Spain;Norway;MID;23;FALSE;17;0;0;86.9;3;0;0;6.7
M074;17/07/2026;Round of 32;P00932;Omar Osei;Spain;Norway;MID;26;FALSE;24;0;0;71.8;1;0;0;6.0
M074;17/07/2026;Round of 32;P00693;Jonas Kim;Norway;Spain;GK;29;TRUE;83;0;0;73.4;0;0;7;5.9
M074;17/07/2026;Round of 32;P00709;Yuki Andersson;Norway;Spain;MID;26;TRUE;88;0;0;92.3;0;1;0;6.5
M074;17/07/2026;Round of 32;P00702;Karim Almeida;Norway;Spain;MID;28;TRUE;77;0;1;82.4;4;1;0;7.3
M074;17/07/2026;Round of 32;P00704;Karim Sato;Norway;Spain;MID;19;TRUE;90;0;0;81.7;1;1;0;7.0
M074;17/07/2026;Round of 32;P00695;Kevin Nkomo;Norway;Spain;DEF;25;TRUE;86;0;0;88.2;2;1;0;6.8
M074;17/07/2026;Round of 32;P00696;Kwame Larsen;Norway;Spain;DEF;22;TRUE;68;0;1;98.6;1;1;0;7.3
M074;17/07/2026;Round of 32;P00698;Andres Eriksen;Norway;Spain;DEF;19;TRUE;74;0;0;82.1;2;1;0;6.6
M074;17/07/2026;Round of 32;P00713;Kwame Horvat;Norway;Spain;FWD;30;TRUE;82;0;0;91.5;2;0;0;6.3
M074;17/07/2026;Round of 32;P00708;Marcus Mbeki;Norway;Spain;MID;31;TRUE;85;0;0;82.1;0;0;0;6.2
M074;17/07/2026;Round of 32;P00710;Amir Benali;Norway;Spain;FWD;31;TRUE;72;0;0;81.9;4;1;0;6.4
M074;17/07/2026;Round of 32;P00705;Omar Weiss;Norway;Spain;MID;30;TRUE;90;0;0;97.7;1;3;0;5.9
M074;17/07/2026;Round of 32;P00712;Anders Kamara;Norway;Spain;FWD;22;FALSE;28;1;0;83.2;2;1;0;6.8
M074;17/07/2026;Round of 32;P00694;Tomas Toure;Norway;Spain;DEF;21;FALSE;26;1;0;99.0;2;0;0;6.9
M074;17/07/2026;Round of 32;P00701;Julian Muller;Norway;Spain;DEF;25;FALSE;22;0;0;89.1;0;0;0;5.1
M074;17/07/2026;Round of 32;P00697;Mohamed Popov;Norway;Spain;DEF;27;FALSE;20;0;0;98.5;0;0;0;6.7
M074;17/07/2026;Round of 32;P00703;Chidi Nkomo;Norway;Spain;MID;30;FALSE;17;0;0;73.8;0;0;0;5.9
M074;17/07/2026;Round of 32;P00699;Kevin Sato;Norway;Spain;DEF;27;FALSE;5;0;0;77.1;0;0;0;5.7
M074;17/07/2026;Round of 32;P00707;Josef Ibrahim;Norway;Spain;MID;24;FALSE;27;0;0;93.2;1;1;0;6.9
M075;17/07/2026;Round of 32;P00139;Adama Mbeki;Brazil;Netherlands;GK;18;TRUE;78;0;0;69.7;0;0;5;5.6
M075;17/07/2026;Round of 32;P00155;Gabriel Diallo;Brazil;Netherlands;MID;30;TRUE;80;0;0;99.0;2;0;0;6.9
M075;17/07/2026;Round of 32;P00154;Carlos Kim;Brazil;Netherlands;MID;28;TRUE;90;0;0;96.9;1;0;0;6.9
M075;17/07/2026;Round of 32;P00151;Erik Alves;Brazil;Netherlands;MID;26;TRUE;84;1;0;82.7;2;2;0;8.3
M075;17/07/2026;Round of 32;P00142;Rafael Wagner;Brazil;Netherlands;DEF;27;TRUE;80;0;0;88.3;0;0;0;6.0
M075;17/07/2026;Round of 32;P00149;Josef Muller;Brazil;Netherlands;DEF;24;TRUE;77;0;0;83.2;5;3;0;5.9
M075;17/07/2026;Round of 32;P00146;Rafael Berg;Brazil;Netherlands;DEF;23;TRUE;90;0;0;93.2;2;3;0;6.8
M075;17/07/2026;Round of 32;P00160;Samuel Ibrahim;Brazil;Netherlands;FWD;29;TRUE;82;0;0;84.1;0;1;0;6.1
M075;17/07/2026;Round of 32;P00143;Luca Kovac;Brazil;Netherlands;DEF;23;TRUE;77;0;0;75.2;1;1;0;6.6
M075;17/07/2026;Round of 32;P00157;Ali Dubois;Brazil;Netherlands;MID;19;TRUE;90;0;0;85.9;2;2;0;6.4
M075;17/07/2026;Round of 32;P00161;Yusuf Osei;Brazil;Netherlands;FWD;22;TRUE;75;0;0;99.0;1;0;0;8.0
M075;17/07/2026;Round of 32;P00145;Julian Nakamura;Brazil;Netherlands;DEF;21;FALSE;14;0;0;88.2;1;0;0;6.2
M075;17/07/2026;Round of 32;P00147;Alex Diallo;Brazil;Netherlands;DEF;24;FALSE;11;0;0;88.2;0;0;0;6.3
M075;17/07/2026;Round of 32;P00148;Omar Garcia;Brazil;Netherlands;DEF;22;FALSE;17;0;0;85.4;0;1;0;6.5
M075;17/07/2026;Round of 32;P00153;Marcus Cruz;Brazil;Netherlands;MID;25;FALSE;5;0;0;85.7;2;0;0;5.8
M075;17/07/2026;Round of 32;P00152;Tomas Kim;Brazil;Netherlands;MID;18;FALSE;22;0;0;67.2;2;2;0;6.6
M075;17/07/2026;Round of 32;P00156;Gabriel Garcia;Brazil;Netherlands;MID;32;FALSE;17;0;0;85.8;0;0;0;6.6
M075;17/07/2026;Round of 32;P00150;Josef Kim;Brazil;Netherlands;MID;19;FALSE;11;0;0;87.3;1;0;0;5.8
M075;17/07/2026;Round of 32;P00668;Marcus Yilmaz;Netherlands;Brazil;GK;26;TRUE;77;0;0;71.0;0;0;2;6.7
M075;17/07/2026;Round of 32;P00690;Karim Fernandez;Netherlands;Brazil;FWD;23;TRUE;74;0;1;80.5;1;1;0;7.2
M075;17/07/2026;Round of 32;P00673;Ivan Berg;Netherlands;Brazil;DEF;27;TRUE;87;0;0;94.3;1;2;0;5.8
M075;17/07/2026;Round of 32;P00686;Elias Andersson;Netherlands;Brazil;MID;18;TRUE;75;0;0;99.0;1;0;0;5.5
M075;17/07/2026;Round of 32;P00684;Julian Dubois;Netherlands;Brazil;MID;27;TRUE;78;0;0;80.7;1;0;0;6.3
M075;17/07/2026;Round of 32;P00675;Ali Mensah;Netherlands;Brazil;DEF;25;TRUE;73;0;0;81.6;1;0;0;5.8
M075;17/07/2026;Round of 32;P00671;Ahmed Diallo;Netherlands;Brazil;DEF;21;TRUE;90;0;0;89.6;2;2;0;6.1
M075;17/07/2026;Round of 32;P00674;Jonas Bakker;Netherlands;Brazil;DEF;26;TRUE;77;0;0;83.7;0;0;0;6.4
M075;17/07/2026;Round of 32;P00680;Jonas Garcia;Netherlands;Brazil;MID;27;TRUE;88;0;0;97.8;2;1;0;5.7
M075;17/07/2026;Round of 32;P00687;Lucas Eriksen;Netherlands;Brazil;FWD;25;TRUE;90;0;0;85.5;3;0;0;7.0
M075;17/07/2026;Round of 32;P00672;Yusuf Nkomo;Netherlands;Brazil;DEF;26;TRUE;74;0;0;86.2;0;3;0;6.4
M075;17/07/2026;Round of 32;P00685;Erik Hassan;Netherlands;Brazil;MID;23;FALSE;27;0;0;76.9;0;1;0;6.1
M075;17/07/2026;Round of 32;P00679;Emre Wagner;Netherlands;Brazil;MID;26;FALSE;6;0;0;86.6;2;1;0;6.4
M075;17/07/2026;Round of 32;P00681;Yuki Torres;Netherlands;Brazil;MID;23;FALSE;9;0;0;87.1;0;1;0;5.6
M075;17/07/2026;Round of 32;P00689;Mateus Diallo;Netherlands;Brazil;FWD;30;FALSE;25;0;0;86.4;1;0;0;5.3
M075;17/07/2026;Round of 32;P00688;Alex Horvat;Netherlands;Brazil;FWD;28;FALSE;6;2;0;87.9;1;0;0;8.0
M075;17/07/2026;Round of 32;P00683;Gabriel Hassan;Netherlands;Brazil;MID;29;FALSE;26;0;0;83.6;1;2;0;7.0
M075;17/07/2026;Round of 32;P00678;Alex Schmidt;Netherlands;Brazil;DEF;21;FALSE;21;0;0;81.1;0;0;0;6.2
M076;17/07/2026;Round of 32;P00507;Elias Mensah;Italy;Belgium;GK;20;TRUE;81;0;0;69.9;0;0;3;6.7
M076;17/07/2026;Round of 32;P00526;Adama Berg;Italy;Belgium;FWD;31;TRUE;66;0;0;89.4;1;3;0;5.9
M076;17/07/2026;Round of 32;P00519;Marcus Ibrahim;Italy;Belgium;MID;21;TRUE;61;0;0;93.9;1;1;0;6.7
M076;17/07/2026;Round of 32;P00516;Karim Torres;Italy;Belgium;DEF;25;TRUE;90;0;0;90.7;2;1;0;6.1
M076;17/07/2026;Round of 32;P00524;Noah Martins;Italy;Belgium;MID;22;TRUE;90;0;0;83.3;2;1;0;6.9
M076;17/07/2026;Round of 32;P00527;Tarek Schmidt;Italy;Belgium;FWD;31;TRUE;84;0;0;84.4;1;0;0;6.1
M076;17/07/2026;Round of 32;P00529;Ivan Fernandez;Italy;Belgium;FWD;27;TRUE;83;0;0;88.9;0;0;0;6.6
M076;17/07/2026;Round of 32;P00512;Carlos Andersson;Italy;Belgium;DEF;18;TRUE;68;0;0;80.1;2;1;0;5.6
M076;17/07/2026;Round of 32;P00513;Elias Larsen;Italy;Belgium;DEF;20;TRUE;84;0;0;76.6;0;1;0;7.3
M076;17/07/2026;Round of 32;P00514;Leon Yilmaz;Italy;Belgium;DEF;18;TRUE;84;0;0;92.4;1;3;0;5.5
M076;17/07/2026;Round of 32;P00520;Victor Kamara;Italy;Belgium;MID;24;TRUE;83;0;0;89.5;0;1;0;6.4
M076;17/07/2026;Round of 32;P00518;Marcus Nasser;Italy;Belgium;MID;20;FALSE;20;0;0;99.0;0;0;0;6.3
M076;17/07/2026;Round of 32;P00515;Erik Horvat;Italy;Belgium;DEF;32;FALSE;19;0;0;88.2;1;1;0;6.6
M076;17/07/2026;Round of 32;P00525;Yuki Farah;Italy;Belgium;MID;27;FALSE;9;0;0;86.0;0;0;0;6.2
M076;17/07/2026;Round of 32;P00510;Omar Eriksen;Italy;Belgium;DEF;26;FALSE;19;0;0;76.0;0;0;0;5.4
M076;17/07/2026;Round of 32;P00511;Adama Larsen;Italy;Belgium;DEF;22;FALSE;26;0;0;88.7;0;0;0;6.8
M076;17/07/2026;Round of 32;P00517;Hugo Muller;Italy;Belgium;DEF;21;FALSE;8;0;0;83.9;0;1;0;5.8
M076;17/07/2026;Round of 32;P00523;Luca Nakamura;Italy;Belgium;MID;23;FALSE;29;0;0;69.6;0;2;0;6.0
M076;17/07/2026;Round of 32;P00095;Jonas Cruz;Belgium;Italy;GK;23;TRUE;88;0;0;75.6;0;0;8;7.0
M076;17/07/2026;Round of 32;P00105;Diego Alves;Belgium;Italy;MID;27;TRUE;86;0;0;93.4;0;1;0;5.8
M076;17/07/2026;Round of 32;P00108;Miguel Johnson;Belgium;Italy;MID;26;TRUE;72;0;0;83.7;5;1;0;6.0
M076;17/07/2026;Round of 32;P00106;Kofi Tanaka;Belgium;Italy;MID;23;TRUE;78;0;0;83.0;1;0;0;5.6
M076;17/07/2026;Round of 32;P00112;Ismael Benali;Belgium;Italy;FWD;27;TRUE;90;0;0;91.4;1;0;0;5.8
M076;17/07/2026;Round of 32;P00115;Diego Dubois;Belgium;Italy;FWD;21;TRUE;85;0;0;85.3;3;3;0;6.7
M076;17/07/2026;Round of 32;P00096;Gabriel Eriksen;Belgium;Italy;DEF;25;TRUE;84;0;0;98.8;3;2;0;7.2
M076;17/07/2026;Round of 32;P00114;Omar Kim;Belgium;Italy;FWD;28;TRUE;90;0;0;96.0;2;0;0;6.4
M076;17/07/2026;Round of 32;P00111;Felix Johnson;Belgium;Italy;MID;24;TRUE;86;0;0;93.5;0;1;0;5.8
M076;17/07/2026;Round of 32;P00101;Ismael Popov;Belgium;Italy;DEF;22;TRUE;72;0;0;89.4;3;2;0;6.1
M076;17/07/2026;Round of 32;P00097;Chidi Tanaka;Belgium;Italy;DEF;35;TRUE;89;0;0;85.5;0;0;0;6.3
M076;17/07/2026;Round of 32;P00103;Mateus Novak;Belgium;Italy;DEF;27;FALSE;28;0;0;88.2;1;1;0;5.8
M076;17/07/2026;Round of 32;P00098;Pedro Yilmaz;Belgium;Italy;DEF;29;FALSE;29;0;0;80.1;1;2;0;6.5
M076;17/07/2026;Round of 32;P00104;Nikolai Fernandez;Belgium;Italy;MID;20;FALSE;10;0;0;88.4;0;0;0;5.8
M076;17/07/2026;Round of 32;P00113;Rafael Nakamura;Belgium;Italy;FWD;30;FALSE;20;0;0;93.4;1;0;0;5.3
M076;17/07/2026;Round of 32;P00099;Sven Reyes;Belgium;Italy;DEF;24;FALSE;15;0;0;93.8;0;0;0;5.6
M076;17/07/2026;Round of 32;P00109;Luca Rossi;Belgium;Italy;MID;32;FALSE;23;0;0;97.7;0;1;0;6.5
M076;17/07/2026;Round of 32;P00107;Marco Silva;Belgium;Italy;MID;31;FALSE;29;0;0;82.1;0;1;0;5.7
M077;17/07/2026;Round of 32;P00831;Bruno Ferreira;Scotland;Denmark;GK;23;TRUE;90;0;0;64.1;0;0;3;6.6
M077;17/07/2026;Round of 32;P00839;Erik Benali;Scotland;Denmark;DEF;26;TRUE;76;0;0;92.6;3;0;0;7.3
M077;17/07/2026;Round of 32;P00846;Ismael Muller;Scotland;Denmark;MID;32;TRUE;73;0;0;80.7;1;2;0;6.5
M077;17/07/2026;Round of 32;P00832;Gabriel Souza;Scotland;Denmark;DEF;26;TRUE;90;0;0;93.5;0;0;0;6.7
M077;17/07/2026;Round of 32;P00838;Ruben Schmidt;Scotland;Denmark;DEF;21;TRUE;81;0;0;91.3;3;2;0;6.8
M077;17/07/2026;Round of 32;P00842;Noah Petit;Scotland;Denmark;MID;24;TRUE;85;0;0;87.8;4;1;0;6.9
M077;17/07/2026;Round of 32;P00833;Ruben Bakker;Scotland;Denmark;DEF;26;TRUE;90;0;0;90.8;3;1;0;5.7
M077;17/07/2026;Round of 32;P00844;Yusuf Lopez;Scotland;Denmark;MID;22;TRUE;81;0;0;89.3;0;2;0;6.8
M077;17/07/2026;Round of 32;P00840;Alex Muller;Scotland;Denmark;MID;32;TRUE;89;0;0;85.9;4;4;0;5.8
M077;17/07/2026;Round of 32;P00843;Alex Petit;Scotland;Denmark;MID;28;TRUE;90;0;0;90.7;3;0;0;6.8
M077;17/07/2026;Round of 32;P00845;Erik Muller;Scotland;Denmark;MID;26;TRUE;82;0;0;87.1;1;0;0;6.3
M077;17/07/2026;Round of 32;P00847;Andres Novak;Scotland;Denmark;MID;33;FALSE;13;0;0;85.3;0;1;0;6.3
M077;17/07/2026;Round of 32;P00849;Adama Haddad;Scotland;Denmark;FWD;28;FALSE;19;0;0;85.3;0;0;0;4.7
M077;17/07/2026;Round of 32;P00841;Marco Larsen;Scotland;Denmark;MID;28;FALSE;12;1;0;94.5;0;0;0;6.9
M077;17/07/2026;Round of 32;P00848;Felix Ferreira;Scotland;Denmark;FWD;19;FALSE;8;0;0;74.5;2;1;0;6.6
M077;17/07/2026;Round of 32;P00834;Leon Torres;Scotland;Denmark;DEF;25;FALSE;13;0;1;86.4;0;1;0;6.9
M077;17/07/2026;Round of 32;P00851;Jonas Osei;Scotland;Denmark;FWD;23;FALSE;14;0;0;81.4;0;0;0;6.1
M077;17/07/2026;Round of 32;P00850;Julian Horvat;Scotland;Denmark;FWD;33;FALSE;6;0;0;94.9;2;1;0;5.2
M077;17/07/2026;Round of 32;P00324;Noah Kamara;Denmark;Scotland;GK;21;TRUE;78;0;0;69.4;0;0;4;6.6
M077;17/07/2026;Round of 32;P00328;Elias Johnson;Denmark;Scotland;DEF;30;TRUE;86;0;0;85.8;3;1;0;6.3
M077;17/07/2026;Round of 32;P00334;Jonas Hassan;Denmark;Scotland;MID;20;TRUE;89;0;0;90.1;0;0;0;7.0
M077;17/07/2026;Round of 32;P00342;Marco Sato;Denmark;Scotland;FWD;21;TRUE;78;0;0;83.9;2;2;0;6.2
M077;17/07/2026;Round of 32;P00333;Ismael Haddad;Denmark;Scotland;DEF;23;TRUE;89;0;0;80.1;0;0;0;6.6
M077;17/07/2026;Round of 32;P00340;Kwame Hassan;Denmark;Scotland;MID;25;TRUE;78;0;0;87.4;3;0;0;7.6
M077;17/07/2026;Round of 32;P00331;Noah Mensah;Denmark;Scotland;DEF;24;TRUE;83;0;0;75.2;4;4;0;6.3
M077;17/07/2026;Round of 32;P00339;Ivan Kovac;Denmark;Scotland;MID;25;TRUE;77;1;0;94.7;3;0;0;7.4
M077;17/07/2026;Round of 32;P00343;Yuki Osei;Denmark;Scotland;FWD;20;TRUE;84;0;0;78.7;1;0;0;6.3
M077;17/07/2026;Round of 32;P00337;Sven Souza;Denmark;Scotland;MID;27;TRUE;90;0;1;96.6;1;1;0;6.6
M077;17/07/2026;Round of 32;P00332;Tarek Bakker;Denmark;Scotland;DEF;26;TRUE;80;1;0;97.7;2;0;0;7.2
M077;17/07/2026;Round of 32;P00336;Anders Farah;Denmark;Scotland;MID;20;FALSE;28;0;0;84.3;0;1;0;6.6
M077;17/07/2026;Round of 32;P00344;Luca Osei;Denmark;Scotland;FWD;23;FALSE;12;0;0;88.0;0;1;0;7.0
M077;17/07/2026;Round of 32;P00341;Ismael Nkomo;Denmark;Scotland;MID;33;FALSE;15;0;0;86.4;0;0;0;6.4
M077;17/07/2026;Round of 32;P00338;Gabriel Horvat;Denmark;Scotland;MID;20;FALSE;9;0;0;93.5;1;0;0;5.9
M077;17/07/2026;Round of 32;P00345;Daniel Eriksen;Denmark;Scotland;FWD;21;FALSE;10;0;0;81.2;0;0;0;6.9
M077;17/07/2026;Round of 32;P00329;Hugo Wagner;Denmark;Scotland;DEF;29;FALSE;27;0;1;88.8;1;1;0;7.6
M077;17/07/2026;Round of 32;P00326;Felix Torres;Denmark;Scotland;DEF;25;FALSE;27;0;0;81.3;1;2;0;6.3
M078;17/07/2026;Round of 32;P00047;Lucas Torres;Australia;Croatia;GK;27;TRUE;87;0;0;71.2;0;0;7;6.5
M078;17/07/2026;Round of 32;P00051;Mateus Torres;Australia;Croatia;DEF;33;TRUE;69;0;0;82.9;3;3;0;7.3
M078;17/07/2026;Round of 32;P00067;Luca Ferreira;Australia;Croatia;FWD;21;TRUE;81;0;0;84.7;0;0;0;6.1
M078;17/07/2026;Round of 32;P00054;Julian Diallo;Australia;Croatia;DEF;27;TRUE;72;0;0;95.0;0;3;0;6.9
M078;17/07/2026;Round of 32;P00052;Thiago Weiss;Australia;Croatia;DEF;26;TRUE;78;0;0;89.7;1;3;0;6.8
M078;17/07/2026;Round of 32;P00064;Nikolai Andersson;Australia;Croatia;MID;32;TRUE;89;0;0;82.1;3;0;0;6.8
M078;17/07/2026;Round of 32;P00060;Mateus Tanaka;Australia;Croatia;MID;30;TRUE;90;0;0;86.4;0;0;0;7.3
M078;17/07/2026;Round of 32;P00059;Julian Kamara;Australia;Croatia;MID;25;TRUE;73;0;0;87.9;1;2;0;6.0
M078;17/07/2026;Round of 32;P00050;Kwame Kamara;Australia;Croatia;DEF;23;TRUE;78;0;0;83.7;2;0;0;6.1
M078;17/07/2026;Round of 32;P00068;Rafael Fernandez;Australia;Croatia;FWD;21;TRUE;72;0;0;90.3;1;1;0;5.5
M078;17/07/2026;Round of 32;P00065;Tarek Sato;Australia;Croatia;MID;24;TRUE;90;0;0;88.4;4;3;0;6.1
M078;17/07/2026;Round of 32;P00055;Kofi Nasser;Australia;Croatia;DEF;25;FALSE;17;0;0;85.5;0;0;0;5.8
M078;17/07/2026;Round of 32;P00061;Alex Souza;Australia;Croatia;MID;24;FALSE;27;0;0;84.1;0;0;0;5.8
M078;17/07/2026;Round of 32;P00062;Leon Balde;Australia;Croatia;MID;18;FALSE;23;0;0;80.1;1;0;0;5.8
M078;17/07/2026;Round of 32;P00058;Andres Kim;Australia;Croatia;MID;28;FALSE;9;0;0;81.1;0;0;0;5.5
M078;17/07/2026;Round of 32;P00053;Kevin Alves;Australia;Croatia;DEF;26;FALSE;24;0;0;80.3;0;1;0;6.1
M078;17/07/2026;Round of 32;P00069;Marcus Dubois;Australia;Croatia;FWD;24;FALSE;15;0;0;80.5;3;0;0;6.1
M078;17/07/2026;Round of 32;P00057;Mateus Garcia;Australia;Croatia;DEF;20;FALSE;7;0;0;80.5;1;0;0;6.1
M078;17/07/2026;Round of 32;P00256;Jonas Weiss;Croatia;Australia;GK;29;TRUE;82;0;0;66.6;0;0;2;6.7
M078;17/07/2026;Round of 32;P00260;Yusuf Rossi;Croatia;Australia;DEF;28;TRUE;80;0;0;81.2;2;1;0;6.2
M078;17/07/2026;Round of 32;P00258;Andres Tanaka;Croatia;Australia;DEF;22;TRUE;90;0;0;94.2;3;3;0;7.3
M078;17/07/2026;Round of 32;P00275;Erik Petit;Croatia;Australia;FWD;28;TRUE;80;0;0;89.0;0;0;0;5.9
M078;17/07/2026;Round of 32;P00266;Diego Ferreira;Croatia;Australia;MID;26;TRUE;84;1;0;82.4;1;0;0;7.0
M078;17/07/2026;Round of 32;P00261;Andres Kovac;Croatia;Australia;DEF;30;TRUE;85;0;0;76.5;4;1;0;5.9
M078;17/07/2026;Round of 32;P00265;Mateus Benali;Croatia;Australia;MID;31;TRUE;79;0;0;84.0;1;2;0;6.6
M078;17/07/2026;Round of 32;P00274;Yuki Ibrahim;Croatia;Australia;FWD;23;TRUE;75;0;0;79.2;1;2;0;5.6
M078;17/07/2026;Round of 32;P00268;Thiago Martins;Croatia;Australia;MID;27;TRUE;86;1;0;89.2;2;3;0;7.7
M078;17/07/2026;Round of 32;P00270;Ahmed Mensah;Croatia;Australia;MID;28;TRUE;90;0;0;88.4;4;0;0;6.4
M078;17/07/2026;Round of 32;P00262;Ismael Garcia;Croatia;Australia;DEF;29;TRUE;84;0;0;90.7;2;0;0;6.7
M078;17/07/2026;Round of 32;P00263;Karim Garcia;Croatia;Australia;DEF;18;FALSE;23;0;0;94.0;1;0;0;5.5
M078;17/07/2026;Round of 32;P00273;Lucas Benali;Croatia;Australia;FWD;27;FALSE;23;0;1;78.2;0;0;0;7.0
M078;17/07/2026;Round of 32;P00271;Amir Farah;Croatia;Australia;MID;25;FALSE;21;0;0;89.1;0;0;0;5.9
M078;17/07/2026;Round of 32;P00259;Julian Ibrahim;Croatia;Australia;DEF;25;FALSE;23;0;0;95.3;0;0;0;6.2
M078;17/07/2026;Round of 32;P00272;Ruben Dubois;Croatia;Australia;MID;31;FALSE;8;0;0;89.8;1;1;0;6.3
M078;17/07/2026;Round of 32;P00269;Andres Cruz;Croatia;Australia;MID;23;FALSE;23;0;0;92.3;1;1;0;6.1
M078;17/07/2026;Round of 32;P00264;Kofi Horvat;Croatia;Australia;DEF;27;FALSE;8;0;0;85.6;0;0;0;6.5
M079;17/07/2026;Round of 32;P00485;Julian Torres;Iran;Tunisia;GK;24;TRUE;72;0;0;65.7;0;0;1;5.9
M079;17/07/2026;Round of 32;P00490;Karim Horvat;Iran;Tunisia;DEF;26;TRUE;73;0;0;81.4;4;2;0;6.9
M079;17/07/2026;Round of 32;P00494;Andres Schmidt;Iran;Tunisia;DEF;24;TRUE;76;0;0;85.5;2;2;0;6.8
M079;17/07/2026;Round of 32;P00501;Yuki Kovac;Iran;Tunisia;MID;32;TRUE;82;1;0;94.2;1;1;0;7.6
M079;17/07/2026;Round of 32;P00506;Omar Horvat;Iran;Tunisia;FWD;27;TRUE;73;0;0;82.6;1;3;0;7.0
M079;17/07/2026;Round of 32;P00489;Erik Sato;Iran;Tunisia;DEF;24;TRUE;87;0;0;94.9;2;3;0;6.1
M079;17/07/2026;Round of 32;P00491;Kofi Silva;Iran;Tunisia;DEF;23;TRUE;79;0;0;76.9;0;2;0;6.6
M079;17/07/2026;Round of 32;P00498;Ruben Kovac;Iran;Tunisia;MID;25;TRUE;90;0;1;82.0;5;2;0;7.1
M079;17/07/2026;Round of 32;P00500;Gabriel Petit;Iran;Tunisia;MID;27;TRUE;72;1;0;80.0;2;3;0;7.9
M079;17/07/2026;Round of 32;P00493;Leon Ferreira;Iran;Tunisia;DEF;30;TRUE;90;0;0;85.0;2;3;0;6.6
M079;17/07/2026;Round of 32;P00505;Ali Haddad;Iran;Tunisia;FWD;22;TRUE;83;0;0;95.1;2;0;0;6.0
M079;17/07/2026;Round of 32;P00495;Gabriel Costa;Iran;Tunisia;MID;20;FALSE;11;0;0;77.3;0;0;0;5.8
M079;17/07/2026;Round of 32;P00492;Carlos Almeida;Iran;Tunisia;DEF;29;FALSE;25;0;0;71.7;0;0;0;5.7
M079;17/07/2026;Round of 32;P00496;Samuel Kovacevic;Iran;Tunisia;MID;28;FALSE;8;0;0;89.9;2;0;0;5.7
M079;17/07/2026;Round of 32;P00499;Victor Farah;Iran;Tunisia;MID;20;FALSE;25;0;0;83.3;2;0;0;6.4
M079;17/07/2026;Round of 32;P00504;Victor Garcia;Iran;Tunisia;FWD;24;FALSE;11;0;0;87.7;1;0;0;6.1
M079;17/07/2026;Round of 32;P00497;Ruben Reyes;Iran;Tunisia;MID;30;FALSE;8;0;0;87.2;1;0;0;6.6
M079;17/07/2026;Round of 32;P00488;Amir Toure;Iran;Tunisia;DEF;25;FALSE;27;1;0;99.0;0;0;0;6.8
M079;17/07/2026;Round of 32;P00991;Chidi Ibrahim;Tunisia;Iran;GK;25;TRUE;80;0;0;76.4;0;0;5;5.7
M079;17/07/2026;Round of 32;P00996;Hugo Osei;Tunisia;Iran;DEF;26;TRUE;87;0;0;84.0;1;1;0;6.8
M079;17/07/2026;Round of 32;P01009;Yuki Cruz;Tunisia;Iran;FWD;27;TRUE;81;0;0;92.1;1;0;0;6.4
M079;17/07/2026;Round of 32;P01003;Elias Nakamura;Tunisia;Iran;MID;30;TRUE;90;0;0;87.7;3;2;0;7.1
M079;17/07/2026;Round of 32;P01000;Felix Petit;Tunisia;Iran;DEF;23;TRUE;84;0;0;93.5;3;0;0;6.1
M079;17/07/2026;Round of 32;P00993;Emre Mbeki;Tunisia;Iran;DEF;30;TRUE;79;0;0;98.9;0;0;0;6.7
M079;17/07/2026;Round of 32;P00997;Thiago Farah;Tunisia;Iran;DEF;28;TRUE;87;0;0;87.9;0;0;0;7.2
M079;17/07/2026;Round of 32;P01001;Leon Wagner;Tunisia;Iran;MID;29;TRUE;79;0;0;90.1;0;0;0;6.1
M079;17/07/2026;Round of 32;P01011;Kofi Wagner;Tunisia;Iran;FWD;23;TRUE;90;0;0;92.5;5;0;0;6.2
M079;17/07/2026;Round of 32;P01004;Diego Nkomo;Tunisia;Iran;MID;26;TRUE;82;0;0;93.6;3;0;0;6.4
M079;17/07/2026;Round of 32;P00995;Sergio Garcia;Tunisia;Iran;DEF;23;TRUE;76;0;0;82.6;3;1;0;6.6
M079;17/07/2026;Round of 32;P01012;Kofi Petit;Tunisia;Iran;FWD;25;FALSE;21;0;0;87.6;2;1;0;6.4
M079;17/07/2026;Round of 32;P01006;Andres Torres;Tunisia;Iran;MID;32;FALSE;6;0;0;86.1;0;0;0;6.6
M079;17/07/2026;Round of 32;P01010;Gabriel Farah;Tunisia;Iran;FWD;21;FALSE;25;0;0;80.6;0;0;0;6.3
M079;17/07/2026;Round of 32;P00998;Ali Benali;Tunisia;Iran;DEF;24;FALSE;14;0;0;99.0;1;0;0;6.1
M079;17/07/2026;Round of 32;P01008;Hugo Lopez;Tunisia;Iran;MID;22;FALSE;22;0;0;83.2;1;0;0;6.1
M079;17/07/2026;Round of 32;P00999;Marcus Garcia;Tunisia;Iran;DEF;23;FALSE;23;0;0;92.9;2;0;0;6.1
M079;17/07/2026;Round of 32;P01007;Miguel Alves;Tunisia;Iran;MID;23;FALSE;6;0;0;90.7;0;0;0;6.8
M080;17/07/2026;Round of 32;P00417;Yusuf Kovac;France;Curacao;GK;24;TRUE;63;0;0;70.8;0;0;0;6.2
M080;17/07/2026;Round of 32;P00431;Gabriel Benali;France;Curacao;MID;23;TRUE;84;0;0;78.9;2;2;0;5.9
M080;17/07/2026;Round of 32;P00419;Thiago Novak;France;Curacao;DEF;27;TRUE;83;0;0;78.4;1;2;0;5.9
M080;17/07/2026;Round of 32;P00418;Sergio Osei;France;Curacao;DEF;23;TRUE;90;0;0;86.2;4;1;0;6.9
M080;17/07/2026;Round of 32;P00425;Yuki Reyes;France;Curacao;DEF;21;TRUE;70;0;0;87.8;4;1;0;6.4
M080;17/07/2026;Round of 32;P00429;Leon Benali;France;Curacao;MID;23;TRUE;90;0;0;92.7;0;0;0;6.0
M080;17/07/2026;Round of 32;P00435;Diego Fernandez;France;Curacao;FWD;27;TRUE;70;1;0;85.5;0;3;0;7.5
M080;17/07/2026;Round of 32;P00430;Chidi Mbeki;France;Curacao;MID;24;TRUE;83;0;0;92.0;0;0;0;6.4
M080;17/07/2026;Round of 32;P00437;Jonas Nasser;France;Curacao;FWD;28;TRUE;81;0;1;96.1;1;0;0;7.3
M080;17/07/2026;Round of 32;P00422;Victor Berg;France;Curacao;DEF;20;TRUE;82;0;0;89.5;3;2;0;6.3
M080;17/07/2026;Round of 32;P00427;Samuel Martins;France;Curacao;MID;20;TRUE;82;0;1;86.1;1;2;0;7.2
M080;17/07/2026;Round of 32;P00420;Alex Garcia;France;Curacao;DEF;18;FALSE;11;0;0;75.9;1;0;0;6.0
M080;17/07/2026;Round of 32;P00436;Gabriel Fernandez;France;Curacao;FWD;22;FALSE;20;1;0;83.3;0;0;0;6.9
M080;17/07/2026;Round of 32;P00428;Bruno Andersson;France;Curacao;MID;25;FALSE;24;0;1;77.8;1;1;0;7.1
M080;17/07/2026;Round of 32;P00421;Yuki Wagner;France;Curacao;DEF;23;FALSE;26;0;0;91.2;0;0;0;5.8
M080;17/07/2026;Round of 32;P00423;Ahmed Balde;France;Curacao;DEF;27;FALSE;12;0;0;84.8;0;1;0;6.6
M080;17/07/2026;Round of 32;P00433;Samuel Reyes;France;Curacao;MID;25;FALSE;14;1;0;75.3;1;1;0;8.0
M080;17/07/2026;Round of 32;P00426;Ahmed Fernandez;France;Curacao;MID;24;FALSE;7;0;0;78.1;0;0;0;6.4
M080;17/07/2026;Round of 32;P00277;Amir Torres;Curacao;France;GK;23;TRUE;76;0;0;67.7;0;0;6;7.1
M080;17/07/2026;Round of 32;P00293;Ismael Hassan;Curacao;France;MID;31;TRUE;67;0;0;84.2;0;0;0;6.5
M080;17/07/2026;Round of 32;P00298;Karim Haddad;Curacao;France;FWD;26;TRUE;81;0;1;90.8;1;0;0;6.3
M080;17/07/2026;Round of 32;P00287;Elias Almeida;Curacao;France;DEF;27;TRUE;77;0;0;96.4;0;2;0;7.3
M080;17/07/2026;Round of 32;P00281;Jonas Reyes;Curacao;France;DEF;23;TRUE;64;0;0;81.7;6;1;0;6.7
M080;17/07/2026;Round of 32;P00285;Ali Balde;Curacao;France;DEF;29;TRUE;90;0;0;84.8;5;2;0;6.4
M080;17/07/2026;Round of 32;P00292;Tarek Wagner;Curacao;France;MID;25;TRUE;82;0;0;92.1;4;2;0;6.4
M080;17/07/2026;Round of 32;P00282;Erik Bakker;Curacao;France;DEF;18;TRUE;73;0;0;80.3;1;2;0;6.1
M080;17/07/2026;Round of 32;P00284;Nikolai Muller;Curacao;France;DEF;25;TRUE;88;0;0;82.6;3;1;0;6.2
M080;17/07/2026;Round of 32;P00294;Adama Diallo;Curacao;France;MID;22;TRUE;66;1;0;81.0;3;1;0;6.7
M080;17/07/2026;Round of 32;P00288;Adama Bakker;Curacao;France;MID;21;TRUE;89;0;0;99.0;4;1;0;6.6
M080;17/07/2026;Round of 32;P00291;Bruno Larsen;Curacao;France;MID;27;FALSE;10;1;0;85.1;0;0;0;8.1
M080;17/07/2026;Round of 32;P00295;Yuki Hassan;Curacao;France;MID;24;FALSE;7;0;1;71.7;1;1;0;7.2
M080;17/07/2026;Round of 32;P00297;Ismael Mbeki;Curacao;France;FWD;33;FALSE;21;0;0;85.4;0;1;0;6.4
M080;17/07/2026;Round of 32;P00296;Carlos Rossi;Curacao;France;FWD;30;FALSE;24;0;0;76.8;0;0;0;6.2
M080;17/07/2026;Round of 32;P00286;Yusuf Kamara;Curacao;France;DEF;25;FALSE;9;0;0;88.4;0;0;0;6.9
M080;17/07/2026;Round of 32;P00283;Samuel Costa;Curacao;France;DEF;18;FALSE;14;0;0;84.5;0;1;0;6.8
M080;17/07/2026;Round of 32;P00290;Tomas Horvat;Curacao;France;MID;29;FALSE;22;0;0;78.0;0;0;0;6.0
M081;17/07/2026;Round of 32;P01060;Karim Diallo;Uruguay;Sweden;GK;24;TRUE;80;0;0;78.1;0;0;6;6.2
M081;17/07/2026;Round of 32;P01067;Carlos Larsen;Uruguay;Sweden;DEF;30;TRUE;90;0;0;81.9;1;1;0;6.3
M081;17/07/2026;Round of 32;P01072;Erik Mensah;Uruguay;Sweden;MID;24;TRUE;77;0;0;85.2;2;0;0;7.0
M081;17/07/2026;Round of 32;P01066;Kevin Torres;Uruguay;Sweden;DEF;28;TRUE;90;0;0;96.4;4;0;0;6.2
M081;17/07/2026;Round of 32;P01063;Tarek Mbeki;Uruguay;Sweden;DEF;30;TRUE;75;0;0;83.1;2;2;0;5.5
M081;17/07/2026;Round of 32;P01076;Kevin Horvat;Uruguay;Sweden;MID;26;TRUE;80;0;0;86.3;0;3;0;6.3
M081;17/07/2026;Round of 32;P01081;Nikolai Johnson;Uruguay;Sweden;FWD;21;TRUE;69;0;0;85.9;1;0;0;6.3
M081;17/07/2026;Round of 32;P01069;Anders Berg;Uruguay;Sweden;DEF;31;TRUE;85;0;0;80.3;3;0;0;5.8
M081;17/07/2026;Round of 32;P01074;Mateus Cruz;Uruguay;Sweden;MID;26;TRUE;67;1;0;89.9;1;2;0;7.4
M081;17/07/2026;Round of 32;P01075;Felix Kovac;Uruguay;Sweden;MID;30;TRUE;79;0;0;84.0;0;0;0;5.6
M081;17/07/2026;Round of 32;P01065;Marco Johnson;Uruguay;Sweden;DEF;24;TRUE;73;0;0;87.2;3;3;0;6.9
M081;17/07/2026;Round of 32;P01073;Lucas Horvat;Uruguay;Sweden;MID;22;FALSE;10;0;0;88.6;1;0;0;7.0
M081;17/07/2026;Round of 32;P01080;Tarek Berg;Uruguay;Sweden;FWD;22;FALSE;17;0;0;94.7;2;1;0;6.1
M081;17/07/2026;Round of 32;P01070;Sven Silva;Uruguay;Sweden;MID;25;FALSE;29;0;0;88.3;2;0;0;6.2
M081;17/07/2026;Round of 32;P01062;Karim Bakker;Uruguay;Sweden;DEF;28;FALSE;10;0;0;93.9;2;0;0;5.7
M081;17/07/2026;Round of 32;P01077;Samuel Dubois;Uruguay;Sweden;MID;18;FALSE;24;1;0;92.0;0;0;0;7.3
M081;17/07/2026;Round of 32;P01079;Josef Mbeki;Uruguay;Sweden;FWD;19;FALSE;26;0;0;86.7;0;0;0;6.2
M081;17/07/2026;Round of 32;P01068;Sven Mbeki;Uruguay;Sweden;DEF;18;FALSE;26;0;0;82.7;1;1;0;7.2
M081;17/07/2026;Round of 32;P00944;Jonas Diallo;Sweden;Uruguay;GK;30;TRUE;71;0;0;66.4;0;0;6;6.5
M081;17/07/2026;Round of 32;P00954;Yuki Popov;Sweden;Uruguay;DEF;30;TRUE;78;0;0;99.0;1;1;0;6.8
M081;17/07/2026;Round of 32;P00958;Jonas Almeida;Sweden;Uruguay;MID;28;TRUE;77;0;0;82.0;0;0;0;5.5
M081;17/07/2026;Round of 32;P00949;Anders Osei;Sweden;Uruguay;DEF;19;TRUE;83;0;0;80.2;1;3;0;5.9
M081;17/07/2026;Round of 32;P00964;Ismael Ferreira;Sweden;Uruguay;FWD;30;TRUE;78;2;0;83.2;0;3;0;9.0
M081;17/07/2026;Round of 32;P00962;Julian Souza;Sweden;Uruguay;MID;27;TRUE;79;0;0;83.3;0;0;0;6.7
M081;17/07/2026;Round of 32;P00965;Ismael Torres;Sweden;Uruguay;FWD;30;TRUE;83;0;0;92.6;0;0;0;6.2
M081;17/07/2026;Round of 32;P00947;Kevin Farah;Sweden;Uruguay;DEF;27;TRUE;83;0;0;90.8;4;0;0;5.9
M081;17/07/2026;Round of 32;P00950;Ivan Mensah;Sweden;Uruguay;DEF;25;TRUE;76;1;0;73.6;4;1;0;6.9
M081;17/07/2026;Round of 32;P00966;Mohamed Muller;Sweden;Uruguay;FWD;26;TRUE;77;0;0;78.8;1;1;0;7.0
M081;17/07/2026;Round of 32;P00957;Ali Tanaka;Sweden;Uruguay;MID;32;TRUE;90;0;0;78.3;3;3;0;6.6
M081;17/07/2026;Round of 32;P00959;Marcus Sato;Sweden;Uruguay;MID;29;FALSE;14;0;0;88.9;1;1;0;5.9
M081;17/07/2026;Round of 32;P00955;Carlos Mensah;Sweden;Uruguay;MID;26;FALSE;11;0;0;98.7;1;0;0;6.3
M081;17/07/2026;Round of 32;P00960;Marcus Johnson;Sweden;Uruguay;MID;23;FALSE;14;0;2;79.9;1;0;0;7.4
M081;17/07/2026;Round of 32;P00953;Daniel Weiss;Sweden;Uruguay;DEF;23;FALSE;23;0;0;83.3;0;1;0;6.3
M081;17/07/2026;Round of 32;P00952;Thiago Popov;Sweden;Uruguay;DEF;23;FALSE;7;0;0;78.3;2;1;0;6.6
M081;17/07/2026;Round of 32;P00961;Ismael Eriksen;Sweden;Uruguay;MID;27;FALSE;24;0;0;78.0;1;2;0;6.1
M081;17/07/2026;Round of 32;P00963;Kofi Eriksen;Sweden;Uruguay;FWD;29;FALSE;12;0;0;82.9;2;1;0;6.0
M082;17/07/2026;Round of 32;P00532;Leon Kamara;Ivory Coast;Argentina;GK;27;TRUE;81;0;0;67.9;0;0;7;6.0
M082;17/07/2026;Round of 32;P00536;Victor Dubois;Ivory Coast;Argentina;DEF;21;TRUE;75;0;0;89.3;2;0;0;6.1
M082;17/07/2026;Round of 32;P00551;Kofi Alves;Ivory Coast;Argentina;FWD;29;TRUE;89;0;0;88.3;1;2;0;6.7
M082;17/07/2026;Round of 32;P00549;Kwame Sato;Ivory Coast;Argentina;FWD;27;TRUE;78;0;0;93.2;0;1;0;6.8
M082;17/07/2026;Round of 32;P00535;Ivan Diallo;Ivory Coast;Argentina;DEF;26;TRUE;88;0;0;84.8;4;2;0;6.8
M082;17/07/2026;Round of 32;P00548;Emre Popov;Ivory Coast;Argentina;MID;26;TRUE;84;0;1;86.5;1;3;0;7.3
M082;17/07/2026;Round of 32;P00540;Ivan Tanaka;Ivory Coast;Argentina;DEF;24;TRUE;79;0;0;87.4;0;1;0;5.3
M082;17/07/2026;Round of 32;P00539;Leon Haddad;Ivory Coast;Argentina;DEF;21;TRUE;69;0;0;83.1;5;1;0;6.6
M082;17/07/2026;Round of 32;P00533;Alex Sato;Ivory Coast;Argentina;DEF;22;TRUE;79;0;0;99.0;3;1;0;6.2
M082;17/07/2026;Round of 32;P00543;Erik Schmidt;Ivory Coast;Argentina;MID;29;TRUE;83;1;0;82.0;1;1;0;6.8
M082;17/07/2026;Round of 32;P00552;Omar Lopez;Ivory Coast;Argentina;FWD;22;TRUE;90;1;0;95.5;2;2;0;7.6
M082;17/07/2026;Round of 32;P00541;Tarek Kim;Ivory Coast;Argentina;MID;23;FALSE;20;0;0;81.4;0;0;0;6.8
M082;17/07/2026;Round of 32;P00550;Chidi Rossi;Ivory Coast;Argentina;FWD;25;FALSE;13;0;0;83.0;1;0;0;6.9
M082;17/07/2026;Round of 32;P00544;Omar Mbeki;Ivory Coast;Argentina;MID;20;FALSE;5;0;0;83.5;1;0;0;6.0
M082;17/07/2026;Round of 32;P00542;Daniel Berg;Ivory Coast;Argentina;MID;25;FALSE;27;0;0;75.0;3;0;0;6.3
M082;17/07/2026;Round of 32;P00538;Tomas Sato;Ivory Coast;Argentina;DEF;26;FALSE;8;0;1;83.3;1;1;0;7.1
M082;17/07/2026;Round of 32;P00534;Ivan Lopez;Ivory Coast;Argentina;DEF;20;FALSE;22;0;0;87.9;0;0;0;5.4
M082;17/07/2026;Round of 32;P00545;Samuel Kovac;Ivory Coast;Argentina;MID;18;FALSE;28;0;0;77.5;1;0;0;4.9
M082;17/07/2026;Round of 32;P00025;Marco Toure;Argentina;Ivory Coast;GK;25;TRUE;54;0;0;65.1;0;0;3;6.5
M082;17/07/2026;Round of 32;P00029;Tarek Rossi;Argentina;Ivory Coast;DEF;30;TRUE;90;1;0;79.0;2;3;0;7.5
M082;17/07/2026;Round of 32;P00032;Elias Eriksen;Argentina;Ivory Coast;DEF;30;TRUE;75;0;0;86.8;0;1;0;6.4
M082;17/07/2026;Round of 32;P00043;Alex Berg;Argentina;Ivory Coast;FWD;28;TRUE;77;0;0;86.5;0;2;0;6.1
M082;17/07/2026;Round of 32;P00036;Pedro Nkomo;Argentina;Ivory Coast;MID;23;TRUE;83;0;1;86.6;1;1;0;7.2
M082;17/07/2026;Round of 32;P00038;Mohamed Souza;Argentina;Ivory Coast;MID;31;TRUE;80;0;0;82.8;3;0;0;6.8
M082;17/07/2026;Round of 32;P00028;Marco Reyes;Argentina;Ivory Coast;DEF;18;TRUE;73;0;0;85.2;3;1;0;6.2
M082;17/07/2026;Round of 32;P00030;Miguel Tanaka;Argentina;Ivory Coast;DEF;24;TRUE;87;0;0;89.1;1;1;0;5.8
M082;17/07/2026;Round of 32;P00039;Emre Costa;Argentina;Ivory Coast;MID;33;TRUE;82;0;0;99.0;2;1;0;6.2
M082;17/07/2026;Round of 32;P00042;Elias Alves;Argentina;Ivory Coast;MID;25;TRUE;69;0;0;85.3;2;0;0;5.8
M082;17/07/2026;Round of 32;P00044;Hugo Nakamura;Argentina;Ivory Coast;FWD;22;TRUE;82;0;0;91.7;0;3;0;6.1
M082;17/07/2026;Round of 32;P00027;Erik Nkomo;Argentina;Ivory Coast;DEF;24;FALSE;9;0;0;71.3;0;1;0;6.3
M082;17/07/2026;Round of 32;P00034;Emre Schmidt;Argentina;Ivory Coast;DEF;28;FALSE;8;0;0;89.0;1;0;0;6.5
M082;17/07/2026;Round of 32;P00037;Leon Costa;Argentina;Ivory Coast;MID;21;FALSE;13;1;0;99.0;0;1;0;7.6
M082;17/07/2026;Round of 32;P00041;Leon Kovacevic;Argentina;Ivory Coast;MID;29;FALSE;22;0;0;84.3;0;1;0;6.7
M082;17/07/2026;Round of 32;P00045;Mateus Dubois;Argentina;Ivory Coast;FWD;19;FALSE;29;0;0;80.8;2;0;0;6.8
M082;17/07/2026;Round of 32;P00031;Marcus Novak;Argentina;Ivory Coast;DEF;23;FALSE;20;0;0;89.0;0;1;0;6.6
M082;17/07/2026;Round of 32;P00040;Ivan Weiss;Argentina;Ivory Coast;MID;24;FALSE;25;0;0;91.0;2;0;0;6.6
M083;17/07/2026;Round of 32;P00162;Bruno Garcia;Canada;Colombia;GK;27;TRUE;77;0;0;72.1;0;0;3;6.4
M083;17/07/2026;Round of 32;P00175;Carlos Wagner;Canada;Colombia;MID;22;TRUE;90;0;0;99.0;0;0;0;6.8
M083;17/07/2026;Round of 32;P00174;Ahmed Kovac;Canada;Colombia;MID;29;TRUE;85;0;1;99.0;3;1;0;8.4
M083;17/07/2026;Round of 32;P00184;Kevin Benali;Canada;Colombia;FWD;30;TRUE;71;0;0;91.4;3;2;0;6.1
M083;17/07/2026;Round of 32;P00181;Tomas Andersson;Canada;Colombia;FWD;24;TRUE;73;0;0;93.4;1;1;0;6.6
M083;17/07/2026;Round of 32;P00170;Marcus Nakamura;Canada;Colombia;DEF;22;TRUE;82;0;0;97.7;4;0;0;6.7
M083;17/07/2026;Round of 32;P00172;Rafael Johnson;Canada;Colombia;DEF;26;TRUE;82;0;0;79.6;2;1;0;6.0
M083;17/07/2026;Round of 32;P00173;Thiago Reyes;Canada;Colombia;MID;25;TRUE;86;0;0;96.6;0;0;0;6.1
M083;17/07/2026;Round of 32;P00177;Amir Mbeki;Canada;Colombia;MID;29;TRUE;86;0;0;97.5;0;0;0;6.0
M083;17/07/2026;Round of 32;P00178;Ahmed Haddad;Canada;Colombia;MID;28;TRUE;78;0;0;98.9;3;0;0;6.1
M083;17/07/2026;Round of 32;P00165;Chidi Garcia;Canada;Colombia;DEF;27;TRUE;83;0;0;83.0;1;1;0;6.5
M083;17/07/2026;Round of 32;P00168;Luca Johnson;Canada;Colombia;DEF;28;FALSE;17;0;0;95.7;3;0;0;7.1
M083;17/07/2026;Round of 32;P00179;Erik Novak;Canada;Colombia;MID;20;FALSE;22;1;0;80.9;1;0;0;7.5
M083;17/07/2026;Round of 32;P00183;Sergio Toure;Canada;Colombia;FWD;27;FALSE;14;1;0;92.0;2;0;0;8.1
M083;17/07/2026;Round of 32;P00167;Lucas Hassan;Canada;Colombia;DEF;23;FALSE;11;0;0;93.3;0;0;0;6.6
M083;17/07/2026;Round of 32;P00166;Alex Fernandez;Canada;Colombia;DEF;30;FALSE;9;0;0;76.4;0;1;0;6.6
M083;17/07/2026;Round of 32;P00171;Samuel Kamara;Canada;Colombia;DEF;22;FALSE;5;0;0;90.4;1;1;0;5.9
M083;17/07/2026;Round of 32;P00176;Gabriel Muller;Canada;Colombia;MID;25;FALSE;25;0;0;84.3;0;0;0;6.0
M083;17/07/2026;Round of 32;P00208;Marco Bakker;Colombia;Canada;GK;29;TRUE;76;0;0;75.1;0;0;5;6.3
M083;17/07/2026;Round of 32;P00227;Diego Yilmaz;Colombia;Canada;FWD;28;TRUE;90;1;1;85.6;1;0;0;7.5
M083;17/07/2026;Round of 32;P00211;Mateus Berg;Colombia;Canada;DEF;21;TRUE;90;0;0;93.3;2;0;0;6.2
M083;17/07/2026;Round of 32;P00230;Omar Johnson;Colombia;Canada;FWD;28;TRUE;87;0;0;98.5;0;1;0;6.2
M083;17/07/2026;Round of 32;P00217;Daniel Kim;Colombia;Canada;DEF;23;TRUE;74;0;0;85.0;2;0;0;6.0
M083;17/07/2026;Round of 32;P00225;Ruben Haddad;Colombia;Canada;MID;21;TRUE;74;1;0;92.9;2;1;0;8.6
M083;17/07/2026;Round of 32;P00226;Ali Petit;Colombia;Canada;MID;26;TRUE;88;0;0;93.5;1;1;0;6.5
M083;17/07/2026;Round of 32;P00213;Jonas Nakamura;Colombia;Canada;DEF;28;TRUE;84;0;0;98.9;3;3;0;5.7
M083;17/07/2026;Round of 32;P00219;Karim Reyes;Colombia;Canada;MID;25;TRUE;90;0;0;85.7;1;0;0;6.7
M083;17/07/2026;Round of 32;P00214;Jonas Larsen;Colombia;Canada;DEF;24;TRUE;84;0;1;83.3;3;2;0;7.5
M083;17/07/2026;Round of 32;P00224;Mateus Kamara;Colombia;Canada;MID;25;TRUE;90;0;0;88.7;1;0;0;6.1
M083;17/07/2026;Round of 32;P00216;Nikolai Bakker;Colombia;Canada;DEF;23;FALSE;28;0;0;80.5;2;0;0;6.8
M083;17/07/2026;Round of 32;P00223;Nikolai Schmidt;Colombia;Canada;MID;25;FALSE;29;0;0;85.7;0;1;0;6.4
M083;17/07/2026;Round of 32;P00212;Kevin Cruz;Colombia;Canada;DEF;24;FALSE;11;0;0;75.5;0;1;0;6.7
M083;17/07/2026;Round of 32;P00218;Julian Kovacevic;Colombia;Canada;DEF;26;FALSE;19;0;0;84.0;1;0;0;6.4
M083;17/07/2026;Round of 32;P00215;Julian Lopez;Colombia;Canada;DEF;27;FALSE;7;0;0;85.8;1;0;0;6.2
M083;17/07/2026;Round of 32;P00220;Erik Berg;Colombia;Canada;MID;28;FALSE;11;0;1;92.1;1;0;0;6.4
M083;17/07/2026;Round of 32;P00229;Gabriel Kamara;Colombia;Canada;FWD;25;FALSE;19;1;0;91.3;2;0;0;6.4
M084;17/07/2026;Round of 32;P00462;Gabriel Berg;Ghana;Senegal;GK;24;TRUE;84;0;0;72.5;0;0;5;6.4
M084;17/07/2026;Round of 32;P00469;Mateus Popov;Ghana;Senegal;DEF;26;TRUE;67;0;0;90.6;3;2;0;6.2
M084;17/07/2026;Round of 32;P00471;Nikolai Costa;Ghana;Senegal;DEF;28;TRUE;79;0;0;91.5;0;1;0;6.2
M084;17/07/2026;Round of 32;P00481;Josef Weiss;Ghana;Senegal;FWD;30;TRUE;90;0;0;96.7;4;1;0;6.1
M084;17/07/2026;Round of 32;P00472;Marco Horvat;Ghana;Senegal;MID;26;TRUE;84;1;0;92.7;1;0;0;7.7
M084;17/07/2026;Round of 32;P00482;Kwame Balde;Ghana;Senegal;FWD;29;TRUE;79;0;0;78.0;0;0;0;6.1
M084;17/07/2026;Round of 32;P00480;Carlos Hassan;Ghana;Senegal;FWD;22;TRUE;80;0;0;88.3;0;1;0;6.2
M084;17/07/2026;Round of 32;P00477;Sergio Ferreira;Ghana;Senegal;MID;30;TRUE;71;0;0;81.7;0;2;0;6.5
M084;17/07/2026;Round of 32;P00466;Tarek Torres;Ghana;Senegal;DEF;30;TRUE;79;0;0;88.1;1;1;0;6.7
M084;17/07/2026;Round of 32;P00467;Samuel Toure;Ghana;Senegal;DEF;26;TRUE;84;0;0;87.8;2;1;0;6.7
M084;17/07/2026;Round of 32;P00473;Noah Johnson;Ghana;Senegal;MID;23;TRUE;81;1;0;91.2;0;2;0;7.3
M084;17/07/2026;Round of 32;P00468;Elias Silva;Ghana;Senegal;DEF;22;FALSE;23;0;0;77.4;2;1;0;6.3
M084;17/07/2026;Round of 32;P00470;Amir Ferreira;Ghana;Senegal;DEF;25;FALSE;24;0;0;88.9;0;0;0;6.9
M084;17/07/2026;Round of 32;P00465;Kwame Haddad;Ghana;Senegal;DEF;28;FALSE;24;0;0;82.7;0;1;0;5.2
M084;17/07/2026;Round of 32;P00475;Marco Wagner;Ghana;Senegal;MID;21;FALSE;17;0;0;91.4;1;1;0;6.0
M084;17/07/2026;Round of 32;P00479;Emre Mensah;Ghana;Senegal;MID;27;FALSE;10;0;1;75.9;2;0;0;6.8
M084;17/07/2026;Round of 32;P00474;Amir Eriksen;Ghana;Senegal;MID;26;FALSE;29;0;0;82.1;2;0;0;5.5
M084;17/07/2026;Round of 32;P00478;Ivan Reyes;Ghana;Senegal;MID;21;FALSE;12;0;0;99.0;0;0;0;6.4
M084;17/07/2026;Round of 32;P00852;Hugo Ferreira;Senegal;Ghana;GK;27;TRUE;78;0;0;61.9;0;0;1;6.5
M084;17/07/2026;Round of 32;P00870;Gabriel Schmidt;Senegal;Ghana;MID;28;TRUE;87;0;0;93.9;0;0;0;5.9
M084;17/07/2026;Round of 32;P00855;Julian Weiss;Senegal;Ghana;DEF;27;TRUE;78;0;0;84.2;3;2;0;6.2
M084;17/07/2026;Round of 32;P00869;Ali Ibrahim;Senegal;Ghana;MID;18;TRUE;82;0;0;89.6;0;1;0;6.1
M084;17/07/2026;Round of 32;P00857;Josef Kamara;Senegal;Ghana;DEF;18;TRUE;81;0;0;76.9;3;0;0;6.6
M084;17/07/2026;Round of 32;P00871;Emre Silva;Senegal;Ghana;FWD;25;TRUE;52;0;0;80.5;2;2;0;5.7
M084;17/07/2026;Round of 32;P00872;Felix Nasser;Senegal;Ghana;FWD;23;TRUE;85;0;0;94.6;1;0;0;6.7
M084;17/07/2026;Round of 32;P00867;Pedro Kovac;Senegal;Ghana;MID;20;TRUE;89;0;0;93.0;1;1;0;6.5
M084;17/07/2026;Round of 32;P00863;Victor Costa;Senegal;Ghana;MID;24;TRUE;76;0;1;86.1;0;0;0;7.1
M084;17/07/2026;Round of 32;P00865;Tarek Osei;Senegal;Ghana;MID;26;TRUE;90;0;0;87.6;2;1;0;6.1
M084;17/07/2026;Round of 32;P00861;Yusuf Schmidt;Senegal;Ghana;DEF;34;TRUE;78;0;0;93.2;3;1;0;5.9
M084;17/07/2026;Round of 32;P00859;Julian Toure;Senegal;Ghana;DEF;25;FALSE;12;2;0;84.2;1;2;0;8.6
M084;17/07/2026;Round of 32;P00864;Adama Farah;Senegal;Ghana;MID;27;FALSE;20;0;0;85.5;0;0;0;5.9
M084;17/07/2026;Round of 32;P00868;Marcus Martins;Senegal;Ghana;MID;21;FALSE;13;0;0;86.4;1;1;0;5.6
M084;17/07/2026;Round of 32;P00858;Emre Balde;Senegal;Ghana;DEF;27;FALSE;15;0;0;96.2;0;1;0;6.6
M084;17/07/2026;Round of 32;P00873;Marco Mensah;Senegal;Ghana;FWD;23;FALSE;20;0;1;92.4;2;0;0;7.7
M084;17/07/2026;Round of 32;P00866;Yusuf Kim;Senegal;Ghana;MID;30;FALSE;14;0;0;92.5;2;0;0;7.4
M084;17/07/2026;Round of 32;P00874;Tomas Fernandez;Senegal;Ghana;FWD;23;FALSE;20;1;0;88.1;1;0;0;7.2
M085;17/07/2026;Round of 32;P00002;Adama Balde;Algeria;Morocco;GK;24;TRUE;85;0;0;68.9;0;0;6;6.0
M085;17/07/2026;Round of 32;P00023;Leon Reyes;Algeria;Morocco;FWD;24;TRUE;76;0;0;93.0;3;0;0;6.3
M085;17/07/2026;Round of 32;P00017;Adama Tanaka;Algeria;Morocco;MID;28;TRUE;65;1;0;87.8;4;1;0;8.1
M085;17/07/2026;Round of 32;P00013;Diego Horvat;Algeria;Morocco;MID;28;TRUE;84;0;0;84.0;1;2;0;6.8
M085;17/07/2026;Round of 32;P00021;Noah Almeida;Algeria;Morocco;FWD;32;TRUE;76;0;0;83.4;2;1;0;7.2
M085;17/07/2026;Round of 32;P00009;Victor Rossi;Algeria;Morocco;DEF;30;TRUE;76;0;0;76.7;2;0;0;6.2
M085;17/07/2026;Round of 32;P00014;Ismael Osei;Algeria;Morocco;MID;24;TRUE;80;0;0;88.5;5;2;0;6.3
M085;17/07/2026;Round of 32;P00007;Tomas Mensah;Algeria;Morocco;DEF;25;TRUE;77;0;0;95.7;2;0;0;6.6
M085;17/07/2026;Round of 32;P00011;Thiago Haddad;Algeria;Morocco;DEF;23;TRUE;75;0;0;91.7;5;0;0;6.6
M085;17/07/2026;Round of 32;P00005;Omar Toure;Algeria;Morocco;DEF;22;TRUE;80;0;0;86.3;4;0;0;6.1
M085;17/07/2026;Round of 32;P00006;Yuki Bakker;Algeria;Morocco;DEF;26;TRUE;90;0;0;84.6;0;1;0;6.5
M085;17/07/2026;Round of 32;P00012;Yuki Weiss;Algeria;Morocco;MID;25;FALSE;22;0;0;88.0;2;1;0;5.9
M085;17/07/2026;Round of 32;P00016;Miguel Toure;Algeria;Morocco;MID;20;FALSE;22;0;0;88.8;1;1;0;6.0
M085;17/07/2026;Round of 32;P00008;Ivan Haddad;Algeria;Morocco;DEF;18;FALSE;19;0;0;89.6;2;0;0;6.0
M085;17/07/2026;Round of 32;P00015;Anders Tanaka;Algeria;Morocco;MID;25;FALSE;21;0;0;75.7;2;0;0;5.8
M085;17/07/2026;Round of 32;P00010;Ruben Garcia;Algeria;Morocco;DEF;28;FALSE;27;0;0;70.0;0;0;0;6.8
M085;17/07/2026;Round of 32;P00019;Thiago Hassan;Algeria;Morocco;MID;27;FALSE;5;0;1;86.9;1;0;0;7.2
M085;17/07/2026;Round of 32;P00022;Diego Weiss;Algeria;Morocco;FWD;26;FALSE;6;0;0;88.6;0;0;0;5.8
M085;17/07/2026;Round of 32;P00647;Adama Cruz;Morocco;Algeria;GK;27;TRUE;82;0;0;70.3;0;0;0;6.3
M085;17/07/2026;Round of 32;P00663;Yusuf Sato;Morocco;Algeria;MID;32;TRUE;82;0;0;99.0;1;0;0;7.0
M085;17/07/2026;Round of 32;P00667;Nikolai Torres;Morocco;Algeria;FWD;27;TRUE;64;0;0;91.1;4;2;0;6.9
M085;17/07/2026;Round of 32;P00656;Sergio Eriksen;Morocco;Algeria;MID;26;TRUE;82;0;0;89.3;2;0;0;5.9
M085;17/07/2026;Round of 32;P00666;Pedro Costa;Morocco;Algeria;FWD;20;TRUE;78;0;0;91.0;4;1;0;6.7
M085;17/07/2026;Round of 32;P00654;Alex Larsen;Morocco;Algeria;DEF;26;TRUE;83;0;0;93.1;1;1;0;6.0
M085;17/07/2026;Round of 32;P00655;Kwame Reyes;Morocco;Algeria;DEF;32;TRUE;76;0;0;92.0;1;1;0;7.1
M085;17/07/2026;Round of 32;P00657;Kevin Dubois;Morocco;Algeria;MID;28;TRUE;54;0;0;86.9;2;1;0;6.5
M085;17/07/2026;Round of 32;P00665;Luca Silva;Morocco;Algeria;FWD;24;TRUE;73;2;0;91.1;2;1;0;8.1
M085;17/07/2026;Round of 32;P00650;Adama Kovacevic;Morocco;Algeria;DEF;25;TRUE;90;0;0;84.1;1;2;0;6.4
M085;17/07/2026;Round of 32;P00660;Ismael Yilmaz;Morocco;Algeria;MID;18;TRUE;90;0;0;84.9;2;1;0;6.3
M085;17/07/2026;Round of 32;P00651;Lucas Sato;Morocco;Algeria;DEF;25;FALSE;15;0;0;85.6;0;0;0;4.9
M085;17/07/2026;Round of 32;P00652;Rafael Dubois;Morocco;Algeria;DEF;31;FALSE;9;0;0;92.8;1;1;0;5.7
M085;17/07/2026;Round of 32;P00649;Mohamed Weiss;Morocco;Algeria;DEF;28;FALSE;12;0;2;83.8;0;0;0;7.1
M085;17/07/2026;Round of 32;P00664;Ali Nkomo;Morocco;Algeria;FWD;27;FALSE;6;0;0;90.1;1;1;0;6.4
M085;17/07/2026;Round of 32;P00658;Felix Nakamura;Morocco;Algeria;MID;23;FALSE;18;1;0;77.8;0;0;0;7.5
M085;17/07/2026;Round of 32;P00662;Anders Costa;Morocco;Algeria;MID;21;FALSE;16;0;0;81.5;2;0;0;6.2
M085;17/07/2026;Round of 32;P00648;Erik Kim;Morocco;Algeria;DEF;25;FALSE;17;0;0;99.0;0;1;0;7.0
M086;17/07/2026;Round of 32;P00578;Nikolai Ibrahim;Japan;England;GK;31;TRUE;73;0;0;72.3;0;0;3;7.0
M086;17/07/2026;Round of 32;P00583;Ali Torres;Japan;England;DEF;33;TRUE;69;0;0;83.1;1;1;0;6.7
M086;17/07/2026;Round of 32;P00593;Samuel Horvat;Japan;England;MID;24;TRUE;74;0;0;83.9;3;2;0;6.2
M086;17/07/2026;Round of 32;P00596;Josef Dubois;Japan;England;FWD;22;TRUE;75;0;0;80.3;2;1;0;6.7
M086;17/07/2026;Round of 32;P00579;Josef Hassan;Japan;England;DEF;26;TRUE;84;0;0;89.9;0;2;0;5.5
M086;17/07/2026;Round of 32;P00580;Victor Ferreira;Japan;England;DEF;23;TRUE;90;1;0;79.4;1;0;0;8.1
M086;17/07/2026;Round of 32;P00592;Marco Balde;Japan;England;MID;30;TRUE;81;0;0;91.8;2;0;0;6.0
M086;17/07/2026;Round of 32;P00591;Josef Balde;Japan;England;MID;25;TRUE;73;0;0;82.8;2;1;0;6.7
M086;17/07/2026;Round of 32;P00590;Jonas Kovacevic;Japan;England;MID;28;TRUE;75;0;0;81.8;3;1;0;6.5
M086;17/07/2026;Round of 32;P00586;Karim Mbeki;Japan;England;DEF;27;TRUE;81;0;0;91.0;4;1;0;6.1
M086;17/07/2026;Round of 32;P00584;Hugo Andersson;Japan;England;DEF;29;TRUE;71;0;0;86.0;0;0;0;6.5
M086;17/07/2026;Round of 32;P00597;Kofi Toure;Japan;England;FWD;28;FALSE;11;0;0;86.3;0;0;0;6.3
M086;17/07/2026;Round of 32;P00594;Nikolai Nkomo;Japan;England;MID;29;FALSE;22;0;1;75.9;1;0;0;6.2
M086;17/07/2026;Round of 32;P00598;Omar Bakker;Japan;England;FWD;27;FALSE;26;1;0;98.7;0;1;0;6.3
M086;17/07/2026;Round of 32;P00588;Ruben Johnson;Japan;England;MID;30;FALSE;29;0;0;94.6;1;0;0;5.4
M086;17/07/2026;Round of 32;P00585;Andres Nkomo;Japan;England;DEF;31;FALSE;13;0;0;87.5;1;0;0;6.1
M086;17/07/2026;Round of 32;P00582;Ruben Mbeki;Japan;England;DEF;24;FALSE;25;0;0;72.9;1;1;0;5.4
M086;17/07/2026;Round of 32;P00581;Marcus Eriksen;Japan;England;DEF;25;FALSE;7;0;0;74.3;2;1;0;6.0
M086;17/07/2026;Round of 32;P00394;Luca Fernandez;England;Japan;GK;24;TRUE;80;0;0;75.3;0;0;2;5.0
M086;17/07/2026;Round of 32;P00407;Anders Rossi;England;Japan;MID;31;TRUE;81;1;0;93.5;2;1;0;8.1
M086;17/07/2026;Round of 32;P00405;Omar Rossi;England;Japan;MID;26;TRUE;87;0;0;85.6;2;2;0;6.6
M086;17/07/2026;Round of 32;P00402;Erik Farah;England;Japan;DEF;29;TRUE;78;0;0;69.3;5;1;0;5.3
M086;17/07/2026;Round of 32;P00413;Ruben Lopez;England;Japan;FWD;22;TRUE;74;0;0;89.2;0;1;0;6.3
M086;17/07/2026;Round of 32;P00400;Sergio Alves;England;Japan;DEF;30;TRUE;90;0;0;82.6;2;3;0;6.7
M086;17/07/2026;Round of 32;P00403;Carlos Mbeki;England;Japan;MID;20;TRUE;78;0;0;86.6;1;0;0;6.6
M086;17/07/2026;Round of 32;P00409;Sergio Lopez;England;Japan;MID;28;TRUE;86;0;0;83.4;0;1;0;7.0
M086;17/07/2026;Round of 32;P00401;Adama Dubois;England;Japan;DEF;25;TRUE;77;0;0;85.5;1;1;0;6.7
M086;17/07/2026;Round of 32;P00411;Marco Tanaka;England;Japan;FWD;29;TRUE;74;0;0;74.8;1;2;0;5.9
M086;17/07/2026;Round of 32;P00397;Alex Johnson;England;Japan;DEF;26;TRUE;88;0;1;88.6;0;2;0;6.6
M086;17/07/2026;Round of 32;P00404;Hugo Benali;England;Japan;MID;27;FALSE;10;0;0;83.6;0;1;0;5.5
M086;17/07/2026;Round of 32;P00396;Adama Petit;England;Japan;DEF;29;FALSE;24;0;0;94.2;0;3;0;6.5
M086;17/07/2026;Round of 32;P00398;Felix Schmidt;England;Japan;DEF;27;FALSE;5;0;0;80.9;1;0;0;7.3
M086;17/07/2026;Round of 32;P00408;Omar Haddad;England;Japan;MID;23;FALSE;8;1;0;94.5;1;2;0;7.1
M086;17/07/2026;Round of 32;P00395;Sven Berg;England;Japan;DEF;19;FALSE;7;0;0;82.8;1;0;0;6.2
M086;17/07/2026;Round of 32;P00414;Yusuf Bakker;England;Japan;FWD;19;FALSE;11;0;0;93.9;2;0;0;5.8
M086;17/07/2026;Round of 32;P00410;Yuki Lopez;England;Japan;MID;24;FALSE;14;0;0;76.0;1;0;0;6.4
M087;17/07/2026;Round of 32;P00439;Nikolai Alves;Germany;Egypt;GK;27;TRUE;89;0;0;79.6;0;0;6;6.1
M087;17/07/2026;Round of 32;P00457;Sven Bakker;Germany;Egypt;FWD;33;TRUE;90;0;0;91.1;0;0;0;6.5
M087;17/07/2026;Round of 32;P00441;Yusuf Hassan;Germany;Egypt;DEF;24;TRUE;79;0;0;85.2;3;2;0;5.7
M087;17/07/2026;Round of 32;P00452;Felix Lopez;Germany;Egypt;MID;22;TRUE;90;0;0;91.8;2;1;0;5.7
M087;17/07/2026;Round of 32;P00451;Amir Novak;Germany;Egypt;MID;23;TRUE;83;0;0;82.8;1;3;0;6.1
M087;17/07/2026;Round of 32;P00456;Omar Hassan;Germany;Egypt;MID;28;TRUE;90;0;0;86.2;1;2;0;6.7
M087;17/07/2026;Round of 32;P00442;Thiago Larsen;Germany;Egypt;DEF;29;TRUE;70;0;0;90.3;1;1;0;6.5
M087;17/07/2026;Round of 32;P00446;Omar Benali;Germany;Egypt;DEF;24;TRUE;78;0;0;75.8;2;1;0;6.0
M087;17/07/2026;Round of 32;P00445;Kevin Costa;Germany;Egypt;DEF;28;TRUE;73;0;0;86.9;2;1;0;6.9
M087;17/07/2026;Round of 32;P00447;Miguel Larsen;Germany;Egypt;DEF;29;TRUE;81;0;0;88.4;0;1;0;7.5
M087;17/07/2026;Round of 32;P00450;Victor Mbeki;Germany;Egypt;MID;18;TRUE;67;0;0;92.7;2;1;0;6.3
M087;17/07/2026;Round of 32;P00460;Andres Costa;Germany;Egypt;FWD;27;FALSE;20;0;0;85.4;2;0;0;6.8
M087;17/07/2026;Round of 32;P00453;Bruno Torres;Germany;Egypt;MID;25;FALSE;23;0;0;86.8;1;0;0;7.0
M087;17/07/2026;Round of 32;P00443;Mohamed Alves;Germany;Egypt;DEF;34;FALSE;8;0;0;87.2;1;1;0;6.8
M087;17/07/2026;Round of 32;P00448;Luca Mbeki;Germany;Egypt;DEF;27;FALSE;12;0;0;83.3;1;0;0;6.6
M087;17/07/2026;Round of 32;P00449;Victor Sato;Germany;Egypt;MID;30;FALSE;6;0;0;85.0;0;0;0;6.9
M087;17/07/2026;Round of 32;P00458;Amir Osei;Germany;Egypt;FWD;18;FALSE;6;0;0;88.6;1;0;0;5.8
M087;17/07/2026;Round of 32;P00455;Andres Weiss;Germany;Egypt;MID;23;FALSE;16;0;0;96.3;2;0;0;5.8
M087;17/07/2026;Round of 32;P00371;Samuel Tanaka;Egypt;Germany;GK;28;TRUE;73;0;0;69.9;0;0;4;6.2
M087;17/07/2026;Round of 32;P00389;Ismael Bakker;Egypt;Germany;FWD;27;TRUE;84;0;0;82.2;2;2;0;6.0
M087;17/07/2026;Round of 32;P00372;Elias Lopez;Egypt;Germany;DEF;19;TRUE;76;0;0;94.5;4;2;0;6.8
M087;17/07/2026;Round of 32;P00380;Luca Andersson;Egypt;Germany;MID;28;TRUE;66;0;0;89.5;2;1;0;6.9
M087;17/07/2026;Round of 32;P00382;Andres Sato;Egypt;Germany;MID;25;TRUE;90;0;1;88.0;1;3;0;6.8
M087;17/07/2026;Round of 32;P00381;Jonas Berg;Egypt;Germany;MID;29;TRUE;78;0;0;93.6;1;3;0;7.2
M087;17/07/2026;Round of 32;P00385;Ivan Johnson;Egypt;Germany;MID;18;TRUE;90;1;0;89.5;2;0;0;8.6
M087;17/07/2026;Round of 32;P00379;Ivan Kim;Egypt;Germany;DEF;25;TRUE;85;0;0;90.9;2;1;0;5.8
M087;17/07/2026;Round of 32;P00374;Julian Novak;Egypt;Germany;DEF;33;TRUE;87;0;1;94.3;0;0;0;6.8
M087;17/07/2026;Round of 32;P00383;Tomas Novak;Egypt;Germany;MID;24;TRUE;81;2;0;91.5;0;1;0;8.2
M087;17/07/2026;Round of 32;P00378;Pedro Ferreira;Egypt;Germany;DEF;30;TRUE;67;0;1;94.8;2;1;0;6.6
M087;17/07/2026;Round of 32;P00373;Sven Muller;Egypt;Germany;DEF;26;FALSE;10;0;0;92.5;1;1;0;6.3
M087;17/07/2026;Round of 32;P00375;Sven Nasser;Egypt;Germany;DEF;25;FALSE;12;0;0;95.4;3;1;0;5.7
M087;17/07/2026;Round of 32;P00377;Amir Andersson;Egypt;Germany;DEF;20;FALSE;28;0;0;84.3;1;0;0;5.5
M087;17/07/2026;Round of 32;P00390;Andres Dubois;Egypt;Germany;FWD;25;FALSE;22;0;0;91.8;1;2;0;6.2
M087;17/07/2026;Round of 32;P00391;Tarek Nkomo;Egypt;Germany;FWD;26;FALSE;6;1;0;87.2;0;0;0;7.4
M087;17/07/2026;Round of 32;P00387;Karim Nkomo;Egypt;Germany;MID;25;FALSE;27;0;0;87.6;1;0;0;6.6
M087;17/07/2026;Round of 32;P00384;Mateus Toure;Egypt;Germany;MID;22;FALSE;29;0;0;82.5;1;2;0;6.4
M088;17/07/2026;Round of 32;P00072;Hugo Hassan;Austria;Ecuador;GK;24;TRUE;77;0;0;82.1;0;0;5;6.3
M088;17/07/2026;Round of 32;P00090;Carlos Johnson;Austria;Ecuador;FWD;28;TRUE;90;0;0;84.1;0;1;0;7.0
M088;17/07/2026;Round of 32;P00075;Elias Garcia;Austria;Ecuador;DEF;32;TRUE;87;0;0;91.4;1;0;0;5.9
M088;17/07/2026;Round of 32;P00077;Adama Reyes;Austria;Ecuador;DEF;27;TRUE;90;0;0;81.7;3;0;0;6.1
M088;17/07/2026;Round of 32;P00086;Ali Horvat;Austria;Ecuador;MID;23;TRUE;90;0;0;84.5;3;0;0;6.3
M088;17/07/2026;Round of 32;P00079;Yusuf Reyes;Austria;Ecuador;DEF;25;TRUE;72;0;0;79.0;3;3;0;7.2
M088;17/07/2026;Round of 32;P00073;Chidi Costa;Austria;Ecuador;DEF;26;TRUE;79;0;1;87.2;3;2;0;7.6
M088;17/07/2026;Round of 32;P00084;Ivan Ibrahim;Austria;Ecuador;MID;22;TRUE;79;0;0;84.7;2;2;0;6.3
M088;17/07/2026;Round of 32;P00080;Andres Farah;Austria;Ecuador;DEF;18;TRUE;81;0;0;87.0;4;0;0;6.8
M088;17/07/2026;Round of 32;P00089;Karim Andersson;Austria;Ecuador;FWD;32;TRUE;90;0;0;91.1;3;1;0;6.4
M088;17/07/2026;Round of 32;P00088;Anders Ibrahim;Austria;Ecuador;MID;31;TRUE;83;0;0;84.8;3;0;0;5.9
M088;17/07/2026;Round of 32;P00085;Noah Horvat;Austria;Ecuador;MID;25;FALSE;10;0;0;85.1;0;0;0;5.9
M088;17/07/2026;Round of 32;P00076;Lucas Berg;Austria;Ecuador;DEF;25;FALSE;26;0;0;97.5;0;0;0;6.0
M088;17/07/2026;Round of 32;P00078;Andres Hassan;Austria;Ecuador;DEF;28;FALSE;21;0;0;91.3;2;0;0;6.4
M088;17/07/2026;Round of 32;P00082;Sven Sato;Austria;Ecuador;MID;29;FALSE;11;0;0;81.4;1;0;0;6.4
M088;17/07/2026;Round of 32;P00091;Victor Almeida;Austria;Ecuador;FWD;28;FALSE;19;0;0;87.5;0;0;0;5.7
M088;17/07/2026;Round of 32;P00087;Carlos Nasser;Austria;Ecuador;MID;24;FALSE;29;1;0;82.6;2;1;0;7.7
M088;17/07/2026;Round of 32;P00074;Adama Popov;Austria;Ecuador;DEF;31;FALSE;25;0;0;91.8;0;0;0;5.2
M088;17/07/2026;Round of 32;P00346;Ruben Nasser;Ecuador;Austria;GK;23;TRUE;84;0;0;75.4;0;0;2;5.8
M088;17/07/2026;Round of 32;P00350;Daniel Garcia;Ecuador;Austria;DEF;23;TRUE;80;0;0;99.0;4;2;0;7.0
M088;17/07/2026;Round of 32;P00349;Chidi Bakker;Ecuador;Austria;DEF;32;TRUE;74;0;0;87.5;2;0;0;6.0
M088;17/07/2026;Round of 32;P00359;Felix Rossi;Ecuador;Austria;MID;25;TRUE;89;0;0;90.1;3;0;0;6.9
M088;17/07/2026;Round of 32;P00354;Karim Rossi;Ecuador;Austria;DEF;18;TRUE;89;0;0;85.2;3;0;0;6.8
M088;17/07/2026;Round of 32;P00352;Mateus Mbeki;Ecuador;Austria;DEF;33;TRUE;89;0;0;93.4;0;1;0;6.6
M088;17/07/2026;Round of 32;P00356;Alex Torres;Ecuador;Austria;DEF;26;TRUE;81;0;0;88.3;3;1;0;6.1
M088;17/07/2026;Round of 32;P00351;Ali Kovacevic;Ecuador;Austria;DEF;36;TRUE;85;0;0;92.1;3;1;0;6.0
M088;17/07/2026;Round of 32;P00368;Julian Petit;Ecuador;Austria;FWD;28;TRUE;73;0;0;84.2;2;1;0;6.9
M088;17/07/2026;Round of 32;P00362;Kwame Cruz;Ecuador;Austria;MID;30;TRUE;88;0;0;87.4;2;1;0;6.6
M088;17/07/2026;Round of 32;P00364;Erik Rossi;Ecuador;Austria;MID;26;TRUE;78;0;0;91.4;0;1;0;6.8
M088;17/07/2026;Round of 32;P00367;Gabriel Mbeki;Ecuador;Austria;FWD;26;FALSE;28;0;0;77.1;0;0;0;5.7
M088;17/07/2026;Round of 32;P00361;Hugo Yilmaz;Ecuador;Austria;MID;28;FALSE;6;0;0;81.6;2;0;0;6.3
M088;17/07/2026;Round of 32;P00358;Pedro Nasser;Ecuador;Austria;MID;26;FALSE;27;0;0;94.5;1;1;0;6.4
M088;17/07/2026;Round of 32;P00357;Chidi Balde;Ecuador;Austria;MID;18;FALSE;16;0;0;79.4;0;0;0;6.1
M088;17/07/2026;Round of 32;P00353;Chidi Kim;Ecuador;Austria;DEF;25;FALSE;29;0;0;77.7;1;0;0;6.0
M088;17/07/2026;Round of 32;P00365;Kofi Johnson;Ecuador;Austria;FWD;23;FALSE;19;0;0;84.5;0;0;0;6.8
M088;17/07/2026;Round of 32;P00363;Ismael Balde;Ecuador;Austria;MID;24;FALSE;20;0;0;80.3;1;0;0;6.6
M089;19/07/2026;Round of 16;P00255;Karim Popov;Croatia;Ivory Coast;GK;26;TRUE;75;0;0;63.5;0;0;4;7.1
M089;19/07/2026;Round of 16;P00270;Ahmed Mensah;Croatia;Ivory Coast;MID;28;TRUE;88;0;1;84.0;0;2;0;5.9
M089;19/07/2026;Round of 16;P00265;Mateus Benali;Croatia;Ivory Coast;MID;31;TRUE;77;0;1;77.6;0;0;0;7.1
M089;19/07/2026;Round of 16;P00271;Amir Farah;Croatia;Ivory Coast;MID;25;TRUE;90;0;0;92.5;1;2;0;5.1
M089;19/07/2026;Round of 16;P00264;Kofi Horvat;Croatia;Ivory Coast;DEF;27;TRUE;82;0;0;92.9;2;1;0;5.8
M089;19/07/2026;Round of 16;P00272;Ruben Dubois;Croatia;Ivory Coast;MID;31;TRUE;69;0;0;89.1;3;0;0;6.5
M089;19/07/2026;Round of 16;P00257;Elias Souza;Croatia;Ivory Coast;DEF;24;TRUE;69;0;0;81.0;2;0;0;6.7
M089;19/07/2026;Round of 16;P00267;Carlos Alves;Croatia;Ivory Coast;MID;23;TRUE;77;0;0;95.9;0;1;0;5.8
M089;19/07/2026;Round of 16;P00268;Thiago Martins;Croatia;Ivory Coast;MID;27;TRUE;84;1;0;83.5;3;1;0;8.1
M089;19/07/2026;Round of 16;P00259;Julian Ibrahim;Croatia;Ivory Coast;DEF;25;TRUE;87;0;0;87.1;2;3;0;5.6
M089;19/07/2026;Round of 16;P00269;Andres Cruz;Croatia;Ivory Coast;MID;23;TRUE;90;0;0;80.4;2;1;0;7.4
M089;19/07/2026;Round of 16;P00261;Andres Kovac;Croatia;Ivory Coast;DEF;30;FALSE;24;1;0;82.9;2;0;0;7.0
M089;19/07/2026;Round of 16;P00276;Ismael Petit;Croatia;Ivory Coast;FWD;29;FALSE;29;1;0;97.7;1;1;0;6.6
M089;19/07/2026;Round of 16;P00266;Diego Ferreira;Croatia;Ivory Coast;MID;26;FALSE;7;0;0;73.2;0;1;0;5.9
M089;19/07/2026;Round of 16;P00274;Yuki Ibrahim;Croatia;Ivory Coast;FWD;23;FALSE;16;0;0;75.8;0;0;0;5.3
M089;19/07/2026;Round of 16;P00273;Lucas Benali;Croatia;Ivory Coast;FWD;27;FALSE;29;0;0;89.9;0;0;0;5.9
M089;19/07/2026;Round of 16;P00258;Andres Tanaka;Croatia;Ivory Coast;DEF;22;FALSE;14;0;0;83.7;0;0;0;5.7
M089;19/07/2026;Round of 16;P00262;Ismael Garcia;Croatia;Ivory Coast;DEF;29;FALSE;21;0;0;81.8;2;0;0;7.0
M089;19/07/2026;Round of 16;P00531;Pedro Mensah;Ivory Coast;Croatia;GK;28;TRUE;80;0;0;70.5;0;0;4;7.8
M089;19/07/2026;Round of 16;P00547;Ruben Osei;Ivory Coast;Croatia;MID;25;TRUE;69;0;1;87.1;3;0;0;5.6
M089;19/07/2026;Round of 16;P00533;Alex Sato;Ivory Coast;Croatia;DEF;22;TRUE;90;0;0;83.5;2;0;0;6.9
M089;19/07/2026;Round of 16;P00543;Erik Schmidt;Ivory Coast;Croatia;MID;29;TRUE;85;0;0;91.2;2;1;0;5.8
M089;19/07/2026;Round of 16;P00545;Samuel Kovac;Ivory Coast;Croatia;MID;18;TRUE;84;0;0;87.6;0;2;0;7.0
M089;19/07/2026;Round of 16;P00537;Thiago Torres;Ivory Coast;Croatia;DEF;31;TRUE;90;0;0;87.6;0;0;0;6.4
M089;19/07/2026;Round of 16;P00546;Ismael Martins;Ivory Coast;Croatia;MID;27;TRUE;90;0;0;93.6;2;0;0;6.2
M089;19/07/2026;Round of 16;P00551;Kofi Alves;Ivory Coast;Croatia;FWD;29;TRUE;79;0;0;81.4;0;0;0;6.4
M089;19/07/2026;Round of 16;P00549;Kwame Sato;Ivory Coast;Croatia;FWD;27;TRUE;71;1;0;89.8;0;0;0;7.3
M089;19/07/2026;Round of 16;P00541;Tarek Kim;Ivory Coast;Croatia;MID;23;TRUE;78;0;0;90.8;1;2;0;5.2
M089;19/07/2026;Round of 16;P00544;Omar Mbeki;Ivory Coast;Croatia;MID;20;TRUE;79;1;0;88.8;4;1;0;8.0
M089;19/07/2026;Round of 16;P00536;Victor Dubois;Ivory Coast;Croatia;DEF;21;FALSE;28;0;0;99.0;0;1;0;6.1
M089;19/07/2026;Round of 16;P00548;Emre Popov;Ivory Coast;Croatia;MID;26;FALSE;7;0;0;76.0;1;1;0;5.6
M089;19/07/2026;Round of 16;P00552;Omar Lopez;Ivory Coast;Croatia;FWD;22;FALSE;8;0;0;88.1;1;0;0;5.8
M089;19/07/2026;Round of 16;P00540;Ivan Tanaka;Ivory Coast;Croatia;DEF;24;FALSE;7;0;0;96.7;2;1;0;6.1
M089;19/07/2026;Round of 16;P00538;Tomas Sato;Ivory Coast;Croatia;DEF;26;FALSE;28;0;0;86.8;0;2;0;6.1
M089;19/07/2026;Round of 16;P00535;Ivan Diallo;Ivory Coast;Croatia;DEF;26;FALSE;14;0;0;78.3;2;1;0;5.8
M089;19/07/2026;Round of 16;P00534;Ivan Lopez;Ivory Coast;Croatia;DEF;20;FALSE;25;0;0;84.1;0;0;0;6.5
M090;19/07/2026;Round of 16;P00485;Julian Torres;Iran;Norway;GK;24;TRUE;90;0;0;74.2;0;0;2;5.7
M090;19/07/2026;Round of 16;P00500;Gabriel Petit;Iran;Norway;MID;27;TRUE;83;1;0;94.9;1;2;0;6.3
M090;19/07/2026;Round of 16;P00493;Leon Ferreira;Iran;Norway;DEF;30;TRUE;80;0;0;96.9;2;1;0;6.1
M090;19/07/2026;Round of 16;P00499;Victor Farah;Iran;Norway;MID;20;TRUE;90;0;0;83.7;2;1;0;5.7
M090;19/07/2026;Round of 16;P00506;Omar Horvat;Iran;Norway;FWD;27;TRUE;80;0;0;82.8;2;0;0;6.7
M090;19/07/2026;Round of 16;P00497;Ruben Reyes;Iran;Norway;MID;30;TRUE;76;1;0;84.9;2;2;0;7.0
M090;19/07/2026;Round of 16;P00494;Andres Schmidt;Iran;Norway;DEF;24;TRUE;83;0;0;98.4;1;3;0;6.4
M090;19/07/2026;Round of 16;P00496;Samuel Kovacevic;Iran;Norway;MID;28;TRUE;87;0;0;90.2;1;0;0;6.1
M090;19/07/2026;Round of 16;P00503;Sven Balde;Iran;Norway;FWD;27;TRUE;77;0;0;93.5;0;0;0;6.6
M090;19/07/2026;Round of 16;P00489;Erik Sato;Iran;Norway;DEF;24;TRUE;80;0;0;86.8;4;3;0;6.2
M090;19/07/2026;Round of 16;P00492;Carlos Almeida;Iran;Norway;DEF;29;TRUE;84;0;0;85.5;0;1;0;6.6
M090;19/07/2026;Round of 16;P00501;Yuki Kovac;Iran;Norway;MID;32;FALSE;29;0;0;87.3;0;0;0;5.4
M090;19/07/2026;Round of 16;P00491;Kofi Silva;Iran;Norway;DEF;23;FALSE;20;0;1;92.3;2;0;0;6.1
M090;19/07/2026;Round of 16;P00495;Gabriel Costa;Iran;Norway;MID;20;FALSE;21;0;0;82.3;0;0;0;6.0
M090;19/07/2026;Round of 16;P00488;Amir Toure;Iran;Norway;DEF;25;FALSE;8;0;0;88.1;2;0;0;6.2
M090;19/07/2026;Round of 16;P00498;Ruben Kovac;Iran;Norway;MID;25;FALSE;20;0;0;85.9;1;0;0;6.1
M090;19/07/2026;Round of 16;P00502;Erik Nasser;Iran;Norway;MID;18;FALSE;8;0;0;96.3;2;2;0;5.7
M090;19/07/2026;Round of 16;P00487;Mateus Petit;Iran;Norway;DEF;23;FALSE;20;0;0;86.6;0;0;0;7.3
M090;19/07/2026;Round of 16;P00693;Jonas Kim;Norway;Iran;GK;29;TRUE;76;0;0;76.1;0;0;2;6.3
M090;19/07/2026;Round of 16;P00711;Leon Osei;Norway;Iran;FWD;23;TRUE;80;0;0;89.6;3;1;0;6.2
M090;19/07/2026;Round of 16;P00702;Karim Almeida;Norway;Iran;MID;28;TRUE;79;0;0;89.4;0;1;0;7.1
M090;19/07/2026;Round of 16;P00704;Karim Sato;Norway;Iran;MID;19;TRUE;81;0;0;85.7;2;0;0;7.1
M090;19/07/2026;Round of 16;P00699;Kevin Sato;Norway;Iran;DEF;27;TRUE;90;0;0;93.2;2;2;0;6.7
M090;19/07/2026;Round of 16;P00709;Yuki Andersson;Norway;Iran;MID;26;TRUE;74;0;0;84.8;1;2;0;7.4
M090;19/07/2026;Round of 16;P00698;Andres Eriksen;Norway;Iran;DEF;19;TRUE;82;0;0;89.5;2;1;0;6.1
M090;19/07/2026;Round of 16;P00707;Josef Ibrahim;Norway;Iran;MID;24;TRUE;84;0;0;95.3;0;2;0;5.8
M090;19/07/2026;Round of 16;P00695;Kevin Nkomo;Norway;Iran;DEF;25;TRUE;89;1;0;86.9;0;0;0;7.4
M090;19/07/2026;Round of 16;P00701;Julian Muller;Norway;Iran;DEF;25;TRUE;90;0;0;83.9;2;0;0;5.9
M090;19/07/2026;Round of 16;P00694;Tomas Toure;Norway;Iran;DEF;21;TRUE;79;0;0;81.4;2;0;0;7.1
M090;19/07/2026;Round of 16;P00700;Amir Tanaka;Norway;Iran;DEF;24;FALSE;9;0;0;79.8;0;0;0;6.6
M090;19/07/2026;Round of 16;P00708;Marcus Mbeki;Norway;Iran;MID;31;FALSE;23;0;0;79.0;0;2;0;5.3
M090;19/07/2026;Round of 16;P00697;Mohamed Popov;Norway;Iran;DEF;27;FALSE;23;0;0;95.5;1;1;0;5.8
M090;19/07/2026;Round of 16;P00705;Omar Weiss;Norway;Iran;MID;30;FALSE;25;0;0;85.7;0;0;0;6.3
M090;19/07/2026;Round of 16;P00703;Chidi Nkomo;Norway;Iran;MID;30;FALSE;13;0;0;87.0;1;0;0;6.4
M090;19/07/2026;Round of 16;P00713;Kwame Horvat;Norway;Iran;FWD;30;FALSE;25;0;0;89.1;1;2;0;6.3
M090;19/07/2026;Round of 16;P00706;Noah Nkomo;Norway;Iran;MID;28;FALSE;10;0;0;94.0;1;1;0;6.2
M091;19/07/2026;Round of 16;P00668;Marcus Yilmaz;Netherlands;Mexico;GK;26;TRUE;89;0;0;67.8;0;0;6;7.3
M091;19/07/2026;Round of 16;P00673;Ivan Berg;Netherlands;Mexico;DEF;27;TRUE;90;0;0;84.3;2;4;0;5.7
M091;19/07/2026;Round of 16;P00689;Mateus Diallo;Netherlands;Mexico;FWD;30;TRUE;83;0;0;83.5;3;0;0;6.3
M091;19/07/2026;Round of 16;P00675;Ali Mensah;Netherlands;Mexico;DEF;25;TRUE;85;0;0;89.7;1;0;0;7.1
M091;19/07/2026;Round of 16;P00674;Jonas Bakker;Netherlands;Mexico;DEF;26;TRUE;71;0;0;88.3;6;1;0;6.3
M091;19/07/2026;Round of 16;P00683;Gabriel Hassan;Netherlands;Mexico;MID;29;TRUE;61;0;0;84.5;4;2;0;7.7
M091;19/07/2026;Round of 16;P00688;Alex Horvat;Netherlands;Mexico;FWD;28;TRUE;78;0;0;97.2;0;0;0;5.4
M091;19/07/2026;Round of 16;P00672;Yusuf Nkomo;Netherlands;Mexico;DEF;26;TRUE;80;0;0;78.5;2;3;0;5.9
M091;19/07/2026;Round of 16;P00680;Jonas Garcia;Netherlands;Mexico;MID;27;TRUE;90;0;0;86.8;1;1;0;6.6
M091;19/07/2026;Round of 16;P00677;Ahmed Garcia;Netherlands;Mexico;DEF;26;TRUE;87;0;1;84.2;1;4;0;7.4
M091;19/07/2026;Round of 16;P00678;Alex Schmidt;Netherlands;Mexico;DEF;21;TRUE;89;0;1;89.4;3;1;0;6.4
M091;19/07/2026;Round of 16;P00682;Jonas Sato;Netherlands;Mexico;MID;21;FALSE;11;0;0;81.4;1;1;0;6.4
M091;19/07/2026;Round of 16;P00676;Kwame Osei;Netherlands;Mexico;DEF;18;FALSE;21;0;0;90.3;1;1;0;5.5
M091;19/07/2026;Round of 16;P00686;Elias Andersson;Netherlands;Mexico;MID;18;FALSE;7;1;0;85.7;1;1;0;6.9
M091;19/07/2026;Round of 16;P00684;Julian Dubois;Netherlands;Mexico;MID;27;FALSE;12;0;0;86.5;1;0;0;6.4
M091;19/07/2026;Round of 16;P00679;Emre Wagner;Netherlands;Mexico;MID;26;FALSE;16;1;0;86.6;1;1;0;7.8
M091;19/07/2026;Round of 16;P00671;Ahmed Diallo;Netherlands;Mexico;DEF;21;FALSE;10;0;0;77.8;2;2;0;6.4
M091;19/07/2026;Round of 16;P00690;Karim Fernandez;Netherlands;Mexico;FWD;23;FALSE;5;0;0;94.8;0;0;0;7.0
M091;19/07/2026;Round of 16;P00623;Victor Tanaka;Mexico;Netherlands;GK;29;TRUE;79;0;0;71.3;0;0;5;7.6
M091;19/07/2026;Round of 16;P00636;Marcus Nkomo;Mexico;Netherlands;MID;21;TRUE;73;0;0;81.7;3;0;0;7.0
M091;19/07/2026;Round of 16;P00631;Yusuf Dubois;Mexico;Netherlands;DEF;25;TRUE;86;0;0;90.3;0;1;0;6.3
M091;19/07/2026;Round of 16;P00641;Samuel Schmidt;Mexico;Netherlands;FWD;26;TRUE;90;0;0;91.9;1;1;0;6.9
M091;19/07/2026;Round of 16;P00642;Ismael Sato;Mexico;Netherlands;FWD;29;TRUE;76;0;0;92.5;2;2;0;6.6
M091;19/07/2026;Round of 16;P00638;Rafael Andersson;Mexico;Netherlands;MID;20;TRUE;87;0;0;82.8;0;1;0;6.1
M091;19/07/2026;Round of 16;P00637;Lucas Johnson;Mexico;Netherlands;MID;23;TRUE;90;0;0;84.8;1;2;0;6.3
M091;19/07/2026;Round of 16;P00634;Carlos Tanaka;Mexico;Netherlands;MID;25;TRUE;80;0;0;85.1;1;0;0;7.5
M091;19/07/2026;Round of 16;P00644;Marcus Souza;Mexico;Netherlands;FWD;22;TRUE;79;0;0;91.2;0;1;0;6.3
M091;19/07/2026;Round of 16;P00635;Gabriel Popov;Mexico;Netherlands;MID;28;TRUE;78;0;0;89.8;2;2;0;7.7
M091;19/07/2026;Round of 16;P00629;Erik Popov;Mexico;Netherlands;DEF;20;TRUE;82;0;0;80.4;5;0;0;6.2
M091;19/07/2026;Round of 16;P00639;Lucas Rossi;Mexico;Netherlands;MID;25;FALSE;18;0;0;77.8;2;0;0;5.7
M091;19/07/2026;Round of 16;P00632;Ivan Popov;Mexico;Netherlands;DEF;25;FALSE;5;0;0;86.1;0;0;0;6.2
M091;19/07/2026;Round of 16;P00633;Miguel Nkomo;Mexico;Netherlands;MID;30;FALSE;9;0;0;84.2;0;0;0;5.9
M091;19/07/2026;Round of 16;P00640;Elias Torres;Mexico;Netherlands;MID;30;FALSE;16;0;0;81.9;1;1;0;7.0
M091;19/07/2026;Round of 16;P00643;Ivan Farah;Mexico;Netherlands;FWD;21;FALSE;19;0;0;86.4;0;0;0;6.5
M091;19/07/2026;Round of 16;P00628;Omar Balde;Mexico;Netherlands;DEF;27;FALSE;8;0;0;75.1;0;0;0;6.6
M091;19/07/2026;Round of 16;P00625;Miguel Diallo;Mexico;Netherlands;DEF;28;FALSE;12;0;0;90.3;2;1;0;5.9
M092;19/07/2026;Round of 16;P00369;Marcus Weiss;Egypt;Senegal;GK;23;TRUE;87;0;0;72.6;0;0;6;7.1
M092;19/07/2026;Round of 16;P00376;Hugo Farah;Egypt;Senegal;DEF;21;TRUE;90;0;0;93.2;1;1;0;7.2
M092;19/07/2026;Round of 16;P00381;Jonas Berg;Egypt;Senegal;MID;29;TRUE;65;0;0;87.4;1;0;0;6.6
M092;19/07/2026;Round of 16;P00373;Sven Muller;Egypt;Senegal;DEF;26;TRUE;79;0;0;98.5;0;1;0;6.1
M092;19/07/2026;Round of 16;P00391;Tarek Nkomo;Egypt;Senegal;FWD;26;TRUE;65;0;0;77.5;2;0;0;6.4
M092;19/07/2026;Round of 16;P00383;Tomas Novak;Egypt;Senegal;MID;24;TRUE;77;0;0;82.3;4;1;0;6.4
M092;19/07/2026;Round of 16;P00382;Andres Sato;Egypt;Senegal;MID;25;TRUE;90;0;0;97.2;3;0;0;6.3
M092;19/07/2026;Round of 16;P00385;Ivan Johnson;Egypt;Senegal;MID;18;TRUE;90;0;0;85.0;2;0;0;6.2
M092;19/07/2026;Round of 16;P00378;Pedro Ferreira;Egypt;Senegal;DEF;30;TRUE;69;0;0;98.2;2;2;0;6.2
M092;19/07/2026;Round of 16;P00375;Sven Nasser;Egypt;Senegal;DEF;25;TRUE;76;0;0;90.8;4;1;0;6.9
M092;19/07/2026;Round of 16;P00388;Ahmed Nakamura;Egypt;Senegal;FWD;25;TRUE;76;0;0;85.9;2;1;0;6.3
M092;19/07/2026;Round of 16;P00389;Ismael Bakker;Egypt;Senegal;FWD;27;FALSE;6;0;0;77.5;1;1;0;5.5
M092;19/07/2026;Round of 16;P00372;Elias Lopez;Egypt;Senegal;DEF;19;FALSE;18;0;0;85.0;0;0;0;5.6
M092;19/07/2026;Round of 16;P00387;Karim Nkomo;Egypt;Senegal;MID;25;FALSE;17;0;0;95.8;0;0;0;6.1
M092;19/07/2026;Round of 16;P00379;Ivan Kim;Egypt;Senegal;DEF;25;FALSE;27;0;0;86.7;2;0;0;6.9
M092;19/07/2026;Round of 16;P00390;Andres Dubois;Egypt;Senegal;FWD;25;FALSE;15;0;0;78.8;0;1;0;6.2
M092;19/07/2026;Round of 16;P00384;Mateus Toure;Egypt;Senegal;MID;22;FALSE;22;0;0;91.3;1;0;0;5.3
M092;19/07/2026;Round of 16;P00380;Luca Andersson;Egypt;Senegal;MID;28;FALSE;6;0;0;76.5;0;0;0;5.6
M092;19/07/2026;Round of 16;P00852;Hugo Ferreira;Senegal;Egypt;GK;27;TRUE;71;0;0;71.7;0;0;4;5.8
M092;19/07/2026;Round of 16;P00861;Yusuf Schmidt;Senegal;Egypt;DEF;34;TRUE;78;0;0;99.0;2;2;0;5.8
M092;19/07/2026;Round of 16;P00869;Ali Ibrahim;Senegal;Egypt;MID;18;TRUE;90;0;1;75.4;0;1;0;6.9
M092;19/07/2026;Round of 16;P00870;Gabriel Schmidt;Senegal;Egypt;MID;28;TRUE;79;0;0;98.7;2;0;0;5.9
M092;19/07/2026;Round of 16;P00857;Josef Kamara;Senegal;Egypt;DEF;18;TRUE;84;0;0;87.2;5;0;0;5.9
M092;19/07/2026;Round of 16;P00864;Adama Farah;Senegal;Egypt;MID;27;TRUE;80;0;0;90.8;2;1;0;6.5
M092;19/07/2026;Round of 16;P00860;Josef Eriksen;Senegal;Egypt;DEF;29;TRUE;77;0;0;86.5;0;4;0;6.1
M092;19/07/2026;Round of 16;P00868;Marcus Martins;Senegal;Egypt;MID;21;TRUE;80;1;0;91.1;1;3;0;9.0
M092;19/07/2026;Round of 16;P00872;Felix Nasser;Senegal;Egypt;FWD;23;TRUE;78;0;0;81.7;1;1;0;5.8
M092;19/07/2026;Round of 16;P00871;Emre Silva;Senegal;Egypt;FWD;25;TRUE;89;0;1;84.9;4;0;0;7.3
M092;19/07/2026;Round of 16;P00866;Yusuf Kim;Senegal;Egypt;MID;30;TRUE;87;0;0;85.2;3;0;0;5.9
M092;19/07/2026;Round of 16;P00856;Anders Mbeki;Senegal;Egypt;DEF;25;FALSE;8;0;0;84.0;0;0;0;5.7
M092;19/07/2026;Round of 16;P00858;Emre Balde;Senegal;Egypt;DEF;27;FALSE;23;0;0;83.8;0;0;0;6.6
M092;19/07/2026;Round of 16;P00862;Karim Osei;Senegal;Egypt;DEF;28;FALSE;15;0;0;73.6;1;2;0;6.9
M092;19/07/2026;Round of 16;P00873;Marco Mensah;Senegal;Egypt;FWD;23;FALSE;14;1;0;99.0;0;0;0;7.3
M092;19/07/2026;Round of 16;P00874;Tomas Fernandez;Senegal;Egypt;FWD;23;FALSE;24;0;0;77.7;0;1;0;5.7
M092;19/07/2026;Round of 16;P00863;Victor Costa;Senegal;Egypt;MID;24;FALSE;6;0;0;99.0;1;1;0;5.1
M092;19/07/2026;Round of 16;P00867;Pedro Kovac;Senegal;Egypt;MID;20;FALSE;13;0;0;86.6;1;0;0;7.0
M093;19/07/2026;Round of 16;P00576;Marco Martins;Japan;France;GK;23;TRUE;90;0;0;66.3;0;0;2;6.4
M093;19/07/2026;Round of 16;P00584;Hugo Andersson;Japan;France;DEF;29;TRUE;72;0;0;85.3;2;0;0;6.3
M093;19/07/2026;Round of 16;P00588;Ruben Johnson;Japan;France;MID;30;TRUE;90;0;0;86.7;1;0;0;6.4
M093;19/07/2026;Round of 16;P00581;Marcus Eriksen;Japan;France;DEF;25;TRUE;79;0;0;93.5;0;2;0;6.1
M093;19/07/2026;Round of 16;P00591;Josef Balde;Japan;France;MID;25;TRUE;89;0;1;89.1;0;0;0;8.0
M093;19/07/2026;Round of 16;P00593;Samuel Horvat;Japan;France;MID;24;TRUE;90;1;0;89.4;1;0;0;7.2
M093;19/07/2026;Round of 16;P00582;Ruben Mbeki;Japan;France;DEF;24;TRUE;78;0;0;87.4;3;0;0;5.5
M093;19/07/2026;Round of 16;P00580;Victor Ferreira;Japan;France;DEF;23;TRUE;83;0;0;85.3;1;3;0;6.6
M093;19/07/2026;Round of 16;P00585;Andres Nkomo;Japan;France;DEF;31;TRUE;77;0;0;81.2;2;2;0;5.2
M093;19/07/2026;Round of 16;P00586;Karim Mbeki;Japan;France;DEF;27;TRUE;86;0;0;98.3;3;2;0;6.0
M093;19/07/2026;Round of 16;P00598;Omar Bakker;Japan;France;FWD;27;TRUE;85;1;0;91.2;4;0;0;7.4
M093;19/07/2026;Round of 16;P00579;Josef Hassan;Japan;France;DEF;26;FALSE;21;0;0;97.1;0;0;0;6.6
M093;19/07/2026;Round of 16;P00594;Nikolai Nkomo;Japan;France;MID;29;FALSE;14;0;0;63.8;0;0;0;6.1
M093;19/07/2026;Round of 16;P00589;Hugo Toure;Japan;France;MID;32;FALSE;29;0;0;80.6;0;0;0;6.0
M093;19/07/2026;Round of 16;P00592;Marco Balde;Japan;France;MID;30;FALSE;28;0;1;91.9;0;1;0;7.0
M093;19/07/2026;Round of 16;P00595;Kwame Andersson;Japan;France;FWD;23;FALSE;10;0;0;90.1;0;0;0;5.9
M093;19/07/2026;Round of 16;P00596;Josef Dubois;Japan;France;FWD;22;FALSE;13;2;0;90.1;1;0;0;8.9
M093;19/07/2026;Round of 16;P00583;Ali Torres;Japan;France;DEF;33;FALSE;11;0;0;85.7;0;0;0;5.9
M093;19/07/2026;Round of 16;P00415;Kevin Larsen;France;Japan;GK;25;TRUE;84;0;0;69.4;0;0;0;7.9
M093;19/07/2026;Round of 16;P00433;Samuel Reyes;France;Japan;MID;25;TRUE;67;0;1;89.7;0;3;0;6.9
M093;19/07/2026;Round of 16;P00437;Jonas Nasser;France;Japan;FWD;28;TRUE;81;0;0;90.4;2;1;0;7.0
M093;19/07/2026;Round of 16;P00436;Gabriel Fernandez;France;Japan;FWD;22;TRUE;83;0;0;94.3;1;0;0;6.1
M093;19/07/2026;Round of 16;P00426;Ahmed Fernandez;France;Japan;MID;24;TRUE;76;1;0;78.6;0;0;0;7.8
M093;19/07/2026;Round of 16;P00429;Leon Benali;France;Japan;MID;23;TRUE;90;0;0;81.6;1;0;0;6.9
M093;19/07/2026;Round of 16;P00419;Thiago Novak;France;Japan;DEF;27;TRUE;90;0;1;84.7;3;0;0;7.2
M093;19/07/2026;Round of 16;P00434;Ali Popov;France;Japan;FWD;28;TRUE;89;0;0;89.6;2;2;0;7.6
M093;19/07/2026;Round of 16;P00425;Yuki Reyes;France;Japan;DEF;21;TRUE;84;0;0;87.9;3;0;0;6.8
M093;19/07/2026;Round of 16;P00427;Samuel Martins;France;Japan;MID;20;TRUE;75;0;0;88.8;0;0;0;6.4
M093;19/07/2026;Round of 16;P00423;Ahmed Balde;France;Japan;DEF;27;TRUE;75;0;0;81.0;2;0;0;6.5
M093;19/07/2026;Round of 16;P00421;Yuki Wagner;France;Japan;DEF;23;FALSE;24;1;1;84.8;2;1;0;7.5
M093;19/07/2026;Round of 16;P00428;Bruno Andersson;France;Japan;MID;25;FALSE;7;0;0;81.3;0;1;0;5.8
M093;19/07/2026;Round of 16;P00420;Alex Garcia;France;Japan;DEF;18;FALSE;13;0;0;84.7;4;1;0;6.1
M093;19/07/2026;Round of 16;P00435;Diego Fernandez;France;Japan;FWD;27;FALSE;24;1;0;96.8;0;2;0;7.5
M093;19/07/2026;Round of 16;P00422;Victor Berg;France;Japan;DEF;20;FALSE;6;0;0;87.4;0;1;0;6.2
M093;19/07/2026;Round of 16;P00418;Sergio Osei;France;Japan;DEF;23;FALSE;22;0;0;83.3;2;0;0;6.7
M093;19/07/2026;Round of 16;P00431;Gabriel Benali;France;Japan;MID;23;FALSE;27;1;0;83.9;0;0;0;7.7
M094;19/07/2026;Round of 16;P00071;Tomas Yilmaz;Austria;Denmark;GK;31;TRUE;89;0;0;72.9;0;0;3;6.4
M094;19/07/2026;Round of 16;P00079;Yusuf Reyes;Austria;Denmark;DEF;25;TRUE;89;0;0;88.0;3;0;0;6.3
M094;19/07/2026;Round of 16;P00087;Carlos Nasser;Austria;Denmark;MID;24;TRUE;71;0;0;82.8;0;0;0;6.1
M094;19/07/2026;Round of 16;P00076;Lucas Berg;Austria;Denmark;DEF;25;TRUE;85;0;0;89.8;1;0;0;5.5
M094;19/07/2026;Round of 16;P00082;Sven Sato;Austria;Denmark;MID;29;TRUE;90;0;0;90.4;0;2;0;7.0
M094;19/07/2026;Round of 16;P00091;Victor Almeida;Austria;Denmark;FWD;28;TRUE;90;0;0;89.1;1;1;0;7.1
M094;19/07/2026;Round of 16;P00083;Josef Johnson;Austria;Denmark;MID;27;TRUE;89;0;0;81.0;0;1;0;6.3
M094;19/07/2026;Round of 16;P00078;Andres Hassan;Austria;Denmark;DEF;28;TRUE;84;0;0;93.7;3;1;0;6.9
M094;19/07/2026;Round of 16;P00089;Karim Andersson;Austria;Denmark;FWD;32;TRUE;90;0;1;81.3;2;1;0;6.2
M094;19/07/2026;Round of 16;P00088;Anders Ibrahim;Austria;Denmark;MID;31;TRUE;89;0;0;77.1;3;4;0;6.3
M094;19/07/2026;Round of 16;P00086;Ali Horvat;Austria;Denmark;MID;23;TRUE;90;1;0;88.3;0;0;0;7.6
M094;19/07/2026;Round of 16;P00085;Noah Horvat;Austria;Denmark;MID;25;FALSE;19;0;0;85.3;2;0;0;6.2
M094;19/07/2026;Round of 16;P00077;Adama Reyes;Austria;Denmark;DEF;27;FALSE;23;0;0;77.3;0;0;0;5.4
M094;19/07/2026;Round of 16;P00075;Elias Garcia;Austria;Denmark;DEF;32;FALSE;13;0;0;99.0;2;0;0;6.7
M094;19/07/2026;Round of 16;P00092;Omar Cruz;Austria;Denmark;FWD;28;FALSE;24;0;0;83.2;1;3;0;6.4
M094;19/07/2026;Round of 16;P00074;Adama Popov;Austria;Denmark;DEF;31;FALSE;17;0;0;70.4;0;0;0;6.8
M094;19/07/2026;Round of 16;P00080;Andres Farah;Austria;Denmark;DEF;18;FALSE;24;0;0;92.3;0;2;0;6.5
M094;19/07/2026;Round of 16;P00081;Victor Diallo;Austria;Denmark;MID;28;FALSE;6;0;0;71.4;0;1;0;6.0
M094;19/07/2026;Round of 16;P00325;Tarek Nakamura;Denmark;Austria;GK;28;TRUE;87;0;0;78.7;0;0;3;6.0
M094;19/07/2026;Round of 16;P00344;Luca Osei;Denmark;Austria;FWD;23;TRUE;70;0;1;87.5;0;1;0;6.7
M094;19/07/2026;Round of 16;P00328;Elias Johnson;Denmark;Austria;DEF;30;TRUE;64;0;0;81.7;1;2;0;6.7
M094;19/07/2026;Round of 16;P00339;Ivan Kovac;Denmark;Austria;MID;25;TRUE;90;0;0;89.3;4;3;0;6.2
M094;19/07/2026;Round of 16;P00326;Felix Torres;Denmark;Austria;DEF;25;TRUE;80;0;0;81.3;2;1;0;6.6
M094;19/07/2026;Round of 16;P00332;Tarek Bakker;Denmark;Austria;DEF;26;TRUE;90;0;0;99.0;3;0;0;6.6
M094;19/07/2026;Round of 16;P00334;Jonas Hassan;Denmark;Austria;MID;20;TRUE;87;0;0;83.4;1;2;0;6.1
M094;19/07/2026;Round of 16;P00327;Kevin Wagner;Denmark;Austria;DEF;19;TRUE;74;0;0;86.7;2;3;0;6.0
M094;19/07/2026;Round of 16;P00329;Hugo Wagner;Denmark;Austria;DEF;29;TRUE;89;0;0;88.7;3;2;0;6.0
M094;19/07/2026;Round of 16;P00340;Kwame Hassan;Denmark;Austria;MID;25;TRUE;62;0;0;82.1;2;1;0;6.6
M094;19/07/2026;Round of 16;P00337;Sven Souza;Denmark;Austria;MID;27;TRUE;81;0;0;88.4;1;2;0;5.7
M094;19/07/2026;Round of 16;P00331;Noah Mensah;Denmark;Austria;DEF;24;FALSE;10;0;0;87.7;0;1;0;5.3
M094;19/07/2026;Round of 16;P00335;Luca Eriksen;Denmark;Austria;MID;27;FALSE;21;0;0;91.8;2;1;0;6.7
M094;19/07/2026;Round of 16;P00345;Daniel Eriksen;Denmark;Austria;FWD;21;FALSE;12;0;0;87.5;0;1;0;6.4
M094;19/07/2026;Round of 16;P00338;Gabriel Horvat;Denmark;Austria;MID;20;FALSE;15;0;0;81.9;1;0;0;5.7
M094;19/07/2026;Round of 16;P00333;Ismael Haddad;Denmark;Austria;DEF;23;FALSE;9;0;0;83.7;0;0;0;6.9
M094;19/07/2026;Round of 16;P00330;Marcus Balde;Denmark;Austria;DEF;25;FALSE;9;0;0;94.6;2;0;0;6.5
M094;19/07/2026;Round of 16;P00342;Marco Sato;Denmark;Austria;FWD;21;FALSE;8;1;0;82.6;0;1;0;8.3
M095;19/07/2026;Round of 16;P00209;Nikolai Reyes;Colombia;Italy;GK;24;TRUE;90;0;0;66.1;0;0;4;7.2
M095;19/07/2026;Round of 16;P00212;Kevin Cruz;Colombia;Italy;DEF;24;TRUE;87;0;0;87.1;4;2;0;6.9
M095;19/07/2026;Round of 16;P00224;Mateus Kamara;Colombia;Italy;MID;25;TRUE;89;0;0;86.6;2;1;0;6.0
M095;19/07/2026;Round of 16;P00213;Jonas Nakamura;Colombia;Italy;DEF;28;TRUE;75;1;0;91.2;4;0;0;8.4
M095;19/07/2026;Round of 16;P00219;Karim Reyes;Colombia;Italy;MID;25;TRUE;88;0;0;93.8;1;2;0;6.8
M095;19/07/2026;Round of 16;P00221;Ahmed Martins;Colombia;Italy;MID;26;TRUE;72;0;0;94.0;5;0;0;5.5
M095;19/07/2026;Round of 16;P00225;Ruben Haddad;Colombia;Italy;MID;21;TRUE;77;0;0;93.3;2;0;0;6.1
M095;19/07/2026;Round of 16;P00220;Erik Berg;Colombia;Italy;MID;28;TRUE;69;0;0;88.9;0;0;0;5.7
M095;19/07/2026;Round of 16;P00222;Diego Popov;Colombia;Italy;MID;32;TRUE;81;0;1;92.0;1;1;0;7.1
M095;19/07/2026;Round of 16;P00211;Mateus Berg;Colombia;Italy;DEF;21;TRUE;80;0;0;83.4;0;2;0;7.1
M095;19/07/2026;Round of 16;P00227;Diego Yilmaz;Colombia;Italy;FWD;28;TRUE;90;0;0;76.9;0;1;0;7.3
M095;19/07/2026;Round of 16;P00226;Ali Petit;Colombia;Italy;MID;26;FALSE;27;0;0;77.6;0;1;0;6.8
M095;19/07/2026;Round of 16;P00223;Nikolai Schmidt;Colombia;Italy;MID;25;FALSE;22;0;0;67.5;0;1;0;6.1
M095;19/07/2026;Round of 16;P00216;Nikolai Bakker;Colombia;Italy;DEF;23;FALSE;24;0;0;93.3;0;0;0;6.5
M095;19/07/2026;Round of 16;P00214;Jonas Larsen;Colombia;Italy;DEF;24;FALSE;22;0;0;90.3;1;0;0;5.6
M095;19/07/2026;Round of 16;P00218;Julian Kovacevic;Colombia;Italy;DEF;26;FALSE;15;0;0;84.1;2;0;0;6.1
M095;19/07/2026;Round of 16;P00215;Julian Lopez;Colombia;Italy;DEF;27;FALSE;23;0;0;93.7;0;1;0;5.5
M095;19/07/2026;Round of 16;P00229;Gabriel Kamara;Colombia;Italy;FWD;25;FALSE;29;1;0;85.6;0;2;0;7.2
M095;19/07/2026;Round of 16;P00507;Elias Mensah;Italy;Colombia;GK;20;TRUE;66;0;0;67.7;0;0;1;6.2
M095;19/07/2026;Round of 16;P00518;Marcus Nasser;Italy;Colombia;MID;20;TRUE;86;0;1;81.0;2;0;0;7.8
M095;19/07/2026;Round of 16;P00528;Alex Dubois;Italy;Colombia;FWD;24;TRUE;76;1;0;91.3;0;0;0;7.6
M095;19/07/2026;Round of 16;P00526;Adama Berg;Italy;Colombia;FWD;31;TRUE;80;0;0;84.6;0;1;0;6.2
M095;19/07/2026;Round of 16;P00520;Victor Kamara;Italy;Colombia;MID;24;TRUE;82;0;0;83.7;0;2;0;7.1
M095;19/07/2026;Round of 16;P00522;Yuki Novak;Italy;Colombia;MID;32;TRUE;90;0;0;89.9;2;0;0;6.4
M095;19/07/2026;Round of 16;P00516;Karim Torres;Italy;Colombia;DEF;25;TRUE;83;0;0;82.2;0;2;0;5.8
M095;19/07/2026;Round of 16;P00521;Yuki Nakamura;Italy;Colombia;MID;20;TRUE;90;0;0;85.9;2;1;0;6.3
M095;19/07/2026;Round of 16;P00510;Omar Eriksen;Italy;Colombia;DEF;26;TRUE;84;0;0;88.2;3;2;0;7.1
M095;19/07/2026;Round of 16;P00511;Adama Larsen;Italy;Colombia;DEF;22;TRUE;83;0;0;91.3;1;3;0;6.3
M095;19/07/2026;Round of 16;P00519;Marcus Ibrahim;Italy;Colombia;MID;21;TRUE;83;1;0;83.7;0;0;0;8.8
M095;19/07/2026;Round of 16;P00524;Noah Martins;Italy;Colombia;MID;22;FALSE;13;0;0;80.3;1;1;0;6.1
M095;19/07/2026;Round of 16;P00513;Elias Larsen;Italy;Colombia;DEF;20;FALSE;27;0;0;90.1;1;1;0;5.9
M095;19/07/2026;Round of 16;P00517;Hugo Muller;Italy;Colombia;DEF;21;FALSE;16;0;0;85.9;1;1;0;5.9
M095;19/07/2026;Round of 16;P00525;Yuki Farah;Italy;Colombia;MID;27;FALSE;10;0;0;90.1;1;1;0;6.2
M095;19/07/2026;Round of 16;P00527;Tarek Schmidt;Italy;Colombia;FWD;31;FALSE;18;1;0;84.3;0;1;0;8.4
M095;19/07/2026;Round of 16;P00515;Erik Horvat;Italy;Colombia;DEF;32;FALSE;28;0;0;82.4;1;2;0;6.6
M095;19/07/2026;Round of 16;P00514;Leon Yilmaz;Italy;Colombia;DEF;18;FALSE;29;1;0;78.5;3;0;0;5.9
M096;19/07/2026;Round of 16;P00647;Adama Cruz;Morocco;Sweden;GK;27;TRUE;90;0;0;78.9;0;0;4;6.1
M096;19/07/2026;Round of 16;P00665;Luca Silva;Morocco;Sweden;FWD;24;TRUE;86;0;0;89.7;4;0;0;5.7
M096;19/07/2026;Round of 16;P00660;Ismael Yilmaz;Morocco;Sweden;MID;18;TRUE;83;0;0;84.1;0;0;0;7.4
M096;19/07/2026;Round of 16;P00653;Noah Costa;Morocco;Sweden;DEF;23;TRUE;84;0;0;82.8;3;0;0;6.4
M096;19/07/2026;Round of 16;P00659;Pedro Reyes;Morocco;Sweden;MID;33;TRUE;80;0;0;90.1;1;1;0;6.0
M096;19/07/2026;Round of 16;P00664;Ali Nkomo;Morocco;Sweden;FWD;27;TRUE;83;0;0;93.2;0;2;0;6.5
M096;19/07/2026;Round of 16;P00656;Sergio Eriksen;Morocco;Sweden;MID;26;TRUE;71;0;0;92.4;2;0;0;6.6
M096;19/07/2026;Round of 16;P00650;Adama Kovacevic;Morocco;Sweden;DEF;25;TRUE;71;0;0;81.8;1;2;0;7.3
M096;19/07/2026;Round of 16;P00667;Nikolai Torres;Morocco;Sweden;FWD;27;TRUE;81;0;0;90.4;2;1;0;6.9
M096;19/07/2026;Round of 16;P00666;Pedro Costa;Morocco;Sweden;FWD;20;TRUE;81;0;0;91.2;2;0;0;6.6
M096;19/07/2026;Round of 16;P00652;Rafael Dubois;Morocco;Sweden;DEF;31;TRUE;90;0;0;74.9;1;3;0;6.8
M096;19/07/2026;Round of 16;P00662;Anders Costa;Morocco;Sweden;MID;21;FALSE;8;0;0;85.7;0;1;0;6.4
M096;19/07/2026;Round of 16;P00651;Lucas Sato;Morocco;Sweden;DEF;25;FALSE;27;0;0;80.8;1;0;0;6.3
M096;19/07/2026;Round of 16;P00663;Yusuf Sato;Morocco;Sweden;MID;32;FALSE;23;0;0;72.7;0;2;0;6.2
M096;19/07/2026;Round of 16;P00649;Mohamed Weiss;Morocco;Sweden;DEF;28;FALSE;13;0;0;80.6;0;0;0;5.8
M096;19/07/2026;Round of 16;P00658;Felix Nakamura;Morocco;Sweden;MID;23;FALSE;8;0;0;77.3;0;0;0;6.2
M096;19/07/2026;Round of 16;P00657;Kevin Dubois;Morocco;Sweden;MID;28;FALSE;29;0;0;87.0;1;0;0;6.6
M096;19/07/2026;Round of 16;P00648;Erik Kim;Morocco;Sweden;DEF;25;FALSE;5;0;0;89.5;2;0;0;6.7
M096;19/07/2026;Round of 16;P00946;Elias Dubois;Sweden;Morocco;GK;28;TRUE;64;0;0;74.6;0;0;8;5.7
M096;19/07/2026;Round of 16;P00950;Ivan Mensah;Sweden;Morocco;DEF;25;TRUE;86;0;0;70.4;0;1;0;6.6
M096;19/07/2026;Round of 16;P00952;Thiago Popov;Sweden;Morocco;DEF;23;TRUE;90;0;0;97.0;2;1;0;5.9
M096;19/07/2026;Round of 16;P00956;Kofi Yilmaz;Sweden;Morocco;MID;24;TRUE;82;0;1;89.7;0;0;0;6.9
M096;19/07/2026;Round of 16;P00963;Kofi Eriksen;Sweden;Morocco;FWD;29;TRUE;82;0;0;89.1;1;2;0;6.0
M096;19/07/2026;Round of 16;P00966;Mohamed Muller;Sweden;Morocco;FWD;26;TRUE;80;0;0;83.7;3;0;0;7.5
M096;19/07/2026;Round of 16;P00955;Carlos Mensah;Sweden;Morocco;MID;26;TRUE;84;1;0;89.4;2;0;0;8.0
M096;19/07/2026;Round of 16;P00954;Yuki Popov;Sweden;Morocco;DEF;30;TRUE;68;0;0;84.6;0;3;0;5.9
M096;19/07/2026;Round of 16;P00953;Daniel Weiss;Sweden;Morocco;DEF;23;TRUE;90;0;0;92.6;1;0;0;7.6
M096;19/07/2026;Round of 16;P00960;Marcus Johnson;Sweden;Morocco;MID;23;TRUE;90;0;0;89.6;3;2;0;5.6
M096;19/07/2026;Round of 16;P00961;Ismael Eriksen;Sweden;Morocco;MID;27;TRUE;85;0;0;91.0;1;0;0;6.9
M096;19/07/2026;Round of 16;P00947;Kevin Farah;Sweden;Morocco;DEF;27;FALSE;23;0;0;78.7;1;0;0;6.0
M096;19/07/2026;Round of 16;P00965;Ismael Torres;Sweden;Morocco;FWD;30;FALSE;9;0;0;75.5;1;0;0;6.7
M096;19/07/2026;Round of 16;P00951;Adama Wagner;Sweden;Morocco;DEF;33;FALSE;15;0;1;89.3;2;0;0;6.8
M096;19/07/2026;Round of 16;P00962;Julian Souza;Sweden;Morocco;MID;27;FALSE;5;1;0;87.0;0;0;0;7.1
M096;19/07/2026;Round of 16;P00948;Leon Hassan;Sweden;Morocco;DEF;25;FALSE;8;0;0;87.8;0;0;0;7.2
M096;19/07/2026;Round of 16;P00958;Jonas Almeida;Sweden;Morocco;MID;28;FALSE;5;0;0;81.8;0;0;0;6.1
M096;19/07/2026;Round of 16;P00964;Ismael Ferreira;Sweden;Morocco;FWD;30;FALSE;20;0;0;74.1;0;0;0;7.1
M097;21/07/2026;Quarter-final;P00669;Pedro Ibrahim;Netherlands;Senegal;GK;23;TRUE;82;0;0;77.0;0;0;0;6.1
M097;21/07/2026;Quarter-final;P00689;Mateus Diallo;Netherlands;Senegal;FWD;30;TRUE;76;1;0;85.5;2;1;0;7.0
M097;21/07/2026;Quarter-final;P00683;Gabriel Hassan;Netherlands;Senegal;MID;29;TRUE;90;0;0;90.2;2;0;0;6.4
M097;21/07/2026;Quarter-final;P00684;Julian Dubois;Netherlands;Senegal;MID;27;TRUE;86;0;2;83.1;6;0;0;7.0
M097;21/07/2026;Quarter-final;P00681;Yuki Torres;Netherlands;Senegal;MID;23;TRUE;89;1;0;85.0;0;0;0;7.2
M097;21/07/2026;Quarter-final;P00686;Elias Andersson;Netherlands;Senegal;MID;18;TRUE;82;0;0;78.6;1;2;0;6.6
M097;21/07/2026;Quarter-final;P00690;Karim Fernandez;Netherlands;Senegal;FWD;23;TRUE;81;0;0;81.6;3;1;0;7.3
M097;21/07/2026;Quarter-final;P00671;Ahmed Diallo;Netherlands;Senegal;DEF;21;TRUE;68;0;0;85.9;2;1;0;6.6
M097;21/07/2026;Quarter-final;P00674;Jonas Bakker;Netherlands;Senegal;DEF;26;TRUE;88;0;0;74.3;4;2;0;7.2
M097;21/07/2026;Quarter-final;P00687;Lucas Eriksen;Netherlands;Senegal;FWD;25;TRUE;86;2;0;88.9;0;1;0;7.9
M097;21/07/2026;Quarter-final;P00688;Alex Horvat;Netherlands;Senegal;FWD;28;TRUE;90;1;0;82.8;2;1;0;7.5
M097;21/07/2026;Quarter-final;P00680;Jonas Garcia;Netherlands;Senegal;MID;27;FALSE;17;0;1;79.8;0;0;0;7.4
M097;21/07/2026;Quarter-final;P00682;Jonas Sato;Netherlands;Senegal;MID;21;FALSE;23;0;0;76.1;0;0;0;6.0
M097;21/07/2026;Quarter-final;P00676;Kwame Osei;Netherlands;Senegal;DEF;18;FALSE;27;0;0;90.6;0;0;0;6.6
M097;21/07/2026;Quarter-final;P00672;Yusuf Nkomo;Netherlands;Senegal;DEF;26;FALSE;17;0;0;94.2;2;0;0;6.1
M097;21/07/2026;Quarter-final;P00677;Ahmed Garcia;Netherlands;Senegal;DEF;26;FALSE;24;0;0;88.3;1;0;0;6.5
M097;21/07/2026;Quarter-final;P00673;Ivan Berg;Netherlands;Senegal;DEF;27;FALSE;27;0;0;88.2;1;1;0;6.6
M097;21/07/2026;Quarter-final;P00678;Alex Schmidt;Netherlands;Senegal;DEF;21;FALSE;13;0;0;85.2;1;0;0;5.8
M097;21/07/2026;Quarter-final;P00852;Hugo Ferreira;Senegal;Netherlands;GK;27;TRUE;90;0;0;79.5;0;0;2;5.5
M097;21/07/2026;Quarter-final;P00871;Emre Silva;Senegal;Netherlands;FWD;25;TRUE;82;1;0;85.8;0;1;0;7.4
M097;21/07/2026;Quarter-final;P00869;Ali Ibrahim;Senegal;Netherlands;MID;18;TRUE;86;0;1;79.2;1;2;0;7.9
M097;21/07/2026;Quarter-final;P00862;Karim Osei;Senegal;Netherlands;DEF;28;TRUE;79;0;0;76.2;2;0;0;6.9
M097;21/07/2026;Quarter-final;P00859;Julian Toure;Senegal;Netherlands;DEF;25;TRUE;79;0;1;83.7;2;5;0;6.7
M097;21/07/2026;Quarter-final;P00860;Josef Eriksen;Senegal;Netherlands;DEF;29;TRUE;90;0;0;85.9;0;0;0;6.5
M097;21/07/2026;Quarter-final;P00874;Tomas Fernandez;Senegal;Netherlands;FWD;23;TRUE;85;0;0;90.7;0;0;0;6.7
M097;21/07/2026;Quarter-final;P00861;Yusuf Schmidt;Senegal;Netherlands;DEF;34;TRUE;72;0;2;85.5;1;2;0;7.3
M097;21/07/2026;Quarter-final;P00870;Gabriel Schmidt;Senegal;Netherlands;MID;28;TRUE;76;0;0;86.3;2;0;0;5.6
M097;21/07/2026;Quarter-final;P00856;Anders Mbeki;Senegal;Netherlands;DEF;25;TRUE;73;1;0;86.3;3;0;0;7.3
M097;21/07/2026;Quarter-final;P00863;Victor Costa;Senegal;Netherlands;MID;24;TRUE;75;1;0;90.3;1;2;0;8.0
M097;21/07/2026;Quarter-final;P00867;Pedro Kovac;Senegal;Netherlands;MID;20;FALSE;24;0;0;87.4;0;1;0;6.1
M097;21/07/2026;Quarter-final;P00858;Emre Balde;Senegal;Netherlands;DEF;27;FALSE;7;1;0;85.3;0;1;0;7.1
M097;21/07/2026;Quarter-final;P00855;Julian Weiss;Senegal;Netherlands;DEF;27;FALSE;12;0;0;83.9;0;1;0;6.2
M097;21/07/2026;Quarter-final;P00864;Adama Farah;Senegal;Netherlands;MID;27;FALSE;12;0;0;75.1;0;1;0;5.4
M097;21/07/2026;Quarter-final;P00868;Marcus Martins;Senegal;Netherlands;MID;21;FALSE;22;0;0;77.5;0;0;0;6.4
M097;21/07/2026;Quarter-final;P00857;Josef Kamara;Senegal;Netherlands;DEF;18;FALSE;23;0;0;81.7;1;1;0;6.5
M097;21/07/2026;Quarter-final;P00866;Yusuf Kim;Senegal;Netherlands;MID;30;FALSE;10;0;0;92.0;1;0;0;5.4
M098;21/07/2026;Quarter-final;P00507;Elias Mensah;Italy;Croatia;GK;20;TRUE;89;0;0;75.0;0;0;3;6.0
M098;21/07/2026;Quarter-final;P00516;Karim Torres;Italy;Croatia;DEF;25;TRUE;89;0;0;93.9;1;1;0;6.0
M098;21/07/2026;Quarter-final;P00523;Luca Nakamura;Italy;Croatia;MID;23;TRUE;90;0;0;97.8;0;1;0;6.8
M098;21/07/2026;Quarter-final;P00518;Marcus Nasser;Italy;Croatia;MID;20;TRUE;77;0;0;83.9;1;1;0;7.4
M098;21/07/2026;Quarter-final;P00524;Noah Martins;Italy;Croatia;MID;22;TRUE;90;0;0;91.4;0;3;0;6.0
M098;21/07/2026;Quarter-final;P00512;Carlos Andersson;Italy;Croatia;DEF;18;TRUE;74;0;0;88.9;5;0;0;6.4
M098;21/07/2026;Quarter-final;P00513;Elias Larsen;Italy;Croatia;DEF;20;TRUE;85;0;0;86.0;0;2;0;6.8
M098;21/07/2026;Quarter-final;P00517;Hugo Muller;Italy;Croatia;DEF;21;TRUE;65;0;0;93.6;2;1;0;6.4
M098;21/07/2026;Quarter-final;P00510;Omar Eriksen;Italy;Croatia;DEF;26;TRUE;83;0;0;94.8;2;1;0;6.5
M098;21/07/2026;Quarter-final;P00521;Yuki Nakamura;Italy;Croatia;MID;20;TRUE;73;0;1;83.0;3;1;0;8.2
M098;21/07/2026;Quarter-final;P00526;Adama Berg;Italy;Croatia;FWD;31;TRUE;80;0;0;85.1;2;1;0;6.3
M098;21/07/2026;Quarter-final;P00525;Yuki Farah;Italy;Croatia;MID;27;FALSE;17;1;0;88.1;0;1;0;7.4
M098;21/07/2026;Quarter-final;P00514;Leon Yilmaz;Italy;Croatia;DEF;18;FALSE;20;0;0;77.9;1;0;0;5.7
M098;21/07/2026;Quarter-final;P00519;Marcus Ibrahim;Italy;Croatia;MID;21;FALSE;19;0;0;70.6;1;0;0;6.2
M098;21/07/2026;Quarter-final;P00527;Tarek Schmidt;Italy;Croatia;FWD;31;FALSE;21;0;0;79.3;1;1;0;6.0
M098;21/07/2026;Quarter-final;P00511;Adama Larsen;Italy;Croatia;DEF;22;FALSE;20;1;0;90.9;0;0;0;7.1
M098;21/07/2026;Quarter-final;P00520;Victor Kamara;Italy;Croatia;MID;24;FALSE;20;0;0;79.7;2;2;0;6.3
M098;21/07/2026;Quarter-final;P00515;Erik Horvat;Italy;Croatia;DEF;32;FALSE;29;0;0;87.0;1;0;0;6.6
M098;21/07/2026;Quarter-final;P00256;Jonas Weiss;Croatia;Italy;GK;29;TRUE;78;0;0;80.7;0;0;3;6.6
M098;21/07/2026;Quarter-final;P00267;Carlos Alves;Croatia;Italy;MID;23;TRUE;78;0;0;99.0;0;1;0;6.6
M098;21/07/2026;Quarter-final;P00264;Kofi Horvat;Croatia;Italy;DEF;27;TRUE;88;1;0;90.8;0;0;0;7.9
M098;21/07/2026;Quarter-final;P00258;Andres Tanaka;Croatia;Italy;DEF;22;TRUE;81;0;0;84.8;3;2;0;6.2
M098;21/07/2026;Quarter-final;P00269;Andres Cruz;Croatia;Italy;MID;23;TRUE;90;0;1;99.0;1;1;0;8.0
M098;21/07/2026;Quarter-final;P00270;Ahmed Mensah;Croatia;Italy;MID;28;TRUE;90;0;0;81.0;1;0;0;7.2
M098;21/07/2026;Quarter-final;P00268;Thiago Martins;Croatia;Italy;MID;27;TRUE;83;0;0;92.1;2;2;0;6.0
M098;21/07/2026;Quarter-final;P00272;Ruben Dubois;Croatia;Italy;MID;31;TRUE;82;0;0;88.3;4;0;0;6.0
M098;21/07/2026;Quarter-final;P00263;Karim Garcia;Croatia;Italy;DEF;18;TRUE;66;0;0;90.4;2;0;0;5.4
M098;21/07/2026;Quarter-final;P00274;Yuki Ibrahim;Croatia;Italy;FWD;23;TRUE;78;0;0;84.3;2;0;0;5.9
M098;21/07/2026;Quarter-final;P00259;Julian Ibrahim;Croatia;Italy;DEF;25;TRUE;88;1;0;88.4;3;0;0;7.2
M098;21/07/2026;Quarter-final;P00260;Yusuf Rossi;Croatia;Italy;DEF;28;FALSE;26;0;0;90.5;1;1;0;6.3
M098;21/07/2026;Quarter-final;P00276;Ismael Petit;Croatia;Italy;FWD;29;FALSE;28;0;0;79.8;0;2;0;6.9
M098;21/07/2026;Quarter-final;P00257;Elias Souza;Croatia;Italy;DEF;24;FALSE;17;0;0;90.2;1;0;0;5.3
M098;21/07/2026;Quarter-final;P00265;Mateus Benali;Croatia;Italy;MID;31;FALSE;25;1;0;88.7;0;0;0;8.1
M098;21/07/2026;Quarter-final;P00275;Erik Petit;Croatia;Italy;FWD;28;FALSE;16;1;0;81.3;0;0;0;7.7
M098;21/07/2026;Quarter-final;P00261;Andres Kovac;Croatia;Italy;DEF;30;FALSE;25;0;1;82.4;1;0;0;6.5
M098;21/07/2026;Quarter-final;P00273;Lucas Benali;Croatia;Italy;FWD;27;FALSE;9;0;2;73.8;1;0;0;6.5
M099;21/07/2026;Quarter-final;P00324;Noah Kamara;Denmark;France;GK;21;TRUE;90;0;0;65.9;0;0;6;6.5
M099;21/07/2026;Quarter-final;P00328;Elias Johnson;Denmark;France;DEF;30;TRUE;78;0;0;93.9;3;2;0;6.4
M099;21/07/2026;Quarter-final;P00344;Luca Osei;Denmark;France;FWD;23;TRUE;84;0;0;88.3;0;2;0;6.6
M099;21/07/2026;Quarter-final;P00341;Ismael Nkomo;Denmark;France;MID;33;TRUE;83;0;0;84.1;0;0;0;7.1
M099;21/07/2026;Quarter-final;P00330;Marcus Balde;Denmark;France;DEF;25;TRUE;81;0;0;90.3;3;2;0;6.7
M099;21/07/2026;Quarter-final;P00342;Marco Sato;Denmark;France;FWD;21;TRUE;76;0;0;97.6;1;3;0;6.1
M099;21/07/2026;Quarter-final;P00327;Kevin Wagner;Denmark;France;DEF;19;TRUE;87;0;0;86.3;1;1;0;6.5
M099;21/07/2026;Quarter-final;P00333;Ismael Haddad;Denmark;France;DEF;23;TRUE;80;0;0;83.7;3;2;0;6.9
M099;21/07/2026;Quarter-final;P00332;Tarek Bakker;Denmark;France;DEF;26;TRUE;75;0;0;82.9;0;1;0;6.1
M099;21/07/2026;Quarter-final;P00345;Daniel Eriksen;Denmark;France;FWD;21;TRUE;86;0;0;94.2;2;0;0;5.7
M099;21/07/2026;Quarter-final;P00336;Anders Farah;Denmark;France;MID;20;TRUE;83;0;0;83.4;5;1;0;6.8
M099;21/07/2026;Quarter-final;P00326;Felix Torres;Denmark;France;DEF;25;FALSE;18;0;0;90.6;2;1;0;6.3
M099;21/07/2026;Quarter-final;P00331;Noah Mensah;Denmark;France;DEF;24;FALSE;13;0;0;87.2;0;1;0;6.0
M099;21/07/2026;Quarter-final;P00343;Yuki Osei;Denmark;France;FWD;20;FALSE;9;0;0;79.2;1;1;0;6.3
M099;21/07/2026;Quarter-final;P00338;Gabriel Horvat;Denmark;France;MID;20;FALSE;20;0;0;89.0;0;0;0;5.8
M099;21/07/2026;Quarter-final;P00337;Sven Souza;Denmark;France;MID;27;FALSE;6;0;0;85.4;1;0;0;5.3
M099;21/07/2026;Quarter-final;P00339;Ivan Kovac;Denmark;France;MID;25;FALSE;14;0;0;89.6;2;1;0;7.2
M099;21/07/2026;Quarter-final;P00335;Luca Eriksen;Denmark;France;MID;27;FALSE;22;0;0;86.8;0;0;0;6.2
M099;21/07/2026;Quarter-final;P00416;Emre Nkomo;France;Denmark;GK;29;TRUE;80;0;0;64.0;0;0;5;6.0
M099;21/07/2026;Quarter-final;P00425;Yuki Reyes;France;Denmark;DEF;21;TRUE;80;0;0;86.0;1;1;0;6.8
M099;21/07/2026;Quarter-final;P00419;Thiago Novak;France;Denmark;DEF;27;TRUE;70;0;0;90.0;1;3;0;6.4
M099;21/07/2026;Quarter-final;P00437;Jonas Nasser;France;Denmark;FWD;28;TRUE;84;0;0;91.8;3;0;0;6.5
M099;21/07/2026;Quarter-final;P00426;Ahmed Fernandez;France;Denmark;MID;24;TRUE;76;0;0;98.9;0;2;0;6.2
M099;21/07/2026;Quarter-final;P00429;Leon Benali;France;Denmark;MID;23;TRUE;90;1;0;86.1;0;2;0;7.2
M099;21/07/2026;Quarter-final;P00420;Alex Garcia;France;Denmark;DEF;18;TRUE;77;0;0;99.0;5;1;0;6.3
M099;21/07/2026;Quarter-final;P00433;Samuel Reyes;France;Denmark;MID;25;TRUE;90;0;0;90.9;1;1;0;6.4
M099;21/07/2026;Quarter-final;P00423;Ahmed Balde;France;Denmark;DEF;27;TRUE;82;0;0;84.9;1;2;0;6.4
M099;21/07/2026;Quarter-final;P00424;Hugo Nasser;France;Denmark;DEF;23;TRUE;81;0;0;93.2;4;1;0;5.6
M099;21/07/2026;Quarter-final;P00422;Victor Berg;France;Denmark;DEF;20;TRUE;88;0;0;99.0;0;2;0;6.1
M099;21/07/2026;Quarter-final;P00427;Samuel Martins;France;Denmark;MID;20;FALSE;27;0;0;83.3;0;0;0;7.1
M099;21/07/2026;Quarter-final;P00434;Ali Popov;France;Denmark;FWD;28;FALSE;6;0;0;83.0;1;2;0;5.8
M099;21/07/2026;Quarter-final;P00435;Diego Fernandez;France;Denmark;FWD;27;FALSE;20;0;0;97.7;0;0;0;7.4
M099;21/07/2026;Quarter-final;P00421;Yuki Wagner;France;Denmark;DEF;23;FALSE;15;0;0;83.3;2;0;0;6.9
M099;21/07/2026;Quarter-final;P00418;Sergio Osei;France;Denmark;DEF;23;FALSE;25;0;1;81.2;1;0;0;6.2
M099;21/07/2026;Quarter-final;P00432;Ruben Petit;France;Denmark;MID;29;FALSE;6;0;0;85.3;0;1;0;6.5
M099;21/07/2026;Quarter-final;P00431;Gabriel Benali;France;Denmark;MID;23;FALSE;12;0;0;83.6;2;1;0;5.0
M100;21/07/2026;Quarter-final;P00484;Ahmed Osei;Iran;Sweden;GK;29;TRUE;87;0;0;71.4;0;0;3;6.2
M100;21/07/2026;Quarter-final;P00491;Kofi Silva;Iran;Sweden;DEF;23;TRUE;85;0;0;83.4;6;3;0;5.8
M100;21/07/2026;Quarter-final;P00495;Gabriel Costa;Iran;Sweden;MID;20;TRUE;68;1;0;88.8;1;0;0;7.0
M100;21/07/2026;Quarter-final;P00490;Karim Horvat;Iran;Sweden;DEF;26;TRUE;74;1;0;99.0;3;1;0;7.1
M100;21/07/2026;Quarter-final;P00504;Victor Garcia;Iran;Sweden;FWD;24;TRUE;75;0;0;82.4;1;0;0;6.3
M100;21/07/2026;Quarter-final;P00499;Victor Farah;Iran;Sweden;MID;20;TRUE;86;0;0;82.3;0;2;0;6.0
M100;21/07/2026;Quarter-final;P00488;Amir Toure;Iran;Sweden;DEF;25;TRUE;82;0;0;96.0;3;1;0;6.3
M100;21/07/2026;Quarter-final;P00497;Ruben Reyes;Iran;Sweden;MID;30;TRUE;72;0;0;86.0;2;2;0;5.9
M100;21/07/2026;Quarter-final;P00503;Sven Balde;Iran;Sweden;FWD;27;TRUE;86;0;0;96.3;2;2;0;6.0
M100;21/07/2026;Quarter-final;P00487;Mateus Petit;Iran;Sweden;DEF;23;TRUE;77;0;0;96.3;4;1;0;6.0
M100;21/07/2026;Quarter-final;P00489;Erik Sato;Iran;Sweden;DEF;24;TRUE;88;0;0;83.1;2;4;0;6.8
M100;21/07/2026;Quarter-final;P00492;Carlos Almeida;Iran;Sweden;DEF;29;FALSE;13;0;0;88.7;0;0;0;6.1
M100;21/07/2026;Quarter-final;P00500;Gabriel Petit;Iran;Sweden;MID;27;FALSE;20;0;0;87.4;0;1;0;6.8
M100;21/07/2026;Quarter-final;P00493;Leon Ferreira;Iran;Sweden;DEF;30;FALSE;17;0;0;81.1;1;0;0;6.5
M100;21/07/2026;Quarter-final;P00501;Yuki Kovac;Iran;Sweden;MID;32;FALSE;27;0;0;85.3;1;1;0;6.2
M100;21/07/2026;Quarter-final;P00494;Andres Schmidt;Iran;Sweden;DEF;24;FALSE;29;0;0;77.5;0;0;0;5.1
M100;21/07/2026;Quarter-final;P00498;Ruben Kovac;Iran;Sweden;MID;25;FALSE;28;0;0;94.0;1;1;0;6.3
M100;21/07/2026;Quarter-final;P00505;Ali Haddad;Iran;Sweden;FWD;22;FALSE;12;0;0;75.3;1;0;0;6.2
M100;21/07/2026;Quarter-final;P00946;Elias Dubois;Sweden;Iran;GK;28;TRUE;78;0;0;60.6;0;0;7;5.8
M100;21/07/2026;Quarter-final;P00965;Ismael Torres;Sweden;Iran;FWD;30;TRUE;79;0;0;83.1;0;0;0;6.1
M100;21/07/2026;Quarter-final;P00961;Ismael Eriksen;Sweden;Iran;MID;27;TRUE;75;0;0;81.5;1;1;0;6.2
M100;21/07/2026;Quarter-final;P00964;Ismael Ferreira;Sweden;Iran;FWD;30;TRUE;75;0;0;85.7;4;1;0;6.0
M100;21/07/2026;Quarter-final;P00953;Daniel Weiss;Sweden;Iran;DEF;23;TRUE;84;0;0;81.4;1;3;0;7.1
M100;21/07/2026;Quarter-final;P00956;Kofi Yilmaz;Sweden;Iran;MID;24;TRUE;81;0;0;84.0;3;1;0;6.9
M100;21/07/2026;Quarter-final;P00955;Carlos Mensah;Sweden;Iran;MID;26;TRUE;71;0;0;83.5;0;0;0;5.0
M100;21/07/2026;Quarter-final;P00950;Ivan Mensah;Sweden;Iran;DEF;25;TRUE;88;0;0;86.5;2;1;0;6.3
M100;21/07/2026;Quarter-final;P00954;Yuki Popov;Sweden;Iran;DEF;30;TRUE;85;0;0;82.4;4;1;0;6.1
M100;21/07/2026;Quarter-final;P00958;Jonas Almeida;Sweden;Iran;MID;28;TRUE;72;0;0;89.4;3;0;0;6.3
M100;21/07/2026;Quarter-final;P00952;Thiago Popov;Sweden;Iran;DEF;23;TRUE;72;0;0;79.0;5;1;0;6.4
M100;21/07/2026;Quarter-final;P00949;Anders Osei;Sweden;Iran;DEF;19;FALSE;18;0;0;80.6;2;1;0;7.5
M100;21/07/2026;Quarter-final;P00959;Marcus Sato;Sweden;Iran;MID;29;FALSE;23;0;0;95.0;0;0;0;6.5
M100;21/07/2026;Quarter-final;P00963;Kofi Eriksen;Sweden;Iran;FWD;29;FALSE;22;0;0;85.8;1;0;0;6.9
M100;21/07/2026;Quarter-final;P00957;Ali Tanaka;Sweden;Iran;MID;32;FALSE;6;0;0;95.1;0;0;0;5.9
M100;21/07/2026;Quarter-final;P00960;Marcus Johnson;Sweden;Iran;MID;23;FALSE;11;0;0;91.2;0;0;0;6.3
M100;21/07/2026;Quarter-final;P00962;Julian Souza;Sweden;Iran;MID;27;FALSE;29;0;0;76.7;1;1;0;6.7
M100;21/07/2026;Quarter-final;P00948;Leon Hassan;Sweden;Iran;DEF;25;FALSE;26;0;0;70.4;2;1;0;6.3
M101;23/07/2026;Semi-final;P00256;Jonas Weiss;Croatia;France;GK;29;TRUE;90;0;0;78.6;0;0;7;5.7
M101;23/07/2026;Semi-final;P00265;Mateus Benali;Croatia;France;MID;31;TRUE;87;0;0;92.8;3;2;0;6.6
M101;23/07/2026;Semi-final;P00273;Lucas Benali;Croatia;France;FWD;27;TRUE;82;0;0;93.2;1;1;0;5.8
M101;23/07/2026;Semi-final;P00261;Andres Kovac;Croatia;France;DEF;30;TRUE;81;0;0;84.2;5;2;0;6.2
M101;23/07/2026;Semi-final;P00275;Erik Petit;Croatia;France;FWD;28;TRUE;88;0;0;78.9;2;0;0;6.2
M101;23/07/2026;Semi-final;P00257;Elias Souza;Croatia;France;DEF;24;TRUE;88;0;0;88.9;3;1;0;6.1
M101;23/07/2026;Semi-final;P00263;Karim Garcia;Croatia;France;DEF;18;TRUE;90;0;0;89.3;3;1;0;6.3
M101;23/07/2026;Semi-final;P00271;Amir Farah;Croatia;France;MID;25;TRUE;85;0;0;85.4;1;1;0;7.3
M101;23/07/2026;Semi-final;P00267;Carlos Alves;Croatia;France;MID;23;TRUE;77;0;1;88.5;1;1;0;7.0
M101;23/07/2026;Semi-final;P00266;Diego Ferreira;Croatia;France;MID;26;TRUE;90;0;0;89.6;1;3;0;6.3
M101;23/07/2026;Semi-final;P00259;Julian Ibrahim;Croatia;France;DEF;25;TRUE;79;0;0;88.0;2;2;0;6.6
M101;23/07/2026;Semi-final;P00258;Andres Tanaka;Croatia;France;DEF;22;FALSE;16;0;0;85.2;1;2;0;5.9
M101;23/07/2026;Semi-final;P00274;Yuki Ibrahim;Croatia;France;FWD;23;FALSE;9;0;0;83.9;0;0;0;5.9
M101;23/07/2026;Semi-final;P00268;Thiago Martins;Croatia;France;MID;27;FALSE;7;0;0;74.6;0;2;0;5.8
M101;23/07/2026;Semi-final;P00262;Ismael Garcia;Croatia;France;DEF;29;FALSE;25;0;0;76.7;0;2;0;6.5
M101;23/07/2026;Semi-final;P00276;Ismael Petit;Croatia;France;FWD;29;FALSE;6;0;0;81.7;0;0;0;5.5
M101;23/07/2026;Semi-final;P00264;Kofi Horvat;Croatia;France;DEF;27;FALSE;13;0;0;90.6;0;0;0;6.3
M101;23/07/2026;Semi-final;P00270;Ahmed Mensah;Croatia;France;MID;28;FALSE;12;1;0;82.9;1;1;0;7.3
M101;23/07/2026;Semi-final;P00417;Yusuf Kovac;France;Croatia;GK;24;TRUE;70;0;0;70.7;0;0;2;6.3
M101;23/07/2026;Semi-final;P00434;Ali Popov;France;Croatia;FWD;28;TRUE;75;0;0;87.4;0;0;0;6.5
M101;23/07/2026;Semi-final;P00435;Diego Fernandez;France;Croatia;FWD;27;TRUE;85;0;0;76.5;3;2;0;6.8
M101;23/07/2026;Semi-final;P00430;Chidi Mbeki;France;Croatia;MID;24;TRUE;90;0;1;99.0;0;0;0;7.2
M101;23/07/2026;Semi-final;P00427;Samuel Martins;France;Croatia;MID;20;TRUE;76;0;0;91.1;1;0;0;6.7
M101;23/07/2026;Semi-final;P00437;Jonas Nasser;France;Croatia;FWD;28;TRUE;77;0;0;99.0;2;0;0;6.8
M101;23/07/2026;Semi-final;P00424;Hugo Nasser;France;Croatia;DEF;23;TRUE;69;0;0;87.2;3;2;0;7.5
M101;23/07/2026;Semi-final;P00431;Gabriel Benali;France;Croatia;MID;23;TRUE;77;1;0;86.3;0;2;0;7.3
M101;23/07/2026;Semi-final;P00429;Leon Benali;France;Croatia;MID;23;TRUE;80;1;0;81.9;4;0;0;7.7
M101;23/07/2026;Semi-final;P00418;Sergio Osei;France;Croatia;DEF;23;TRUE;70;0;0;84.4;3;3;0;7.0
M101;23/07/2026;Semi-final;P00422;Victor Berg;France;Croatia;DEF;20;TRUE;75;0;0;78.2;3;1;0;7.0
M101;23/07/2026;Semi-final;P00432;Ruben Petit;France;Croatia;MID;29;FALSE;19;0;0;81.1;0;2;0;5.9
M101;23/07/2026;Semi-final;P00426;Ahmed Fernandez;France;Croatia;MID;24;FALSE;28;0;0;79.5;4;1;0;6.0
M101;23/07/2026;Semi-final;P00423;Ahmed Balde;France;Croatia;DEF;27;FALSE;25;0;0;81.5;0;0;0;5.7
M101;23/07/2026;Semi-final;P00433;Samuel Reyes;France;Croatia;MID;25;FALSE;29;0;0;83.3;0;0;0;5.4
M101;23/07/2026;Semi-final;P00436;Gabriel Fernandez;France;Croatia;FWD;22;FALSE;12;0;0;92.6;1;0;0;5.4
M101;23/07/2026;Semi-final;P00421;Yuki Wagner;France;Croatia;DEF;23;FALSE;20;0;0;87.6;0;2;0;6.2
M101;23/07/2026;Semi-final;P00425;Yuki Reyes;France;Croatia;DEF;21;FALSE;25;0;0;88.1;1;0;0;5.6
M102;23/07/2026;Semi-final;P00670;Samuel Popov;Netherlands;Iran;GK;20;TRUE;81;0;0;75.1;0;0;2;6.6
M102;23/07/2026;Semi-final;P00677;Ahmed Garcia;Netherlands;Iran;DEF;26;TRUE;79;0;0;78.8;3;4;0;5.8
M102;23/07/2026;Semi-final;P00678;Alex Schmidt;Netherlands;Iran;DEF;21;TRUE;88;0;0;90.8;2;2;0;5.7
M102;23/07/2026;Semi-final;P00684;Julian Dubois;Netherlands;Iran;MID;27;TRUE;83;0;0;80.8;2;2;0;5.4
M102;23/07/2026;Semi-final;P00679;Emre Wagner;Netherlands;Iran;MID;26;TRUE;84;0;0;99.0;3;1;0;6.5
M102;23/07/2026;Semi-final;P00682;Jonas Sato;Netherlands;Iran;MID;21;TRUE;85;0;0;93.7;0;1;0;6.2
M102;23/07/2026;Semi-final;P00686;Elias Andersson;Netherlands;Iran;MID;18;TRUE;84;0;1;99.0;0;2;0;6.6
M102;23/07/2026;Semi-final;P00671;Ahmed Diallo;Netherlands;Iran;DEF;21;TRUE;90;0;0;81.4;4;1;0;6.1
M102;23/07/2026;Semi-final;P00675;Ali Mensah;Netherlands;Iran;DEF;25;TRUE;72;0;0;84.3;0;0;0;6.6
M102;23/07/2026;Semi-final;P00687;Lucas Eriksen;Netherlands;Iran;FWD;25;TRUE;79;0;0;84.0;1;1;0;6.9
M102;23/07/2026;Semi-final;P00688;Alex Horvat;Netherlands;Iran;FWD;28;TRUE;88;0;0;84.0;1;1;0;7.4
M102;23/07/2026;Semi-final;P00681;Yuki Torres;Netherlands;Iran;MID;23;FALSE;12;0;1;83.3;1;0;0;6.1
M102;23/07/2026;Semi-final;P00690;Karim Fernandez;Netherlands;Iran;FWD;23;FALSE;20;0;0;89.0;1;1;0;5.8
M102;23/07/2026;Semi-final;P00683;Gabriel Hassan;Netherlands;Iran;MID;29;FALSE;20;2;0;78.9;1;1;0;8.4
M102;23/07/2026;Semi-final;P00672;Yusuf Nkomo;Netherlands;Iran;DEF;26;FALSE;14;0;0;77.8;2;1;0;5.8
M102;23/07/2026;Semi-final;P00676;Kwame Osei;Netherlands;Iran;DEF;18;FALSE;17;0;0;97.2;0;0;0;5.8
M102;23/07/2026;Semi-final;P00680;Jonas Garcia;Netherlands;Iran;MID;27;FALSE;24;0;0;93.3;0;0;0;7.4
M102;23/07/2026;Semi-final;P00674;Jonas Bakker;Netherlands;Iran;DEF;26;FALSE;14;1;0;86.0;0;1;0;7.6
M102;23/07/2026;Semi-final;P00485;Julian Torres;Iran;Netherlands;GK;24;TRUE;90;0;0;75.4;0;0;5;5.8
M102;23/07/2026;Semi-final;P00490;Karim Horvat;Iran;Netherlands;DEF;26;TRUE;85;0;0;99.0;2;1;0;6.6
M102;23/07/2026;Semi-final;P00498;Ruben Kovac;Iran;Netherlands;MID;25;TRUE;90;0;0;82.0;0;2;0;6.5
M102;23/07/2026;Semi-final;P00493;Leon Ferreira;Iran;Netherlands;DEF;30;TRUE;82;0;0;88.2;0;0;0;6.6
M102;23/07/2026;Semi-final;P00495;Gabriel Costa;Iran;Netherlands;MID;20;TRUE;90;0;0;88.6;2;1;0;6.0
M102;23/07/2026;Semi-final;P00502;Erik Nasser;Iran;Netherlands;MID;18;TRUE;73;0;0;93.5;0;0;0;6.2
M102;23/07/2026;Semi-final;P00487;Mateus Petit;Iran;Netherlands;DEF;23;TRUE;66;0;0;81.6;0;3;0;6.2
M102;23/07/2026;Semi-final;P00505;Ali Haddad;Iran;Netherlands;FWD;22;TRUE;84;0;0;91.1;2;3;0;6.4
M102;23/07/2026;Semi-final;P00489;Erik Sato;Iran;Netherlands;DEF;24;TRUE;89;1;0;82.9;1;2;0;7.2
M102;23/07/2026;Semi-final;P00492;Carlos Almeida;Iran;Netherlands;DEF;29;TRUE;83;0;0;84.8;3;1;0;6.1
M102;23/07/2026;Semi-final;P00504;Victor Garcia;Iran;Netherlands;FWD;24;TRUE;82;0;0;86.9;2;2;0;5.8
M102;23/07/2026;Semi-final;P00501;Yuki Kovac;Iran;Netherlands;MID;32;FALSE;16;0;0;87.9;1;0;0;5.8
M102;23/07/2026;Semi-final;P00497;Ruben Reyes;Iran;Netherlands;MID;30;FALSE;25;0;0;83.7;0;1;0;6.3
M102;23/07/2026;Semi-final;P00500;Gabriel Petit;Iran;Netherlands;MID;27;FALSE;9;0;0;82.0;0;2;0;6.3
M102;23/07/2026;Semi-final;P00491;Kofi Silva;Iran;Netherlands;DEF;23;FALSE;17;0;0;78.3;1;0;0;6.2
M102;23/07/2026;Semi-final;P00494;Andres Schmidt;Iran;Netherlands;DEF;24;FALSE;21;0;0;83.0;0;0;0;5.2
M102;23/07/2026;Semi-final;P00506;Omar Horvat;Iran;Netherlands;FWD;27;FALSE;7;0;0;88.3;0;0;0;6.1
M102;23/07/2026;Semi-final;P00503;Sven Balde;Iran;Netherlands;FWD;27;FALSE;15;0;0;83.3;1;0;0;6.0
M103;26/07/2026;Third-place Match;P00255;Karim Popov;Croatia;Iran;GK;26;TRUE;81;0;0;75.6;0;0;0;7.2
M103;26/07/2026;Third-place Match;P00265;Mateus Benali;Croatia;Iran;MID;31;TRUE;84;0;0;84.9;0;3;0;5.6
M103;26/07/2026;Third-place Match;P00258;Andres Tanaka;Croatia;Iran;DEF;22;TRUE;85;1;0;86.5;4;2;0;7.5
M103;26/07/2026;Third-place Match;P00264;Kofi Horvat;Croatia;Iran;DEF;27;TRUE;75;0;0;82.0;2;0;0;7.1
M103;26/07/2026;Third-place Match;P00267;Carlos Alves;Croatia;Iran;MID;23;TRUE;74;0;0;96.8;1;2;0;6.5
M103;26/07/2026;Third-place Match;P00275;Erik Petit;Croatia;Iran;FWD;28;TRUE;78;0;0;90.2;2;2;0;5.6
M103;26/07/2026;Third-place Match;P00270;Ahmed Mensah;Croatia;Iran;MID;28;TRUE;84;1;0;96.6;4;0;0;7.9
M103;26/07/2026;Third-place Match;P00259;Julian Ibrahim;Croatia;Iran;DEF;25;TRUE;90;0;0;96.4;4;1;0;6.0
M103;26/07/2026;Third-place Match;P00257;Elias Souza;Croatia;Iran;DEF;24;TRUE;80;0;0;78.2;4;2;0;6.7
M103;26/07/2026;Third-place Match;P00263;Karim Garcia;Croatia;Iran;DEF;18;TRUE;90;0;0;91.6;1;0;0;5.9
M103;26/07/2026;Third-place Match;P00268;Thiago Martins;Croatia;Iran;MID;27;TRUE;85;0;0;86.5;2;0;0;6.9
M103;26/07/2026;Third-place Match;P00266;Diego Ferreira;Croatia;Iran;MID;26;FALSE;20;1;0;70.4;2;0;0;7.6
M103;26/07/2026;Third-place Match;P00262;Ismael Garcia;Croatia;Iran;DEF;29;FALSE;23;0;0;87.7;0;0;0;7.0
M103;26/07/2026;Third-place Match;P00271;Amir Farah;Croatia;Iran;MID;25;FALSE;15;0;0;77.5;0;0;0;6.0
M103;26/07/2026;Third-place Match;P00269;Andres Cruz;Croatia;Iran;MID;23;FALSE;13;0;1;81.0;1;1;0;6.4
M103;26/07/2026;Third-place Match;P00260;Yusuf Rossi;Croatia;Iran;DEF;28;FALSE;6;0;0;88.4;0;0;0;6.4
M103;26/07/2026;Third-place Match;P00273;Lucas Benali;Croatia;Iran;FWD;27;FALSE;17;0;0;79.5;1;0;0;6.4
M103;26/07/2026;Third-place Match;P00274;Yuki Ibrahim;Croatia;Iran;FWD;23;FALSE;24;1;0;75.1;1;0;0;7.8
M103;26/07/2026;Third-place Match;P00485;Julian Torres;Iran;Croatia;GK;24;TRUE;86;0;0;70.7;0;0;6;6.8
M103;26/07/2026;Third-place Match;P00499;Victor Farah;Iran;Croatia;MID;20;TRUE;86;0;0;85.9;0;3;0;6.1
M103;26/07/2026;Third-place Match;P00492;Carlos Almeida;Iran;Croatia;DEF;29;TRUE;90;0;0;81.6;3;0;0;6.7
M103;26/07/2026;Third-place Match;P00506;Omar Horvat;Iran;Croatia;FWD;27;TRUE;77;1;0;82.1;1;1;0;8.4
M103;26/07/2026;Third-place Match;P00487;Mateus Petit;Iran;Croatia;DEF;23;TRUE;84;0;0;92.8;0;1;0;6.8
M103;26/07/2026;Third-place Match;P00498;Ruben Kovac;Iran;Croatia;MID;25;TRUE;90;0;0;94.5;3;0;0;6.9
M103;26/07/2026;Third-place Match;P00488;Amir Toure;Iran;Croatia;DEF;25;TRUE;88;1;0;81.7;0;1;0;7.5
M103;26/07/2026;Third-place Match;P00504;Victor Garcia;Iran;Croatia;FWD;24;TRUE;82;0;0;81.0;0;0;0;6.6
M103;26/07/2026;Third-place Match;P00505;Ali Haddad;Iran;Croatia;FWD;22;TRUE;90;1;1;99.0;2;0;0;8.3
M103;26/07/2026;Third-place Match;P00500;Gabriel Petit;Iran;Croatia;MID;27;TRUE;86;0;0;84.6;1;0;0;6.9
M103;26/07/2026;Third-place Match;P00489;Erik Sato;Iran;Croatia;DEF;24;TRUE;77;0;0;90.8;3;0;0;6.0
M103;26/07/2026;Third-place Match;P00490;Karim Horvat;Iran;Croatia;DEF;26;FALSE;27;0;0;87.6;1;1;0;5.5
M103;26/07/2026;Third-place Match;P00494;Andres Schmidt;Iran;Croatia;DEF;24;FALSE;26;0;0;81.3;2;0;0;6.0
M103;26/07/2026;Third-place Match;P00502;Erik Nasser;Iran;Croatia;MID;18;FALSE;21;0;0;86.0;2;0;0;5.5
M103;26/07/2026;Third-place Match;P00503;Sven Balde;Iran;Croatia;FWD;27;FALSE;20;0;0;87.3;0;0;0;6.3
M103;26/07/2026;Third-place Match;P00495;Gabriel Costa;Iran;Croatia;MID;20;FALSE;19;0;0;65.7;2;0;0;6.6
M103;26/07/2026;Third-place Match;P00496;Samuel Kovacevic;Iran;Croatia;MID;28;FALSE;22;0;0;87.2;2;1;0;5.8
M103;26/07/2026;Third-place Match;P00491;Kofi Silva;Iran;Croatia;DEF;23;FALSE;15;0;0;99.0;2;0;0;6.0
M104;28/07/2026;Final;P00415;Kevin Larsen;France;Netherlands;GK;25;TRUE;83;0;0;67.4;0;0;2;6.6
M104;28/07/2026;Final;P00425;Yuki Reyes;France;Netherlands;DEF;21;TRUE;86;0;0;85.5;1;3;0;6.3
M104;28/07/2026;Final;P00433;Samuel Reyes;France;Netherlands;MID;25;TRUE;80;0;0;72.7;3;0;0;6.9
M104;28/07/2026;Final;P00428;Bruno Andersson;France;Netherlands;MID;25;TRUE;81;0;0;93.0;0;0;0;6.9
M104;28/07/2026;Final;P00421;Yuki Wagner;France;Netherlands;DEF;23;TRUE;86;0;0;86.2;1;2;0;6.8
M104;28/07/2026;Final;P00419;Thiago Novak;France;Netherlands;DEF;27;TRUE;77;0;0;93.4;2;4;0;6.9
M104;28/07/2026;Final;P00427;Samuel Martins;France;Netherlands;MID;20;TRUE;88;0;0;90.5;2;3;0;6.0
M104;28/07/2026;Final;P00423;Ahmed Balde;France;Netherlands;DEF;27;TRUE;83;0;0;96.6;1;0;0;6.1
M104;28/07/2026;Final;P00426;Ahmed Fernandez;France;Netherlands;MID;24;TRUE;90;0;0;95.8;1;0;0;6.9
M104;28/07/2026;Final;P00435;Diego Fernandez;France;Netherlands;FWD;27;TRUE;79;0;0;90.2;2;1;0;5.7
M104;28/07/2026;Final;P00432;Ruben Petit;France;Netherlands;MID;29;TRUE;71;0;0;77.9;3;2;0;5.8
M104;28/07/2026;Final;P00420;Alex Garcia;France;Netherlands;DEF;18;FALSE;13;1;0;84.4;2;1;0;8.1
M104;28/07/2026;Final;P00436;Gabriel Fernandez;France;Netherlands;FWD;22;FALSE;12;0;0;86.0;2;0;0;5.2
M104;28/07/2026;Final;P00434;Ali Popov;France;Netherlands;FWD;28;FALSE;26;0;0;80.3;0;2;0;6.4
M104;28/07/2026;Final;P00418;Sergio Osei;France;Netherlands;DEF;23;FALSE;23;0;0;84.9;0;1;0;7.2
M104;28/07/2026;Final;P00437;Jonas Nasser;France;Netherlands;FWD;28;FALSE;26;0;1;69.2;0;2;0;7.3
M104;28/07/2026;Final;P00430;Chidi Mbeki;France;Netherlands;MID;24;FALSE;11;0;0;77.0;1;0;0;6.3
M104;28/07/2026;Final;P00424;Hugo Nasser;France;Netherlands;DEF;23;FALSE;18;0;0;72.0;0;1;0;6.1
M104;28/07/2026;Final;P00669;Pedro Ibrahim;Netherlands;France;GK;23;TRUE;78;0;0;67.7;0;0;3;6.2
M104;28/07/2026;Final;P00671;Ahmed Diallo;Netherlands;France;DEF;21;TRUE;90;0;1;92.9;4;1;0;7.1
M104;28/07/2026;Final;P00678;Alex Schmidt;Netherlands;France;DEF;21;TRUE;83;0;0;88.0;2;0;0;6.3
M104;28/07/2026;Final;P00674;Jonas Bakker;Netherlands;France;DEF;26;TRUE;90;0;0;93.8;3;1;0;6.2
M104;28/07/2026;Final;P00681;Yuki Torres;Netherlands;France;MID;23;TRUE;76;0;0;80.8;0;1;0;6.9
M104;28/07/2026;Final;P00683;Gabriel Hassan;Netherlands;France;MID;29;TRUE;74;0;0;95.2;0;1;0;6.6
M104;28/07/2026;Final;P00688;Alex Horvat;Netherlands;France;FWD;28;TRUE;86;1;0;82.7;2;0;0;7.4
M104;28/07/2026;Final;P00687;Lucas Eriksen;Netherlands;France;FWD;25;TRUE;83;0;0;86.8;1;0;0;6.6
M104;28/07/2026;Final;P00677;Ahmed Garcia;Netherlands;France;DEF;26;TRUE;87;0;0;92.8;1;2;0;6.0
M104;28/07/2026;Final;P00685;Erik Hassan;Netherlands;France;MID;23;TRUE;81;0;0;85.8;3;0;0;6.1
M104;28/07/2026;Final;P00676;Kwame Osei;Netherlands;France;DEF;18;TRUE;90;0;0;84.3;1;3;0;6.3
M104;28/07/2026;Final;P00690;Karim Fernandez;Netherlands;France;FWD;23;FALSE;21;0;0;89.9;0;0;0;6.2
M104;28/07/2026;Final;P00679;Emre Wagner;Netherlands;France;MID;26;FALSE;26;0;0;83.6;1;1;0;6.1
M104;28/07/2026;Final;P00684;Julian Dubois;Netherlands;France;MID;27;FALSE;9;0;0;81.7;0;1;0;6.2
M104;28/07/2026;Final;P00682;Jonas Sato;Netherlands;France;MID;21;FALSE;28;1;0;90.2;1;0;0;7.6
M104;28/07/2026;Final;P00672;Yusuf Nkomo;Netherlands;France;DEF;26;FALSE;11;0;0;83.8;1;1;0;6.1
M104;28/07/2026;Final;P00680;Jonas Garcia;Netherlands;France;MID;27;FALSE;21;0;0;76.6;0;0;0;5.4
M104;28/07/2026;Final;P00675;Ali Mensah;Netherlands;France;DEF;25;FALSE;17;0;1;80.4;1;0;0;6.8
